arm,seed,gen,best_ppf,sigma,best_fitness,h_sens_pop,div,stag,n_al
E_combined,42,1,1.8460997343063354,0.05541129782795906,,2.123388361255689,1.0,1,24
E_combined,42,2,1.829964280128479,0.057329826056957245,,2.141317285239322,1.0,0,48
E_combined,42,3,1.829964280128479,0.057329826056957245,,2.1390302635250036,1.0,1,50
E_combined,42,4,1.829964280128479,0.057329826056957245,,2.140051302753823,1.0,2,50
E_combined,42,5,1.829964280128479,0.057329826056957245,,2.1445485529130845,1.0,3,50
E_combined,42,6,1.7874852418899536,0.06939645856618881,,2.1482006262660978,1.0,0,50
E_combined,42,7,1.7874852418899536,0.06939645856618881,,2.135244294440115,1.0,1,50
E_combined,42,8,1.7874852418899536,0.06939645856618881,,2.148089300108241,1.0,2,50
E_combined,42,9,1.7874852418899536,0.06939645856618881,,2.1478722379872135,1.0,3,50
E_combined,42,10,1.7874852418899536,0.06939645856618881,,2.142161140068028,1.0,4,50
E_combined,42,11,1.7874852418899536,0.06939645856618881,,2.144011014315285,1.0,5,50
E_combined,42,12,1.7874852418899536,0.06939645856618881,,2.139108450017622,1.0,6,50
E_combined,42,13,1.7874852418899536,0.06939645856618881,,2.1438594733363336,1.0,7,50
E_combined,42,14,1.7874852418899536,0.06939645856618881,,2.1413362699180296,1.0,8,50
E_combined,42,15,1.7874852418899536,0.06939645856618881,,2.153404963771703,1.0,9,50
E_combined,42,16,1.7874852418899536,0.06939645856618881,,2.148152034766836,1.0,10,50
E_combined,42,17,1.7874852418899536,0.06939645856618881,,2.142608339613792,1.0,11,50
E_combined,42,18,1.7874852418899536,0.06939645856618881,,2.146840319128282,1.0,12,50
E_combined,42,19,1.7874852418899536,0.06939645856618881,,2.1486444193472383,1.0,13,50
E_combined,42,20,1.7874852418899536,0.06939645856618881,,2.1510824972299,1.0,14,50
E_combined,42,21,1.7874852418899536,0.06939645856618881,,2.1512548955672783,1.0,15,50
E_combined,42,22,1.7874852418899536,0.06939645856618881,,2.1466301277901567,1.0,16,50
E_combined,42,23,1.7874852418899536,0.06939645856618881,,2.1486433980431645,1.0,17,50
E_combined,42,24,1.7874852418899536,0.06939645856618881,,2.145102870583339,1.0,18,50
E_combined,42,25,1.7874852418899536,0.06939645856618881,,2.1406719530274914,1.0,19,50
E_combined,42,26,1.7874852418899536,0.06939645856618881,,2.1497619926277163,1.0,0,50
E_combined,42,27,1.7874852418899536,0.06939645856618881,,2.149058709880297,1.0,1,50
E_combined,42,28,1.7874852418899536,0.06939645856618881,,2.142462459300296,1.0,2,50
E_combined,42,29,1.7874852418899536,0.06939645856618881,,2.135717699413592,1.0,3,50
E_combined,42,30,1.7874852418899536,0.06939645856618881,,2.1493997799511293,1.0,4,50
E_combined,42,31,1.7874852418899536,0.06939645856618881,,2.141873568985235,1.0,5,50
E_combined,42,32,1.7874852418899536,0.06939645856618881,,2.1395301704754357,1.0,6,50
E_combined,42,33,1.7874852418899536,0.06939645856618881,,2.149827898044832,1.0,7,50
E_combined,42,34,1.7874852418899536,0.06939645856618881,,2.145917303859629,1.0,8,50
E_combined,42,35,1.7874852418899536,0.06939645856618881,,2.145772501812628,1.0,9,50
E_combined,42,36,1.7874852418899536,0.06939645856618881,,2.1437065710023995,1.0,10,50
E_combined,42,37,1.7874852418899536,0.06939645856618881,,2.142454184431135,1.0,11,50
E_combined,42,38,1.7874852418899536,0.06939645856618881,,2.1399993537647726,1.0,12,50
E_combined,42,39,1.7874852418899536,0.06939645856618881,,2.148890782034023,1.0,13,50
E_combined,42,40,1.7874852418899536,0.06939645856618881,,2.1422782556728817,1.0,14,50
E_combined,42,41,1.7874852418899536,0.06939645856618881,,2.152226789362988,1.0,15,50
E_combined,42,42,1.7874852418899536,0.06939645856618881,,2.1412175727699276,1.0,16,50
E_combined,42,43,1.7874852418899536,0.06939645856618881,,2.1497534841492882,1.0,17,50
E_combined,42,44,1.7874852418899536,0.06939645856618881,,2.1525674565640256,1.0,18,50
E_combined,42,45,1.7874852418899536,0.06939645856618881,,2.1533583529062366,1.0,19,50
E_combined,42,46,1.7874852418899536,0.06939645856618881,,2.1446236634195275,1.0,0,50
E_combined,42,47,1.7874852418899536,0.06939645856618881,,2.149217316468561,1.0,1,50
E_combined,42,48,1.7874852418899536,0.06939645856618881,,2.134736071940021,1.0,2,50
E_combined,42,49,1.7874852418899536,0.06939645856618881,,2.1442319265413636,1.0,3,50
E_combined,42,50,1.7874852418899536,0.06939645856618881,,2.144749962264767,1.0,4,50
E_combined,42,51,1.7874852418899536,0.06939645856618881,,2.1455305584996966,1.0,5,50
E_combined,42,52,1.7874852418899536,0.06939645856618881,,2.1409836571554637,1.0,6,50
E_combined,42,53,1.7874852418899536,0.06939645856618881,,2.146633290324383,1.0,7,50
E_combined,42,54,1.7874852418899536,0.06939645856618881,,2.1422924356970676,1.0,8,50
E_combined,42,55,1.7874852418899536,0.06939645856618881,,2.151007966609822,1.0,9,50
E_combined,42,56,1.7874852418899536,0.06939645856618881,,2.150238017282197,1.0,10,50
E_combined,42,57,1.7874852418899536,0.06939645856618881,,2.13819962829133,1.0,11,50
E_combined,42,58,1.7874852418899536,0.06939645856618881,,2.1496702142055706,1.0,12,50
E_combined,42,59,1.7874852418899536,0.06939645856618881,,2.1465895450329744,1.0,13,50
E_combined,42,60,1.7874852418899536,0.06939645856618881,,2.139940983970135,1.0,14,50
E_combined,42,61,1.7874852418899536,0.06939645856618881,,2.1365437160307486,1.0,15,50
E_combined,42,62,1.7874852418899536,0.06939645856618881,,2.1468810987009674,1.0,16,50
E_combined,42,63,1.7874852418899536,0.06939645856618881,,2.146797157586399,1.0,17,50
E_combined,42,64,1.7874852418899536,0.06939645856618881,,2.1423611441511428,1.0,18,50
E_combined,42,65,1.7874852418899536,0.06939645856618881,,2.1433985443602834,1.0,19,50
E_combined,42,66,1.7874852418899536,0.06939645856618881,,2.1444548938007775,1.0,0,50
E_combined,42,67,1.7874852418899536,0.06939645856618881,,2.1453113587820467,1.0,1,50
E_combined,42,68,1.7874852418899536,0.06939645856618881,,2.1398697368206254,1.0,2,50
E_combined,42,69,1.7874852418899536,0.06939645856618881,,2.149945453246208,1.0,3,50
E_combined,42,70,1.7874852418899536,0.06939645856618881,,2.1405453364894313,1.0,4,50
E_combined,42,71,1.7874852418899536,0.06939645856618881,,2.148171496332647,1.0,5,50
E_combined,42,72,1.7874852418899536,0.06939645856618881,,2.1438286134361686,1.0,6,50
E_combined,42,73,1.7874852418899536,0.06939645856618881,,2.1430552141307087,1.0,7,50
E_combined,42,74,1.7874852418899536,0.06939645856618881,,2.1454822329917635,1.0,8,50
E_combined,42,75,1.7874852418899536,0.06939645856618881,,2.147389576699835,1.0,9,50
E_combined,42,76,1.7874852418899536,0.06939645856618881,,2.1474125161994695,1.0,10,50
E_combined,42,77,1.7874852418899536,0.06939645856618881,,2.142012783176061,1.0,11,50
E_combined,42,78,1.7874852418899536,0.06939645856618881,,2.152367461298345,1.0,12,50
E_combined,42,79,1.7874852418899536,0.06939645856618881,,2.1467902590611962,1.0,13,50
E_combined,42,80,1.7874852418899536,0.06939645856618881,,2.130622300722236,1.0,14,50
E_combined,42,81,1.7874852418899536,0.06939645856618881,,2.1491634677079325,1.0,15,50
E_combined,42,82,1.7874852418899536,0.06939645856618881,,2.1430689696836556,1.0,16,50
E_combined,42,83,1.7874852418899536,0.06939645856618881,,2.1367025746194894,1.0,17,50
E_combined,42,84,1.7874852418899536,0.06939645856618881,,2.1443893160017353,1.0,18,50
E_combined,42,85,1.7874852418899536,0.06939645856618881,,2.142700374904818,1.0,19,50
E_combined,42,86,1.7874852418899536,0.06939645856618881,,2.140131109923483,1.0,0,50
E_combined,42,87,1.7874852418899536,0.06939645856618881,,2.1375344131038987,1.0,1,50
E_combined,42,88,1.7874852418899536,0.06939645856618881,,2.143921923762372,1.0,2,50
E_combined,42,89,1.7874852418899536,0.06939645856618881,,2.1445810569997863,1.0,3,50
E_combined,42,90,1.7874852418899536,0.06939645856618881,,2.136012640514519,1.0,4,50
E_combined,42,91,1.7874852418899536,0.06939645856618881,,2.137209215763991,1.0,5,50
E_combined,42,92,1.7874852418899536,0.06939645856618881,,2.135636199556754,1.0,6,50
E_combined,42,93,1.7874852418899536,0.06939645856618881,,2.150497389035781,1.0,7,50
E_combined,42,94,1.7874852418899536,0.06939645856618881,,2.149066689189018,1.0,8,50
E_combined,42,95,1.7874852418899536,0.06939645856618881,,2.1395223269672017,1.0,9,50
E_combined,42,96,1.7874852418899536,0.06939645856618881,,2.1427030341134556,1.0,10,50
E_combined,42,97,1.7874852418899536,0.06939645856618881,,2.1417970318001416,1.0,11,50
E_combined,42,98,1.7874852418899536,0.06939645856618881,,2.144452320156154,1.0,12,50
E_combined,42,99,1.7874852418899536,0.06939645856618881,,2.1206683819140872,1.0,13,50
E_combined,42,100,1.7874852418899536,0.06939645856618881,,2.1459454820122486,1.0,14,50
E_combined,42,101,1.7874852418899536,0.06939645856618881,,2.1477620806757205,1.0,15,50
E_combined,42,102,1.7874852418899536,0.06939645856618881,,2.14401446178291,1.0,16,50
E_combined,42,103,1.7874852418899536,0.06939645856618881,,2.1526174240515674,1.0,17,50
E_combined,42,104,1.7874852418899536,0.06939645856618881,,2.1436963341126334,1.0,18,50
E_combined,42,105,1.7874852418899536,0.06939645856618881,,2.138271949087763,1.0,19,50
E_combined,42,106,1.7874852418899536,0.06939645856618881,,2.140830902093245,1.0,0,50
E_combined,42,107,1.7874852418899536,0.06939645856618881,,2.139668345073969,1.0,1,50
E_combined,42,108,1.7874852418899536,0.06939645856618881,,2.1416789697425584,1.0,2,50
E_combined,42,109,1.7874852418899536,0.06939645856618881,,2.1395331100952646,1.0,3,50
E_combined,42,110,1.7874852418899536,0.06939645856618881,,2.1359945678243117,1.0,4,50
E_combined,42,111,1.7874852418899536,0.06939645856618881,,2.147178359672336,1.0,5,50
E_combined,42,112,1.7874852418899536,0.06939645856618881,,2.1390215906896195,1.0,6,50
E_combined,42,113,1.7874852418899536,0.06939645856618881,,2.140389943683506,1.0,7,50
E_combined,42,114,1.7874852418899536,0.06939645856618881,,2.138599363397631,1.0,8,50
E_combined,42,115,1.7874852418899536,0.06939645856618881,,2.1343362914028328,1.0,9,50
E_combined,42,116,1.7874852418899536,0.06939645856618881,,2.135717315813362,1.0,10,50
E_combined,42,117,1.7874852418899536,0.06939645856618881,,2.1373204141729567,1.0,11,50
E_combined,42,118,1.7874852418899536,0.06939645856618881,,2.1449065633809665,1.0,12,50
E_combined,42,119,1.7874852418899536,0.06939645856618881,,2.137801586837315,1.0,13,50
E_combined,42,120,1.7874852418899536,0.06939645856618881,,2.1233355189349963,1.0,14,50
E_combined,42,121,1.7874852418899536,0.06939645856618881,,2.136156772272921,1.0,15,50
E_combined,42,122,1.7874852418899536,0.06939645856618881,,2.141408141577681,1.0,16,50
E_combined,42,123,1.7874852418899536,0.06939645856618881,,2.1309484564194348,1.0,17,50
E_combined,42,124,1.7874852418899536,0.06939645856618881,,2.137528963418144,1.0,18,50
E_combined,42,125,1.7874852418899536,0.06939645856618881,,2.1356804961678733,1.0,19,50
E_combined,42,126,1.7874852418899536,0.06939645856618881,,2.135666478462434,1.0,0,50
E_combined,42,127,1.7874852418899536,0.06939645856618881,,2.12797709068498,1.0,1,50
E_combined,42,128,1.7874852418899536,0.06939645856618881,,2.129896429472641,1.0,2,50
E_combined,42,129,1.7874852418899536,0.06939645856618881,,2.130115666840087,1.0,3,50
E_combined,42,130,1.7874852418899536,0.06939645856618881,,2.1224386484066446,1.0,4,50
E_combined,42,131,1.7874852418899536,0.06939645856618881,,2.133208081685765,1.0,5,50
E_combined,42,132,1.7874852418899536,0.06939645856618881,,2.134037609780286,1.0,6,50
E_combined,42,133,1.7874852418899536,0.06939645856618881,,2.1297464655419542,1.0,7,50
E_combined,42,134,1.7874852418899536,0.06939645856618881,,2.1174374049779203,1.0,8,50
E_combined,42,135,1.7874852418899536,0.06939645856618881,,2.1290958087337657,1.0,9,50
E_combined,42,136,1.7874852418899536,0.06939645856618881,,2.126036147588822,1.0,10,50
E_combined,42,137,1.7874852418899536,0.06939645856618881,,2.132174232946617,1.0,11,50
E_combined,42,138,1.7874852418899536,0.06939645856618881,,2.128331375133611,1.0,12,50
E_combined,42,139,1.7874852418899536,0.06939645856618881,,2.1278270177075487,1.0,13,50
E_combined,42,140,1.7874852418899536,0.06939645856618881,,2.1221704039136906,1.0,14,50
E_combined,42,141,1.7874852418899536,0.06939645856618881,,2.1292180668606586,1.0,15,50
E_combined,42,142,1.7874852418899536,0.06939645856618881,,2.1199575871918097,1.0,16,50
E_combined,42,143,1.7874852418899536,0.06939645856618881,,2.1306789107373705,1.0,17,50
E_combined,42,144,1.7874852418899536,0.06939645856618881,,2.129318625303138,1.0,18,50
E_combined,42,145,1.7874852418899536,0.06939645856618881,,2.115870368376986,1.0,19,50
E_combined,42,146,1.7874852418899536,0.06939645856618881,,2.127843985928586,1.0,0,50
E_combined,42,147,1.7874852418899536,0.06939645856618881,,2.1382108840914245,1.0,1,50
E_combined,42,148,1.7874852418899536,0.06939645856618881,,2.127474858573573,1.0,2,50
E_combined,42,149,1.7874852418899536,0.06939645856618881,,2.1170066361833784,1.0,3,50
E_combined,42,150,1.7874852418899536,0.06939645856618881,,2.128863474539412,1.0,4,50
E_combined,42,151,1.7874852418899536,0.06939645856618881,,2.1235137266258395,1.0,5,50
E_combined,42,152,1.7874852418899536,0.06939645856618881,,2.1258144463418653,1.0,6,50
E_combined,42,153,1.7874852418899536,0.06939645856618881,,2.133745022174552,1.0,7,50
E_combined,42,154,1.7874852418899536,0.06939645856618881,,2.112262405229686,1.0,8,50
E_combined,42,155,1.7874852418899536,0.06939645856618881,,2.110496198676078,1.0,9,50
E_combined,42,156,1.7874852418899536,0.06939645856618881,,2.109545306259818,1.0,10,50
E_combined,42,157,1.7874852418899536,0.06939645856618881,,2.0988236540397534,1.0,11,50
E_combined,42,158,1.7874852418899536,0.06939645856618881,,2.099302091118716,1.0,12,50
E_combined,42,159,1.7874852418899536,0.06939645856618881,,2.1190120968367827,1.0,13,50
E_combined,42,160,1.7874852418899536,0.06939645856618881,,2.1112928872108014,1.0,14,50
E_combined,42,161,1.7764924764633179,0.05329527705907822,,2.1154554654905047,1.0,0,50
E_combined,42,162,1.7764924764633179,0.05329527705907822,,2.1240016364714824,1.0,1,50
E_combined,42,163,1.7764924764633179,0.05329527705907822,,2.118095768402414,1.0,2,50
E_combined,42,164,1.7764924764633179,0.05329527705907822,,2.1116490214559835,1.0,3,50
E_combined,42,165,1.7764924764633179,0.05329527705907822,,2.109041759337137,1.0,4,50
E_combined,42,166,1.7764924764633179,0.05329527705907822,,2.1106450146479947,1.0,5,50
E_combined,42,167,1.7764924764633179,0.05329527705907822,,2.1080322853312574,1.0,6,50
E_combined,42,168,1.7764924764633179,0.05329527705907822,,2.113026537777413,1.0,7,50
E_combined,42,169,1.7764924764633179,0.05329527705907822,,2.0982437228491855,1.0,8,50
E_combined,42,170,1.7764924764633179,0.05329527705907822,,2.097172040578568,1.0,9,50
E_combined,42,171,1.7764924764633179,0.05329527705907822,,2.108149043478694,1.0,10,50
E_combined,42,172,1.7764924764633179,0.05329527705907822,,2.1146447557863564,1.0,11,50
E_combined,42,173,1.7764924764633179,0.05329527705907822,,2.104107872609345,1.0,12,50
E_combined,42,174,1.7764924764633179,0.05329527705907822,,2.1099573011343224,1.0,13,50
E_combined,42,175,1.7764924764633179,0.05329527705907822,,2.105116767343965,1.0,14,50
E_combined,42,176,1.7764924764633179,0.05329527705907822,,2.11762130007692,1.0,15,50
E_combined,42,177,1.7764924764633179,0.05329527705907822,,2.093831713828497,1.0,16,50
E_combined,42,178,1.7764924764633179,0.05329527705907822,,2.1019460228265,1.0,17,50
E_combined,42,179,1.7764924764633179,0.05329527705907822,,2.1036084866716984,1.0,18,50
E_combined,42,180,1.7764924764633179,0.05329527705907822,,2.105095434074084,1.0,19,50
E_combined,42,181,1.7764924764633179,0.05329527705907822,,2.1119696291242884,1.0,0,50
E_combined,42,182,1.7764924764633179,0.05329527705907822,,2.087168363108662,1.0,1,50
E_combined,42,183,1.7764924764633179,0.05329527705907822,,2.0988808311092444,1.0,2,50
E_combined,42,184,1.7764924764633179,0.05329527705907822,,2.097612041138267,1.0,3,50
E_combined,42,185,1.7764924764633179,0.05329527705907822,,2.105589488946204,1.0,4,50
E_combined,42,186,1.7764924764633179,0.05329527705907822,,2.0949202867271124,1.0,5,50
E_combined,42,187,1.7764924764633179,0.05329527705907822,,2.105135853266779,1.0,6,50
E_combined,42,188,1.7764924764633179,0.05329527705907822,,2.109659281922047,1.0,7,50
E_combined,42,189,1.7764924764633179,0.05329527705907822,,2.0942910572926294,1.0,8,50
E_combined,42,190,1.7764924764633179,0.05329527705907822,,2.0895875933456556,1.0,9,50
E_combined,42,191,1.7764924764633179,0.05329527705907822,,2.0900307443846806,1.0,10,50
E_combined,42,192,1.7764924764633179,0.05329527705907822,,2.089427510897984,1.0,11,50
E_combined,42,193,1.7764924764633179,0.05329527705907822,,2.0903206900936504,1.0,12,50
E_combined,42,194,1.7764924764633179,0.05329527705907822,,2.081292888369672,1.0,13,50
E_combined,42,195,1.7764924764633179,0.05329527705907822,,2.089539428611156,1.0,14,50
E_combined,42,196,1.7764924764633179,0.05329527705907822,,2.0872291079608765,1.0,15,50
E_combined,42,197,1.7764924764633179,0.05329527705907822,,2.0897300828702154,1.0,16,50
E_combined,42,198,1.7764924764633179,0.05329527705907822,,2.087899894637602,1.0,17,50
E_combined,42,199,1.7764924764633179,0.05329527705907822,,2.0768560654976955,1.0,18,50
E_combined,42,200,1.7764924764633179,0.05329527705907822,,2.0829915617139854,1.0,19,50
E_combined,42,201,1.7764924764633179,0.05329527705907822,,2.0966819439433424,1.0,0,50
E_combined,42,202,1.7764924764633179,0.05329527705907822,,2.0841538030354734,1.0,1,50
E_combined,42,203,1.7764924764633179,0.05329527705907822,,2.07737714896723,1.0,2,50
E_combined,42,204,1.7764924764633179,0.05329527705907822,,2.0637269398967484,1.0,3,50
E_combined,42,205,1.7764924764633179,0.05329527705907822,,2.083412518665652,1.0,4,50
E_combined,42,206,1.7764924764633179,0.05329527705907822,,2.0637421090566277,1.0,5,50
E_combined,42,207,1.7764924764633179,0.05329527705907822,,2.0718849774542183,1.0,6,50
E_combined,42,208,1.7764924764633179,0.05329527705907822,,2.0732515850414366,1.0,7,50
E_combined,42,209,1.7764924764633179,0.05329527705907822,,2.067009955157642,1.0,8,50
E_combined,42,210,1.7764924764633179,0.05329527705907822,,2.0831168061785736,1.0,9,50
E_combined,42,211,1.7764924764633179,0.05329527705907822,,2.069662025725005,1.0,10,50
E_combined,42,212,1.7764924764633179,0.05329527705907822,,2.0864593816962196,1.0,11,50
E_combined,42,213,1.7764924764633179,0.05329527705907822,,2.0698520627137795,1.0,12,50
E_combined,42,214,1.7764924764633179,0.05329527705907822,,2.058543726839077,1.0,13,50
E_combined,42,215,1.7764924764633179,0.05329527705907822,,2.0596831968783254,1.0,14,50
E_combined,42,216,1.7764924764633179,0.05329527705907822,,2.0534836008248174,1.0,15,50
E_combined,42,217,1.7764924764633179,0.05329527705907822,,2.053677351495595,1.0,16,50
E_combined,42,218,1.7764924764633179,0.05329527705907822,,2.064848152385203,1.0,17,50
E_combined,42,219,1.7764924764633179,0.05329527705907822,,2.052686373457733,1.0,18,50
E_combined,42,220,1.7764924764633179,0.05329527705907822,,2.047605526647888,1.0,19,50
E_combined,42,221,1.7764924764633179,0.05329527705907822,,2.0749433121448138,1.0,0,50
E_combined,42,222,1.7764924764633179,0.05329527705907822,,2.066331788457286,1.0,1,50
E_combined,42,223,1.7764924764633179,0.05329527705907822,,2.0531930032419936,1.0,2,50
E_combined,42,224,1.7764924764633179,0.05329527705907822,,2.0403043390022284,1.0,3,50
E_combined,42,225,1.7764924764633179,0.05329527705907822,,2.0364646663069204,1.0,4,50
E_combined,42,226,1.7764924764633179,0.05329527705907822,,2.0386399304106217,1.0,5,50
E_combined,42,227,1.7764924764633179,0.05329527705907822,,2.0291593414196756,1.0,6,50
E_combined,42,228,1.7764924764633179,0.05329527705907822,,2.0292065194519995,1.0,7,50
E_combined,42,229,1.7764924764633179,0.05329527705907822,,2.0357796083538178,1.0,8,50
E_combined,42,230,1.7764924764633179,0.05329527705907822,,2.0376550207595594,1.0,9,50
E_combined,42,231,1.7764924764633179,0.05329527705907822,,2.0297444891173155,1.0,10,50
E_combined,42,232,1.7764924764633179,0.05329527705907822,,2.0555191688264487,1.0,11,50
E_combined,42,233,1.7764924764633179,0.05329527705907822,,2.0343997305002888,1.0,12,50
E_combined,42,234,1.7764924764633179,0.05329527705907822,,2.04366918862601,1.0,13,50
E_combined,42,235,1.7764924764633179,0.05329527705907822,,2.0513541511149387,1.0,14,50
E_combined,42,236,1.7764924764633179,0.05329527705907822,,2.040670091163386,1.0,15,50
E_combined,42,237,1.7764924764633179,0.05329527705907822,,2.0424925462760486,1.0,16,50
E_combined,42,238,1.7764924764633179,0.05329527705907822,,2.0249377081313167,1.0,17,50
E_combined,42,239,1.7764924764633179,0.05329527705907822,,2.0203820758715256,1.0,18,50
E_combined,42,240,1.7764924764633179,0.05329527705907822,,1.9960458815789577,1.0,19,50
E_combined,42,241,1.7764924764633179,0.05329527705907822,,2.0521880937116004,1.0,0,50
E_combined,42,242,1.7764924764633179,0.05329527705907822,,2.0274199254509973,1.0,1,50
E_combined,42,243,1.7764924764633179,0.05329527705907822,,2.035253277558989,1.0,2,50
E_combined,42,244,1.7764924764633179,0.05329527705907822,,2.0166542377065904,1.0,3,50
E_combined,42,245,1.7764924764633179,0.05329527705907822,,1.992125609447765,1.0,4,50
E_combined,42,246,1.7764924764633179,0.05329527705907822,,2.0030721674520597,1.0,5,50
E_combined,42,247,1.7764924764633179,0.05329527705907822,,2.00717059938384,1.0,6,50
E_combined,42,248,1.7764924764633179,0.05329527705907822,,2.001528352279801,1.0,7,50
E_combined,42,249,1.7764924764633179,0.05329527705907822,,1.9999393763797821,1.0,8,50
E_combined,42,250,1.7764924764633179,0.05329527705907822,,1.971582331064013,1.0,9,50
E_combined,137,1,1.8230841159820557,0.04741574078798294,,2.12670043791616,1.0,0,22
E_combined,137,2,1.8230841159820557,0.04741574078798294,,2.146388150141223,1.0,1,45
E_combined,137,3,1.8230841159820557,0.04741574078798294,,2.1491776562700053,1.0,2,50
E_combined,137,4,1.8230841159820557,0.04741574078798294,,2.140036151552003,1.0,3,50
E_combined,137,5,1.8230841159820557,0.04741574078798294,,2.1454049143094718,1.0,4,50
E_combined,137,6,1.8230841159820557,0.04741574078798294,,2.1452272842785973,1.0,5,50
E_combined,137,7,1.8230841159820557,0.04741574078798294,,2.1467088795252343,1.0,6,50
E_combined,137,8,1.8230841159820557,0.04741574078798294,,2.140800831611625,1.0,7,50
E_combined,137,9,1.8230841159820557,0.04741574078798294,,2.1381062833636775,1.0,8,50
E_combined,137,10,1.8230841159820557,0.04741574078798294,,2.1495856877315407,1.0,9,50
E_combined,137,11,1.8230841159820557,0.04741574078798294,,2.151326978830229,1.0,10,50
E_combined,137,12,1.7503165006637573,0.05735629051923752,,2.1467743829272004,1.0,0,50
E_combined,137,13,1.7503165006637573,0.05735629051923752,,2.1459915605265656,1.0,1,50
E_combined,137,14,1.7503165006637573,0.05735629051923752,,2.1397078487302825,1.0,2,50
E_combined,137,15,1.7503165006637573,0.05735629051923752,,2.142781827692007,1.0,3,50
E_combined,137,16,1.7503165006637573,0.05735629051923752,,2.1502986695615456,1.0,4,50
E_combined,137,17,1.7503165006637573,0.05735629051923752,,2.14959771357875,1.0,5,50
E_combined,137,18,1.7503165006637573,0.05735629051923752,,2.149756213401286,1.0,6,50
E_combined,137,19,1.7503165006637573,0.05735629051923752,,2.145495619135972,1.0,7,50
E_combined,137,20,1.7503165006637573,0.05735629051923752,,2.139776847475291,1.0,8,50
E_combined,137,21,1.7503165006637573,0.05735629051923752,,2.143640809449689,1.0,9,50
E_combined,137,22,1.7503165006637573,0.05735629051923752,,2.1418505741404696,1.0,10,50
E_combined,137,23,1.7503165006637573,0.05735629051923752,,2.14938961696966,1.0,11,50
E_combined,137,24,1.7503165006637573,0.05735629051923752,,2.1522842005335505,1.0,12,50
E_combined,137,25,1.7503165006637573,0.05735629051923752,,2.1444982968311366,1.0,13,50
E_combined,137,26,1.7503165006637573,0.05735629051923752,,2.142222133132357,1.0,14,50
E_combined,137,27,1.7503165006637573,0.05735629051923752,,2.1528051781639927,1.0,15,50
E_combined,137,28,1.7503165006637573,0.05735629051923752,,2.146012539829139,1.0,16,50
E_combined,137,29,1.7503165006637573,0.05735629051923752,,2.149131720494505,1.0,17,50
E_combined,137,30,1.7503165006637573,0.05735629051923752,,2.1508273010339427,1.0,18,50
E_combined,137,31,1.7503165006637573,0.05735629051923752,,2.146965542283282,1.0,19,50
E_combined,137,32,1.7503165006637573,0.05735629051923752,,2.1390802247702467,1.0,0,50
E_combined,137,33,1.7503165006637573,0.05735629051923752,,2.133581291312165,1.0,1,50
E_combined,137,34,1.7503165006637573,0.05735629051923752,,2.1486826470045677,1.0,2,50
E_combined,137,35,1.7503165006637573,0.05735629051923752,,2.1402222392402166,1.0,3,50
E_combined,137,36,1.7503165006637573,0.05735629051923752,,2.1454933814243238,1.0,4,50
E_combined,137,37,1.7503165006637573,0.05735629051923752,,2.1461107468177856,1.0,5,50
E_combined,137,38,1.7503165006637573,0.05735629051923752,,2.145017777514994,1.0,6,50
E_combined,137,39,1.7503165006637573,0.05735629051923752,,2.1381440872542776,1.0,7,50
E_combined,137,40,1.7503165006637573,0.05735629051923752,,2.147408762797145,1.0,8,50
E_combined,137,41,1.7503165006637573,0.05735629051923752,,2.1405666826114444,1.0,9,50
E_combined,137,42,1.7503165006637573,0.05735629051923752,,2.140519222660226,1.0,10,50
E_combined,137,43,1.7503165006637573,0.05735629051923752,,2.1439135147154573,1.0,11,50
E_combined,137,44,1.7503165006637573,0.05735629051923752,,2.1500985137309447,1.0,12,50
E_combined,137,45,1.7503165006637573,0.05735629051923752,,2.141658465943782,1.0,13,50
E_combined,137,46,1.7503165006637573,0.05735629051923752,,2.143898057723473,1.0,14,50
E_combined,137,47,1.7503165006637573,0.05735629051923752,,2.147648479530107,1.0,15,50
E_combined,137,48,1.7503165006637573,0.05735629051923752,,2.1432410033346616,1.0,16,50
E_combined,137,49,1.7503165006637573,0.05735629051923752,,2.144526776351216,1.0,17,50
E_combined,137,50,1.7503165006637573,0.05735629051923752,,2.1492401022649994,1.0,18,50
E_combined,137,51,1.7503165006637573,0.05735629051923752,,2.149813154942665,1.0,19,50
E_combined,137,52,1.7503165006637573,0.05735629051923752,,2.144201100312405,1.0,0,50
E_combined,137,53,1.7503165006637573,0.05735629051923752,,2.1489284093435663,1.0,1,50
E_combined,137,54,1.7503165006637573,0.05735629051923752,,2.133632000044609,1.0,2,50
E_combined,137,55,1.7503165006637573,0.05735629051923752,,2.145612919381071,1.0,3,50
E_combined,137,56,1.7503165006637573,0.05735629051923752,,2.145709799972615,1.0,4,50
E_combined,137,57,1.7503165006637573,0.05735629051923752,,2.1409202425822125,1.0,5,50
E_combined,137,58,1.7503165006637573,0.05735629051923752,,2.143008074699601,1.0,6,50
E_combined,137,59,1.7503165006637573,0.05735629051923752,,2.1447313125576626,1.0,7,50
E_combined,137,60,1.7503165006637573,0.05735629051923752,,2.1357247143158675,1.0,8,50
E_combined,137,61,1.7503165006637573,0.05735629051923752,,2.1393230259530562,1.0,9,50
E_combined,137,62,1.7503165006637573,0.05735629051923752,,2.1338203867098966,1.0,10,50
E_combined,137,63,1.7503165006637573,0.05735629051923752,,2.1504860809629496,1.0,11,50
E_combined,137,64,1.7503165006637573,0.05735629051923752,,2.1448693529782794,1.0,12,50
E_combined,137,65,1.7503165006637573,0.05735629051923752,,2.1403395070121136,1.0,13,50
E_combined,137,66,1.7503165006637573,0.05735629051923752,,2.141049151992948,1.0,14,50
E_combined,137,67,1.7503165006637573,0.05735629051923752,,2.146337984305145,1.0,15,50
E_combined,137,68,1.7503165006637573,0.05735629051923752,,2.1477218202691115,1.0,16,50
E_combined,137,69,1.7503165006637573,0.05735629051923752,,2.1353924636501924,1.0,17,50
E_combined,137,70,1.7503165006637573,0.05735629051923752,,2.143220768902259,1.0,18,50
E_combined,137,71,1.7503165006637573,0.05735629051923752,,2.141148972900719,1.0,19,50
E_combined,137,72,1.7503165006637573,0.05735629051923752,,2.1410128210702952,1.0,0,50
E_combined,137,73,1.7503165006637573,0.05735629051923752,,2.1446856194062396,1.0,1,50
E_combined,137,74,1.7503165006637573,0.05735629051923752,,2.129929297266727,1.0,2,50
E_combined,137,75,1.7503165006637573,0.05735629051923752,,2.1428875896409694,1.0,3,50
E_combined,137,76,1.7503165006637573,0.05735629051923752,,2.1384640377972213,1.0,4,50
E_combined,137,77,1.7503165006637573,0.05735629051923752,,2.14049195909241,1.0,5,50
E_combined,137,78,1.7503165006637573,0.05735629051923752,,2.1451071239067105,1.0,6,50
E_combined,137,79,1.7503165006637573,0.05735629051923752,,2.1370622061258353,1.0,7,50
E_combined,137,80,1.7503165006637573,0.05735629051923752,,2.139347272023966,1.0,8,50
E_combined,137,81,1.7503165006637573,0.05735629051923752,,2.148075903345598,1.0,9,50
E_combined,137,82,1.7503165006637573,0.05735629051923752,,2.1448763289107444,1.0,10,50
E_combined,137,83,1.7503165006637573,0.05735629051923752,,2.1481301709063008,1.0,11,50
E_combined,137,84,1.7503165006637573,0.05735629051923752,,2.1447804215885284,1.0,12,50
E_combined,137,85,1.7503165006637573,0.05735629051923752,,2.1479184016392634,1.0,13,50
E_combined,137,86,1.7503165006637573,0.05735629051923752,,2.1513735089691646,1.0,14,50
E_combined,137,87,1.7503165006637573,0.05735629051923752,,2.1421274347207797,1.0,15,50
E_combined,137,88,1.7503165006637573,0.05735629051923752,,2.1492588321765207,1.0,16,50
E_combined,137,89,1.7503165006637573,0.05735629051923752,,2.1388509624409884,1.0,17,50
E_combined,137,90,1.7503165006637573,0.05735629051923752,,2.1478142259300403,1.0,18,50
E_combined,137,91,1.7503165006637573,0.05735629051923752,,2.1561067296662246,1.0,19,50
E_combined,137,92,1.7503165006637573,0.05735629051923752,,2.144216358825033,1.0,0,50
E_combined,137,93,1.7503165006637573,0.05735629051923752,,2.139106996182961,1.0,1,50
E_combined,137,94,1.7503165006637573,0.05735629051923752,,2.1404779758977415,1.0,2,50
E_combined,137,95,1.7503165006637573,0.05735629051923752,,2.138511035971876,1.0,3,50
E_combined,137,96,1.7503165006637573,0.05735629051923752,,2.1348512980201053,1.0,4,50
E_combined,137,97,1.7503165006637573,0.05735629051923752,,2.1400866384442443,1.0,5,50
E_combined,137,98,1.7503165006637573,0.05735629051923752,,2.1358855576985034,1.0,6,50
E_combined,137,99,1.7503165006637573,0.05735629051923752,,2.132151150209888,1.0,7,50
E_combined,137,100,1.7503165006637573,0.05735629051923752,,2.1433172384991646,1.0,8,50
E_combined,137,101,1.7503165006637573,0.05735629051923752,,2.132460784697143,1.0,9,50
E_combined,137,102,1.7503165006637573,0.05735629051923752,,2.1420248999981375,1.0,10,50
E_combined,137,103,1.7503165006637573,0.05735629051923752,,2.1414992171894593,1.0,11,50
E_combined,137,104,1.7503165006637573,0.05735629051923752,,2.1382613435630797,1.0,12,50
E_combined,137,105,1.7503165006637573,0.05735629051923752,,2.142715058603734,1.0,13,50
E_combined,137,106,1.7503165006637573,0.05735629051923752,,2.1396282870841112,1.0,14,50
E_combined,137,107,1.7503165006637573,0.05735629051923752,,2.144902518170518,1.0,15,50
E_combined,137,108,1.7503165006637573,0.05735629051923752,,2.1447491389453748,1.0,16,50
E_combined,137,109,1.7503165006637573,0.05735629051923752,,2.1366496403299653,1.0,17,50
E_combined,137,110,1.7503165006637573,0.05735629051923752,,2.1346987816725718,1.0,18,50
E_combined,137,111,1.7503165006637573,0.05735629051923752,,2.1477964633458,1.0,19,50
E_combined,137,112,1.7503165006637573,0.05735629051923752,,2.1346688125059723,1.0,0,50
E_combined,137,113,1.7503165006637573,0.05735629051923752,,2.137207596946887,1.0,1,50
E_combined,137,114,1.7503165006637573,0.05735629051923752,,2.1382027883935906,1.0,2,50
E_combined,137,115,1.7503165006637573,0.05735629051923752,,2.142811360539976,1.0,3,50
E_combined,137,116,1.7503165006637573,0.05735629051923752,,2.13920980335991,1.0,4,50
E_combined,137,117,1.7503165006637573,0.05735629051923752,,2.138822285848903,1.0,5,50
E_combined,137,118,1.7503165006637573,0.05735629051923752,,2.1470476159901284,1.0,6,50
E_combined,137,119,1.7503165006637573,0.05735629051923752,,2.1360552749199972,1.0,7,50
E_combined,137,120,1.7503165006637573,0.05735629051923752,,2.1398377633755237,1.0,8,50
E_combined,137,121,1.7503165006637573,0.05735629051923752,,2.146169763043993,1.0,9,50
E_combined,137,122,1.7503165006637573,0.05735629051923752,,2.133700249694139,1.0,10,50
E_combined,137,123,1.7397152185440063,0.06759939342737198,,2.1304126230478713,1.0,0,50
E_combined,137,124,1.7397152185440063,0.06759939342737198,,2.1235877703346575,1.0,1,50
E_combined,137,125,1.7397152185440063,0.06759939342737198,,2.1387947636596536,1.0,2,50
E_combined,137,126,1.7397152185440063,0.06759939342737198,,2.131488691065009,1.0,3,50
E_combined,137,127,1.7397152185440063,0.06759939342737198,,2.1185047445051004,1.0,4,50
E_combined,137,128,1.7397152185440063,0.06759939342737198,,2.123622970619803,1.0,5,50
E_combined,137,129,1.7397152185440063,0.06759939342737198,,2.125800277663414,1.0,6,50
E_combined,137,130,1.7397152185440063,0.06759939342737198,,2.136302348452762,1.0,7,50
E_combined,137,131,1.7397152185440063,0.06759939342737198,,2.118912588006456,1.0,8,50
E_combined,137,132,1.7397152185440063,0.06759939342737198,,2.1302352957370734,1.0,9,50
E_combined,137,133,1.7397152185440063,0.06759939342737198,,2.1347765074106975,1.0,10,50
E_combined,137,134,1.7397152185440063,0.06759939342737198,,2.1269533177551376,1.0,11,50
E_combined,137,135,1.7397152185440063,0.06759939342737198,,2.1313065976153,1.0,12,50
E_combined,137,136,1.7397152185440063,0.06759939342737198,,2.1317617206013884,1.0,13,50
E_combined,137,137,1.7397152185440063,0.06759939342737198,,2.1388743939133503,1.0,14,50
E_combined,137,138,1.7397152185440063,0.06759939342737198,,2.1238856588919846,1.0,15,50
E_combined,137,139,1.7397152185440063,0.06759939342737198,,2.1202073992449435,1.0,16,50
E_combined,137,140,1.7397152185440063,0.06759939342737198,,2.126882395573288,1.0,17,50
E_combined,137,141,1.7397152185440063,0.06759939342737198,,2.1217746789951324,1.0,18,50
E_combined,137,142,1.7397152185440063,0.06759939342737198,,2.128676906751093,1.0,19,50
E_combined,137,143,1.7397152185440063,0.06759939342737198,,2.1294009686866833,1.0,0,50
E_combined,137,144,1.7397152185440063,0.06759939342737198,,2.126874798450307,1.0,1,50
E_combined,137,145,1.7397152185440063,0.06759939342737198,,2.1244639165952623,1.0,2,50
E_combined,137,146,1.7397152185440063,0.06759939342737198,,2.130115889532728,1.0,3,50
E_combined,137,147,1.7397152185440063,0.06759939342737198,,2.1323042146231925,1.0,4,50
E_combined,137,148,1.7397152185440063,0.06759939342737198,,2.1285371979232877,1.0,5,50
E_combined,137,149,1.7397152185440063,0.06759939342737198,,2.133657256797292,1.0,6,50
E_combined,137,150,1.7397152185440063,0.06759939342737198,,2.1250786331528904,1.0,7,50
E_combined,137,151,1.7397152185440063,0.06759939342737198,,2.1280783683418463,1.0,8,50
E_combined,137,152,1.7397152185440063,0.06759939342737198,,2.120237915147135,1.0,9,50
E_combined,137,153,1.7397152185440063,0.06759939342737198,,2.1072902444900476,1.0,10,50
E_combined,137,154,1.7397152185440063,0.06759939342737198,,2.116485579472005,1.0,11,50
E_combined,137,155,1.7397152185440063,0.06759939342737198,,2.1163919966112004,1.0,12,50
E_combined,137,156,1.7397152185440063,0.06759939342737198,,2.1156496649900665,1.0,13,50
E_combined,137,157,1.7397152185440063,0.06759939342737198,,2.1224712432141786,1.0,14,50
E_combined,137,158,1.7397152185440063,0.06759939342737198,,2.123157911210186,1.0,15,50
E_combined,137,159,1.7397152185440063,0.06759939342737198,,2.122262232043883,1.0,16,50
E_combined,137,160,1.7397152185440063,0.06759939342737198,,2.1089726546517693,1.0,17,50
E_combined,137,161,1.7397152185440063,0.06759939342737198,,2.1074563194628935,1.0,18,50
E_combined,137,162,1.7397152185440063,0.06759939342737198,,2.1125797952059937,1.0,19,50
E_combined,137,163,1.7397152185440063,0.06759939342737198,,2.109086862181165,1.0,0,50
E_combined,137,164,1.7397152185440063,0.06759939342737198,,2.1231463785296705,1.0,1,50
E_combined,137,165,1.7397152185440063,0.06759939342737198,,2.1184301295517303,1.0,2,50
E_combined,137,166,1.7397152185440063,0.06759939342737198,,2.1091896072311016,1.0,3,50
E_combined,137,167,1.7397152185440063,0.06759939342737198,,2.1196767478404093,1.0,4,50
E_combined,137,168,1.7397152185440063,0.06759939342737198,,2.119357514472236,1.0,5,50
E_combined,137,169,1.7397152185440063,0.06759939342737198,,2.11231338155667,1.0,6,50
E_combined,137,170,1.7397152185440063,0.06759939342737198,,2.1258520998257975,1.0,7,50
E_combined,137,171,1.7397152185440063,0.06759939342737198,,2.1163031803305357,1.0,8,50
E_combined,137,172,1.7397152185440063,0.06759939342737198,,2.1137683410672445,1.0,9,50
E_combined,137,173,1.7397152185440063,0.06759939342737198,,2.103688415919185,1.0,10,50
E_combined,137,174,1.7397152185440063,0.06759939342737198,,2.0941985799666663,1.0,11,50
E_combined,137,175,1.7397152185440063,0.06759939342737198,,2.1106223144651874,1.0,12,50
E_combined,137,176,1.7397152185440063,0.06759939342737198,,2.1113887617571776,1.0,13,50
E_combined,137,177,1.7397152185440063,0.06759939342737198,,2.1079256824601895,1.0,14,50
E_combined,137,178,1.7397152185440063,0.06759939342737198,,2.1114212364662697,1.0,15,50
E_combined,137,179,1.7397152185440063,0.06759939342737198,,2.1106918542199113,1.0,16,50
E_combined,137,180,1.7397152185440063,0.06759939342737198,,2.108027584464213,1.0,17,50
E_combined,137,181,1.7397152185440063,0.06759939342737198,,2.1080654594855437,1.0,18,50
E_combined,137,182,1.7397152185440063,0.06759939342737198,,2.089839360161568,1.0,19,50
E_combined,137,183,1.7397152185440063,0.06759939342737198,,2.103505581262407,1.0,0,50
E_combined,137,184,1.7397152185440063,0.06759939342737198,,2.1010914304868997,1.0,1,50
E_combined,137,185,1.7397152185440063,0.06759939342737198,,2.0917444385779427,1.0,2,50
E_combined,137,186,1.7397152185440063,0.06759939342737198,,2.0818522645723196,1.0,3,50
E_combined,137,187,1.7397152185440063,0.06759939342737198,,2.0891834952616986,1.0,4,50
E_combined,137,188,1.7397152185440063,0.06759939342737198,,2.096635476680445,1.0,5,50
E_combined,137,189,1.7397152185440063,0.06759939342737198,,2.0939239284126514,1.0,6,50
E_combined,137,190,1.7397152185440063,0.06759939342737198,,2.0744830294984062,1.0,7,50
E_combined,137,191,1.7397152185440063,0.06759939342737198,,2.0824238465154403,1.0,8,50
E_combined,137,192,1.7397152185440063,0.06759939342737198,,2.090459465026094,1.0,9,50
E_combined,137,193,1.7397152185440063,0.06759939342737198,,2.0941188269744497,1.0,10,50
E_combined,137,194,1.7397152185440063,0.06759939342737198,,2.0839156040481646,1.0,11,50
E_combined,137,195,1.7397152185440063,0.06759939342737198,,2.073033405107473,1.0,12,50
E_combined,137,196,1.7397152185440063,0.06759939342737198,,2.0774273094123115,1.0,13,50
E_combined,137,197,1.7397152185440063,0.06759939342737198,,2.0773324015198162,1.0,14,50
E_combined,137,198,1.7397152185440063,0.06759939342737198,,2.080361845652536,1.0,15,50
E_combined,137,199,1.7397152185440063,0.06759939342737198,,2.0900623213454046,1.0,16,50
E_combined,137,200,1.7397152185440063,0.06759939342737198,,2.060952284756347,1.0,17,50
E_combined,137,201,1.7397152185440063,0.06759939342737198,,2.063980296239215,1.0,18,50
E_combined,137,202,1.7397152185440063,0.06759939342737198,,2.07474585013107,1.0,19,50
E_combined,137,203,1.7397152185440063,0.06759939342737198,,2.085784461945402,1.0,0,50
E_combined,137,204,1.7397152185440063,0.06759939342737198,,2.0898524317294065,1.0,1,50
E_combined,137,205,1.7397152185440063,0.06759939342737198,,2.0928856157142457,1.0,2,50
E_combined,137,206,1.7397152185440063,0.06759939342737198,,2.0818678902730237,1.0,3,50
E_combined,137,207,1.7397152185440063,0.06759939342737198,,2.0834644233120274,1.0,4,50
E_combined,137,208,1.7397152185440063,0.06759939342737198,,2.085813423813715,1.0,5,50
E_combined,137,209,1.7397152185440063,0.06759939342737198,,2.084064211214035,1.0,6,50
E_combined,137,210,1.7397152185440063,0.06759939342737198,,2.0654223695150136,1.0,7,50
E_combined,137,211,1.7397152185440063,0.06759939342737198,,2.068328635258269,1.0,8,50
E_combined,137,212,1.7397152185440063,0.06759939342737198,,2.0686850031218222,1.0,9,50
E_combined,137,213,1.7397152185440063,0.06759939342737198,,2.0652598234582444,1.0,10,50
E_combined,137,214,1.7397152185440063,0.06759939342737198,,2.07246308967084,1.0,11,50
E_combined,137,215,1.7397152185440063,0.06759939342737198,,2.064380997164112,1.0,12,50
E_combined,137,216,1.7397152185440063,0.06759939342737198,,2.0721596386512555,1.0,13,50
E_combined,137,217,1.7397152185440063,0.06759939342737198,,2.077317841601739,1.0,14,50
E_combined,137,218,1.7397152185440063,0.06759939342737198,,2.077694269341641,1.0,15,50
E_combined,137,219,1.7397152185440063,0.06759939342737198,,2.082705575276738,1.0,16,50
E_combined,137,220,1.7397152185440063,0.06759939342737198,,2.0702503092316418,1.0,17,50
E_combined,137,221,1.7397152185440063,0.06759939342737198,,2.0566345922141624,1.0,18,50
E_combined,137,222,1.7397152185440063,0.06759939342737198,,2.0575814613762677,1.0,19,50
E_combined,137,223,1.7397152185440063,0.06759939342737198,,2.0463110159480387,1.0,0,50
E_combined,137,224,1.7397152185440063,0.06759939342737198,,2.0601722510963083,1.0,1,50
E_combined,137,225,1.7397152185440063,0.06759939342737198,,2.0543250580683665,1.0,2,50
E_combined,137,226,1.7397152185440063,0.06759939342737198,,2.0341892009135405,1.0,3,50
E_combined,137,227,1.7397152185440063,0.06759939342737198,,2.021086270967297,1.0,4,50
E_combined,137,228,1.7397152185440063,0.06759939342737198,,2.012646260396654,1.0,5,50
E_combined,137,229,1.7397152185440063,0.06759939342737198,,1.994163431711039,1.0,6,50
E_combined,137,230,1.7397152185440063,0.06759939342737198,,1.9949556767065,1.0,7,50
E_combined,137,231,1.7397152185440063,0.06759939342737198,,1.9933927002021905,1.0,8,50
E_combined,137,232,1.7397152185440063,0.06759939342737198,,1.9875954470806485,1.0,9,50
E_combined,137,233,1.7397152185440063,0.06759939342737198,,1.9864857793102713,1.0,10,50
E_combined,137,234,1.7397152185440063,0.06759939342737198,,1.992335846234434,1.0,11,50
E_combined,137,235,1.7397152185440063,0.06759939342737198,,2.0094748893785193,1.0,12,50
E_combined,137,236,1.7397152185440063,0.06759939342737198,,2.0152219503194333,1.0,13,50
E_combined,137,237,1.7397152185440063,0.06759939342737198,,2.0047359279558514,1.0,14,50
E_combined,137,238,1.7397152185440063,0.06759939342737198,,2.0033342482601855,1.0,15,50
E_combined,137,239,1.7397152185440063,0.06759939342737198,,1.972418371080188,1.0,16,50
E_combined,137,240,1.7397152185440063,0.06759939342737198,,1.976167538631223,1.0,17,50
E_combined,137,241,1.7397152185440063,0.06759939342737198,,1.971064013902246,1.0,18,50
E_combined,137,242,1.7397152185440063,0.06759939342737198,,1.9686196504605946,1.0,19,50
E_combined,137,243,1.7397152185440063,0.06759939342737198,,1.97392232966574,1.0,0,50
E_combined,137,244,1.7397152185440063,0.06759939342737198,,1.9740374958333393,1.0,1,50
E_combined,137,245,1.7397152185440063,0.06759939342737198,,1.9828263758803164,1.0,2,50
E_combined,137,246,1.7397152185440063,0.06759939342737198,,1.9847411941269877,1.0,3,50
E_combined,137,247,1.7397152185440063,0.06759939342737198,,1.9902055988506766,1.0,4,50
E_combined,137,248,1.7397152185440063,0.06759939342737198,,1.9743175700609585,1.0,5,50
E_combined,137,249,1.7397152185440063,0.06759939342737198,,1.9834215753071236,1.0,6,50
E_combined,137,250,1.7397152185440063,0.06759939342737198,,1.9803082223096025,1.0,7,50
E_combined,271,1,1.8369832038879395,0.07086139917373657,,2.1200689694132895,1.0,0,24
E_combined,271,2,1.8369832038879395,0.07086139917373657,,2.138633755489581,1.0,1,48
E_combined,271,3,1.8369832038879395,0.07086139917373657,,2.152878280975525,1.0,2,50
E_combined,271,4,1.8369832038879395,0.07086139917373657,,2.1493713598310737,1.0,3,50
E_combined,271,5,1.8369832038879395,0.07086139917373657,,2.1394871596937195,1.0,4,50
E_combined,271,6,1.8369832038879395,0.07086139917373657,,2.14557450673008,1.0,5,50
E_combined,271,7,1.8369832038879395,0.07086139917373657,,2.1485643383081166,1.0,6,50
E_combined,271,8,1.8276783227920532,0.06298086792230606,,2.1451084319290716,1.0,0,50
E_combined,271,9,1.8276783227920532,0.06298086792230606,,2.144183201257188,1.0,1,50
E_combined,271,10,1.8276783227920532,0.06298086792230606,,2.1431427645534917,1.0,2,50
E_combined,271,11,1.8276783227920532,0.06298086792230606,,2.143640044724269,1.0,3,50
E_combined,271,12,1.8276783227920532,0.06298086792230606,,2.145609261891142,1.0,4,50
E_combined,271,13,1.8276783227920532,0.06298086792230606,,2.1468964815005,1.0,5,50
E_combined,271,14,1.8276783227920532,0.06298086792230606,,2.142836093044501,1.0,6,50
E_combined,271,15,1.8276783227920532,0.06298086792230606,,2.133655515382693,1.0,7,50
E_combined,271,16,1.8186339139938354,0.07933896034955978,,2.145762140461296,1.0,0,50
E_combined,271,17,1.8186339139938354,0.07933896034955978,,2.141600929951116,1.0,1,50
E_combined,271,18,1.8186339139938354,0.07933896034955978,,2.1482151173955066,1.0,2,50
E_combined,271,19,1.8186339139938354,0.07933896034955978,,2.151353325670018,1.0,3,50
E_combined,271,20,1.8186339139938354,0.07933896034955978,,2.1552121364179606,1.0,4,50
E_combined,271,21,1.8186339139938354,0.07933896034955978,,2.1506700503910503,1.0,5,50
E_combined,271,22,1.8186339139938354,0.07933896034955978,,2.136471047678257,1.0,6,50
E_combined,271,23,1.8186339139938354,0.07933896034955978,,2.144263156185931,1.0,7,50
E_combined,271,24,1.8186339139938354,0.07933896034955978,,2.1462361371781404,1.0,8,50
E_combined,271,25,1.8186339139938354,0.07933896034955978,,2.141865869994563,1.0,9,50
E_combined,271,26,1.8186339139938354,0.07933896034955978,,2.1468858621811586,1.0,10,50
E_combined,271,27,1.8186339139938354,0.07933896034955978,,2.1460327049201937,1.0,11,50
E_combined,271,28,1.8186339139938354,0.07933896034955978,,2.1422278908812853,1.0,12,50
E_combined,271,29,1.8186339139938354,0.07933896034955978,,2.1442854735392225,1.0,13,50
E_combined,271,30,1.8186339139938354,0.07933896034955978,,2.1432235013002794,1.0,14,50
E_combined,271,31,1.8186339139938354,0.07933896034955978,,2.151187768715578,1.0,15,50
E_combined,271,32,1.8186339139938354,0.07933896034955978,,2.143455017936878,1.0,16,50
E_combined,271,33,1.8186339139938354,0.07933896034955978,,2.1474831295559946,1.0,17,50
E_combined,271,34,1.8186339139938354,0.07933896034955978,,2.147430203435934,1.0,18,50
E_combined,271,35,1.8186339139938354,0.07933896034955978,,2.150998628477622,1.0,19,50
E_combined,271,36,1.8186339139938354,0.07933896034955978,,2.143744226804329,1.0,0,50
E_combined,271,37,1.8186339139938354,0.07933896034955978,,2.151977225967813,1.0,1,50
E_combined,271,38,1.7702128887176514,0.043965306133031845,,2.1447386515324247,1.0,0,50
E_combined,271,39,1.7702128887176514,0.043965306133031845,,2.153813376596176,1.0,1,50
E_combined,271,40,1.7702128887176514,0.043965306133031845,,2.14021579645453,1.0,2,50
E_combined,271,41,1.7702128887176514,0.043965306133031845,,2.1515801618959878,1.0,3,50
E_combined,271,42,1.7702128887176514,0.043965306133031845,,2.136955772191596,1.0,4,50
E_combined,271,43,1.7702128887176514,0.043965306133031845,,2.1438266480873622,1.0,5,50
E_combined,271,44,1.7702128887176514,0.043965306133031845,,2.1470752521082566,1.0,6,50
E_combined,271,45,1.7702128887176514,0.043965306133031845,,2.1500701994227884,1.0,7,50
E_combined,271,46,1.7702128887176514,0.043965306133031845,,2.132767544508799,1.0,8,50
E_combined,271,47,1.7702128887176514,0.043965306133031845,,2.149525188054041,1.0,9,50
E_combined,271,48,1.7702128887176514,0.043965306133031845,,2.1446407758173973,1.0,10,50
E_combined,271,49,1.7702128887176514,0.043965306133031845,,2.146884520072825,1.0,11,50
E_combined,271,50,1.7702128887176514,0.043965306133031845,,2.1426241281012786,1.0,12,50
E_combined,271,51,1.7702128887176514,0.043965306133031845,,2.147866913176531,1.0,13,50
E_combined,271,52,1.7702128887176514,0.043965306133031845,,2.1450568599820454,1.0,14,50
E_combined,271,53,1.7702128887176514,0.043965306133031845,,2.1521531197309693,1.0,15,50
E_combined,271,54,1.7702128887176514,0.043965306133031845,,2.144051921599533,1.0,16,50
E_combined,271,55,1.7702128887176514,0.043965306133031845,,2.1456349489959186,1.0,17,50
E_combined,271,56,1.7702128887176514,0.043965306133031845,,2.140851879899868,1.0,18,50
E_combined,271,57,1.7702128887176514,0.043965306133031845,,2.142233697111759,1.0,19,50
E_combined,271,58,1.7702128887176514,0.043965306133031845,,2.142969275774463,1.0,0,50
E_combined,271,59,1.7702128887176514,0.043965306133031845,,2.1423803842710556,1.0,1,50
E_combined,271,60,1.7702128887176514,0.043965306133031845,,2.1462014351146577,1.0,2,50
E_combined,271,61,1.7702128887176514,0.043965306133031845,,2.145095380346813,1.0,3,50
E_combined,271,62,1.7702128887176514,0.043965306133031845,,2.14147433745007,1.0,4,50
E_combined,271,63,1.7702128887176514,0.043965306133031845,,2.1380194360861537,1.0,5,50
E_combined,271,64,1.7702128887176514,0.043965306133031845,,2.133926004061798,1.0,6,50
E_combined,271,65,1.7702128887176514,0.043965306133031845,,2.143281179479985,1.0,7,50
E_combined,271,66,1.7702128887176514,0.043965306133031845,,2.1409200050286237,1.0,8,50
E_combined,271,67,1.7702128887176514,0.043965306133031845,,2.144021152597084,1.0,9,50
E_combined,271,68,1.7702128887176514,0.043965306133031845,,2.151174818801721,1.0,10,50
E_combined,271,69,1.7702128887176514,0.043965306133031845,,2.146295565501123,1.0,11,50
E_combined,271,70,1.7702128887176514,0.043965306133031845,,2.1468111186044347,1.0,12,50
E_combined,271,71,1.7702128887176514,0.043965306133031845,,2.15026658364382,1.0,13,50
E_combined,271,72,1.7702128887176514,0.043965306133031845,,2.1467575447809066,1.0,14,50
E_combined,271,73,1.7702128887176514,0.043965306133031845,,2.1371973112841083,1.0,15,50
E_combined,271,74,1.7702128887176514,0.043965306133031845,,2.1458645729690002,1.0,16,50
E_combined,271,75,1.7702128887176514,0.043965306133031845,,2.141918313607338,1.0,17,50
E_combined,271,76,1.7702128887176514,0.043965306133031845,,2.1410150810779287,1.0,18,50
E_combined,271,77,1.7702128887176514,0.043965306133031845,,2.1449900758124296,1.0,19,50
E_combined,271,78,1.7702128887176514,0.043965306133031845,,2.138455448605241,1.0,0,50
E_combined,271,79,1.7702128887176514,0.043965306133031845,,2.1345322760540997,1.0,1,50
E_combined,271,80,1.7702128887176514,0.043965306133031845,,2.138515970707049,1.0,2,50
E_combined,271,81,1.7673120498657227,0.06645902246236801,,2.1419239876407334,1.0,0,50
E_combined,271,82,1.7673120498657227,0.06645902246236801,,2.1345255714590357,1.0,1,50
E_combined,271,83,1.7673120498657227,0.06645902246236801,,2.144610120716581,1.0,2,50
E_combined,271,84,1.7673120498657227,0.06645902246236801,,2.147264610381438,1.0,3,50
E_combined,271,85,1.7673120498657227,0.06645902246236801,,2.1357762781608414,1.0,4,50
E_combined,271,86,1.7673120498657227,0.06645902246236801,,2.123251257938541,1.0,5,50
E_combined,271,87,1.7673120498657227,0.06645902246236801,,2.14240220075481,1.0,6,50
E_combined,271,88,1.7673120498657227,0.06645902246236801,,2.1381365875775633,1.0,7,50
E_combined,271,89,1.7673120498657227,0.06645902246236801,,2.1427141740165845,1.0,8,50
E_combined,271,90,1.7673120498657227,0.06645902246236801,,2.1398555261979237,1.0,9,50
E_combined,271,91,1.7673120498657227,0.06645902246236801,,2.1439501435500494,1.0,10,50
E_combined,271,92,1.7673120498657227,0.06645902246236801,,2.1439082184352967,1.0,11,50
E_combined,271,93,1.7673120498657227,0.06645902246236801,,2.1472830980982884,1.0,12,50
E_combined,271,94,1.7673120498657227,0.06645902246236801,,2.1479207352933294,1.0,13,50
E_combined,271,95,1.7673120498657227,0.06645902246236801,,2.144264408917777,1.0,14,50
E_combined,271,96,1.7673120498657227,0.06645902246236801,,2.143230368520451,1.0,15,50
E_combined,271,97,1.7673120498657227,0.06645902246236801,,2.1383067684742523,1.0,16,50
E_combined,271,98,1.7673120498657227,0.06645902246236801,,2.15016358344343,1.0,17,50
E_combined,271,99,1.7673120498657227,0.06645902246236801,,2.136721664361103,1.0,18,50
E_combined,271,100,1.7673120498657227,0.06645902246236801,,2.142943744992897,1.0,19,50
E_combined,271,101,1.7673120498657227,0.06645902246236801,,2.133557854580514,1.0,0,50
E_combined,271,102,1.7673120498657227,0.06645902246236801,,2.1361900955537725,1.0,1,50
E_combined,271,103,1.7673120498657227,0.06645902246236801,,2.1455472701208826,1.0,2,50
E_combined,271,104,1.7673120498657227,0.06645902246236801,,2.1410545826443212,1.0,3,50
E_combined,271,105,1.7673120498657227,0.06645902246236801,,2.129048572841887,1.0,4,50
E_combined,271,106,1.7673120498657227,0.06645902246236801,,2.1436155305237827,1.0,5,50
E_combined,271,107,1.7673120498657227,0.06645902246236801,,2.1415160149027814,1.0,6,50
E_combined,271,108,1.7673120498657227,0.06645902246236801,,2.146923591986992,1.0,7,50
E_combined,271,109,1.7673120498657227,0.06645902246236801,,2.135485272613039,1.0,8,50
E_combined,271,110,1.7673120498657227,0.06645902246236801,,2.147952903947302,1.0,9,50
E_combined,271,111,1.7673120498657227,0.06645902246236801,,2.146263491646872,1.0,10,50
E_combined,271,112,1.7673120498657227,0.06645902246236801,,2.1378178153649245,1.0,11,50
E_combined,271,113,1.7673120498657227,0.06645902246236801,,2.143402103864907,1.0,12,50
E_combined,271,114,1.7673120498657227,0.06645902246236801,,2.1316872842382364,1.0,13,50
E_combined,271,115,1.7673120498657227,0.06645902246236801,,2.143978697999737,1.0,14,50
E_combined,271,116,1.7673120498657227,0.06645902246236801,,2.135598519784698,1.0,15,50
E_combined,271,117,1.7673120498657227,0.06645902246236801,,2.138884677496208,1.0,16,50
E_combined,271,118,1.7673120498657227,0.06645902246236801,,2.1314238598245003,1.0,17,50
E_combined,271,119,1.7673120498657227,0.06645902246236801,,2.139054401200748,1.0,18,50
E_combined,271,120,1.7673120498657227,0.06645902246236801,,2.1370045779646816,1.0,19,50
E_combined,271,121,1.7673120498657227,0.06645902246236801,,2.126968612855958,1.0,0,50
E_combined,271,122,1.7673120498657227,0.06645902246236801,,2.130098500663391,1.0,1,50
E_combined,271,123,1.7673120498657227,0.06645902246236801,,2.1336668533946517,1.0,2,50
E_combined,271,124,1.7673120498657227,0.06645902246236801,,2.1349838991333354,1.0,3,50
E_combined,271,125,1.7673120498657227,0.06645902246236801,,2.1321268246142107,1.0,4,50
E_combined,271,126,1.7673120498657227,0.06645902246236801,,2.132422324852624,1.0,5,50
E_combined,271,127,1.7673120498657227,0.06645902246236801,,2.140212729309333,1.0,6,50
E_combined,271,128,1.7673120498657227,0.06645902246236801,,2.129866314508473,1.0,7,50
E_combined,271,129,1.7673120498657227,0.06645902246236801,,2.144032535092566,1.0,8,50
E_combined,271,130,1.7673120498657227,0.06645902246236801,,2.131972876189863,1.0,9,50
E_combined,271,131,1.7673120498657227,0.06645902246236801,,2.1336253029557253,1.0,10,50
E_combined,271,132,1.7673120498657227,0.06645902246236801,,2.1205572887762236,1.0,11,50
E_combined,271,133,1.7673120498657227,0.06645902246236801,,2.1279345046922415,1.0,12,50
E_combined,271,134,1.7673120498657227,0.06645902246236801,,2.137629916853883,1.0,13,50
E_combined,271,135,1.7673120498657227,0.06645902246236801,,2.123462732575316,1.0,14,50
E_combined,271,136,1.7673120498657227,0.06645902246236801,,2.116413950242312,1.0,15,50
E_combined,271,137,1.7673120498657227,0.06645902246236801,,2.120850326777316,1.0,16,50
E_combined,271,138,1.7673120498657227,0.06645902246236801,,2.1286262663903543,1.0,17,50
E_combined,271,139,1.7673120498657227,0.06645902246236801,,2.126282038696491,1.0,18,50
E_combined,271,140,1.7673120498657227,0.06645902246236801,,2.1196225756688087,1.0,19,50
E_combined,271,141,1.7673120498657227,0.06645902246236801,,2.123426283709232,1.0,0,50
E_combined,271,142,1.7673120498657227,0.06645902246236801,,2.133174769255703,1.0,1,50
E_combined,271,143,1.7673120498657227,0.06645902246236801,,2.1308280113548252,1.0,2,50
E_combined,271,144,1.7673120498657227,0.06645902246236801,,2.128938900304145,1.0,3,50
E_combined,271,145,1.7673120498657227,0.06645902246236801,,2.1430824303457032,1.0,4,50
E_combined,271,146,1.7673120498657227,0.06645902246236801,,2.135595975367653,1.0,5,50
E_combined,271,147,1.7673120498657227,0.06645902246236801,,2.120507157379212,1.0,6,50
E_combined,271,148,1.7673120498657227,0.06645902246236801,,2.1166376159370572,1.0,7,50
E_combined,271,149,1.7673120498657227,0.06645902246236801,,2.1083492356645,1.0,8,50
E_combined,271,150,1.7673120498657227,0.06645902246236801,,2.127032241888845,1.0,9,50
E_combined,271,151,1.7673120498657227,0.06645902246236801,,2.114550175029312,1.0,10,50
E_combined,271,152,1.7673120498657227,0.06645902246236801,,2.129045914145779,1.0,11,50
E_combined,271,153,1.7673120498657227,0.06645902246236801,,2.1165574671517646,1.0,12,50
E_combined,271,154,1.7673120498657227,0.06645902246236801,,2.1249821537633102,1.0,13,50
E_combined,271,155,1.7673120498657227,0.06645902246236801,,2.1288391819662102,1.0,14,50
E_combined,271,156,1.7673120498657227,0.06645902246236801,,2.1345267793628464,1.0,15,50
E_combined,271,157,1.7673120498657227,0.06645902246236801,,2.124570959641953,1.0,16,50
E_combined,271,158,1.7673120498657227,0.06645902246236801,,2.1294026545228792,1.0,17,50
E_combined,271,159,1.7673120498657227,0.06645902246236801,,2.125135347765708,1.0,18,50
E_combined,271,160,1.7673120498657227,0.06645902246236801,,2.1298638056587516,1.0,19,50
E_combined,271,161,1.7673120498657227,0.06645902246236801,,2.1286134518496365,1.0,0,50
E_combined,271,162,1.7673120498657227,0.06645902246236801,,2.1067208014851206,1.0,1,50
E_combined,271,163,1.7673120498657227,0.06645902246236801,,2.1140926055724427,1.0,2,50
E_combined,271,164,1.7673120498657227,0.06645902246236801,,2.1219191592301816,1.0,3,50
E_combined,271,165,1.7673120498657227,0.06645902246236801,,2.1007296043390924,1.0,4,50
E_combined,271,166,1.7673120498657227,0.06645902246236801,,2.120221881374475,1.0,5,50
E_combined,271,167,1.7673120498657227,0.06645902246236801,,2.1247571720319374,1.0,6,50
E_combined,271,168,1.7673120498657227,0.06645902246236801,,2.118829460388941,1.0,7,50
E_combined,271,169,1.7673120498657227,0.06645902246236801,,2.112581480192805,1.0,8,50
E_combined,271,170,1.7673120498657227,0.06645902246236801,,2.106297929600281,1.0,9,50
E_combined,271,171,1.7461978197097778,0.05071859806776047,,2.10047220172046,1.0,0,50
E_combined,271,172,1.7461978197097778,0.05071859806776047,,2.1047322172051697,1.0,1,50
E_combined,271,173,1.7461978197097778,0.05071859806776047,,2.105252486252891,1.0,2,50
E_combined,271,174,1.7461978197097778,0.05071859806776047,,2.1066007102663216,1.0,3,50
E_combined,271,175,1.7461978197097778,0.05071859806776047,,2.1022592810743936,1.0,4,50
E_combined,271,176,1.7461978197097778,0.05071859806776047,,2.0983655409383477,1.0,5,50
E_combined,271,177,1.7461978197097778,0.05071859806776047,,2.091841500177274,1.0,6,50
E_combined,271,178,1.7461978197097778,0.05071859806776047,,2.0954988406748014,1.0,7,50
E_combined,271,179,1.7461978197097778,0.05071859806776047,,2.0997491776266477,1.0,8,50
E_combined,271,180,1.7461978197097778,0.05071859806776047,,2.099581538934808,1.0,9,50
E_combined,271,181,1.7461978197097778,0.05071859806776047,,2.0994023596079603,1.0,10,50
E_combined,271,182,1.7461978197097778,0.05071859806776047,,2.1066248152917013,1.0,11,50
E_combined,271,183,1.7461978197097778,0.05071859806776047,,2.091619254517345,1.0,12,50
E_combined,271,184,1.7461978197097778,0.05071859806776047,,2.1023048062603453,1.0,13,50
E_combined,271,185,1.7461978197097778,0.05071859806776047,,2.1206007670896123,1.0,14,50
E_combined,271,186,1.7461978197097778,0.05071859806776047,,2.0998224885952474,1.0,15,50
E_combined,271,187,1.7461978197097778,0.05071859806776047,,2.1148177652949287,1.0,16,50
E_combined,271,188,1.7461978197097778,0.05071859806776047,,2.1108369006207806,1.0,17,50
E_combined,271,189,1.7461978197097778,0.05071859806776047,,2.097576337243022,1.0,18,50
E_combined,271,190,1.7461978197097778,0.05071859806776047,,2.094131780072406,1.0,19,50
E_combined,271,191,1.7461978197097778,0.05071859806776047,,2.09813471951075,1.0,0,50
E_combined,271,192,1.7461978197097778,0.05071859806776047,,2.0971499127671587,1.0,1,50
E_combined,271,193,1.7461978197097778,0.05071859806776047,,2.0903388046589595,1.0,2,50
E_combined,271,194,1.7461978197097778,0.05071859806776047,,2.078894305940127,1.0,3,50
E_combined,271,195,1.7461978197097778,0.05071859806776047,,2.0802699159418823,1.0,4,50
E_combined,271,196,1.7461978197097778,0.05071859806776047,,2.07453594366124,1.0,5,50
E_combined,271,197,1.7461978197097778,0.05071859806776047,,2.071244012603696,1.0,6,50
E_combined,271,198,1.7461978197097778,0.05071859806776047,,2.074266509567573,1.0,7,50
E_combined,271,199,1.7461978197097778,0.05071859806776047,,2.054511024624564,1.0,8,50
E_combined,271,200,1.7461978197097778,0.05071859806776047,,2.0757530701921123,1.0,9,50
E_combined,271,201,1.7461978197097778,0.05071859806776047,,2.0795823065740016,1.0,10,50
E_combined,271,202,1.7461978197097778,0.05071859806776047,,2.0753807400447664,1.0,11,50
E_combined,271,203,1.7461978197097778,0.05071859806776047,,2.072993763706853,1.0,12,50
E_combined,271,204,1.7461978197097778,0.05071859806776047,,2.065695512420226,1.0,13,50
E_combined,271,205,1.7461978197097778,0.05071859806776047,,2.0643812479980186,1.0,14,50
E_combined,271,206,1.7461978197097778,0.05071859806776047,,2.0634188993869684,1.0,15,50
E_combined,271,207,1.7461978197097778,0.05071859806776047,,2.0472861430870064,1.0,16,50
E_combined,271,208,1.7461978197097778,0.05071859806776047,,2.031163097112868,1.0,17,50
E_combined,271,209,1.7461978197097778,0.05071859806776047,,2.045519110216847,1.0,18,50
E_combined,271,210,1.7461978197097778,0.05071859806776047,,2.059883812482097,1.0,19,50
E_combined,271,211,1.7461978197097778,0.05071859806776047,,2.066354087539771,1.0,0,50
E_combined,271,212,1.7461978197097778,0.05071859806776047,,2.0514484505065704,1.0,1,50
E_combined,271,213,1.7461978197097778,0.05071859806776047,,2.0634186612191194,1.0,2,50
E_combined,271,214,1.7461978197097778,0.05071859806776047,,2.056909028489372,1.0,3,50
E_combined,271,215,1.7461978197097778,0.05071859806776047,,2.0421176828301233,1.0,4,50
E_combined,271,216,1.7461978197097778,0.05071859806776047,,2.042170166822921,1.0,5,50
E_combined,271,217,1.7461978197097778,0.05071859806776047,,2.0443891668399727,1.0,6,50
E_combined,271,218,1.7461978197097778,0.05071859806776047,,2.052962429109559,1.0,7,50
E_combined,271,219,1.7461978197097778,0.05071859806776047,,2.0540100774758656,1.0,8,50
E_combined,271,220,1.7461978197097778,0.05071859806776047,,2.0468178631539202,1.0,9,50
E_combined,271,221,1.7461978197097778,0.05071859806776047,,2.028365477654813,1.0,10,50
E_combined,271,222,1.7461978197097778,0.05071859806776047,,2.0221807716982894,1.0,11,50
E_combined,271,223,1.7461978197097778,0.05071859806776047,,2.033030405197356,1.0,12,50
E_combined,271,224,1.7461978197097778,0.05071859806776047,,2.0195576724015116,1.0,13,50
E_combined,271,225,1.7461978197097778,0.05071859806776047,,2.02682819112816,1.0,14,50
E_combined,271,226,1.7461978197097778,0.05071859806776047,,2.0207210381985226,1.0,15,50
E_combined,271,227,1.7461978197097778,0.05071859806776047,,2.0226599807467522,1.0,16,50
E_combined,271,228,1.7461978197097778,0.05071859806776047,,1.994423452635043,1.0,17,50
E_combined,271,229,1.7461978197097778,0.05071859806776047,,1.9967491519184484,1.0,18,50
E_combined,271,230,1.7461978197097778,0.05071859806776047,,1.994844637240871,1.0,19,50
E_combined,271,231,1.7461978197097778,0.05071859806776047,,2.016553824629839,1.0,0,50
E_combined,271,232,1.7461978197097778,0.05071859806776047,,2.006916696607544,1.0,1,50
E_combined,271,233,1.7461978197097778,0.05071859806776047,,1.9924372190753377,1.0,2,50
E_combined,271,234,1.7461978197097778,0.05071859806776047,,2.003154980647539,1.0,3,50
E_combined,271,235,1.7461978197097778,0.05071859806776047,,2.012053515593207,1.0,4,50
E_combined,271,236,1.7461978197097778,0.05071859806776047,,2.021824148623276,1.0,5,50
E_combined,271,237,1.7461978197097778,0.05071859806776047,,2.0000257013369915,1.0,6,50
E_combined,271,238,1.7461978197097778,0.05071859806776047,,2.011185119386005,1.0,7,50
E_combined,271,239,1.7461978197097778,0.05071859806776047,,1.9979899810951676,1.0,8,50
E_combined,271,240,1.7461978197097778,0.05071859806776047,,2.0041568221904615,1.0,9,50
E_combined,271,241,1.7461978197097778,0.05071859806776047,,2.0175133619637613,1.0,10,50
E_combined,271,242,1.7461978197097778,0.05071859806776047,,2.0106128358652517,1.0,11,50
E_combined,271,243,1.7461978197097778,0.05071859806776047,,2.0129622972113976,1.0,12,50
E_combined,271,244,1.7461978197097778,0.05071859806776047,,1.9961258696357744,1.0,13,50
E_combined,271,245,1.7461978197097778,0.05071859806776047,,2.0060965621139286,1.0,14,50
E_combined,271,246,1.7461978197097778,0.05071859806776047,,2.00276409819806,1.0,15,50
E_combined,271,247,1.7461978197097778,0.05071859806776047,,2.002118817898705,1.0,16,50
E_combined,271,248,1.7461978197097778,0.05071859806776047,,1.9947520744162162,1.0,17,50
E_combined,271,249,1.7461978197097778,0.05071859806776047,,1.9861153109232783,1.0,18,50
E_combined,271,250,1.7461978197097778,0.05071859806776047,,1.9842641295954389,1.0,19,50
E_combined,509,1,1.8267608880996704,0.058081384748220444,,2.147972241846705,1.0,1,23
E_combined,509,2,1.8267608880996704,0.058081384748220444,,2.142233676271073,1.0,2,47
E_combined,509,3,1.8267608880996704,0.058081384748220444,,2.1472694175664726,1.0,3,50
E_combined,509,4,1.8267608880996704,0.058081384748220444,,2.1352684252813408,1.0,4,50
E_combined,509,5,1.8267608880996704,0.058081384748220444,,2.1500899590595015,1.0,5,50
E_combined,509,6,1.8267608880996704,0.058081384748220444,,2.1446314980933625,1.0,6,50
E_combined,509,7,1.8267608880996704,0.058081384748220444,,2.1452118311826287,1.0,7,50
E_combined,509,8,1.8267608880996704,0.058081384748220444,,2.153195273242485,1.0,8,50
E_combined,509,9,1.8267608880996704,0.058081384748220444,,2.1501006968572653,1.0,9,50
E_combined,509,10,1.8267608880996704,0.058081384748220444,,2.1486454707673284,1.0,10,50
E_combined,509,11,1.8267608880996704,0.058081384748220444,,2.1473216895844742,1.0,11,50
E_combined,509,12,1.8267608880996704,0.058081384748220444,,2.1366959300233552,1.0,12,50
E_combined,509,13,1.8267608880996704,0.058081384748220444,,2.1445677611086422,1.0,13,50
E_combined,509,14,1.8267608880996704,0.058081384748220444,,2.1388736136874846,1.0,14,50
E_combined,509,15,1.8267608880996704,0.058081384748220444,,2.1497603959483587,1.0,15,50
E_combined,509,16,1.8267608880996704,0.058081384748220444,,2.149666816695894,1.0,16,50
E_combined,509,17,1.8267608880996704,0.058081384748220444,,2.1491261688289276,1.0,17,50
E_combined,509,18,1.8267608880996704,0.058081384748220444,,2.1580836301131123,1.0,18,50
E_combined,509,19,1.8267608880996704,0.058081384748220444,,2.1440315589772547,1.0,19,50
E_combined,509,20,1.8267608880996704,0.058081384748220444,,2.143882247895117,1.0,0,50
E_combined,509,21,1.8267608880996704,0.058081384748220444,,2.145642941456633,1.0,1,50
E_combined,509,22,1.8267608880996704,0.058081384748220444,,2.1390140893625302,1.0,2,50
E_combined,509,23,1.8267608880996704,0.058081384748220444,,2.139762042335652,1.0,3,50
E_combined,509,24,1.8267608880996704,0.058081384748220444,,2.149792562285443,1.0,4,50
E_combined,509,25,1.8267608880996704,0.058081384748220444,,2.1434320670144134,1.0,5,50
E_combined,509,26,1.8267608880996704,0.058081384748220444,,2.1485281325980123,1.0,6,50
E_combined,509,27,1.8267608880996704,0.058081384748220444,,2.136168157996611,1.0,7,50
E_combined,509,28,1.8267608880996704,0.058081384748220444,,2.1506454914119626,1.0,8,50
E_combined,509,29,1.8267608880996704,0.058081384748220444,,2.149453543842166,1.0,9,50
E_combined,509,30,1.8267608880996704,0.058081384748220444,,2.1459184308672534,1.0,10,50
E_combined,509,31,1.8267608880996704,0.058081384748220444,,2.1517673621377607,1.0,11,50
E_combined,509,32,1.8267608880996704,0.058081384748220444,,2.149075241345561,1.0,12,50
E_combined,509,33,1.8267608880996704,0.058081384748220444,,2.1431720992231194,1.0,13,50
E_combined,509,34,1.8267608880996704,0.058081384748220444,,2.1444011632547215,1.0,14,50
E_combined,509,35,1.7913479804992676,0.05979121848940849,,2.151700589537893,1.0,0,50
E_combined,509,36,1.7913479804992676,0.05979121848940849,,2.142091516064224,1.0,1,50
E_combined,509,37,1.7913479804992676,0.05979121848940849,,2.140602858150932,1.0,2,50
E_combined,509,38,1.7913479804992676,0.05979121848940849,,2.149738093178498,1.0,3,50
E_combined,509,39,1.7913479804992676,0.05979121848940849,,2.1535712098792152,1.0,4,50
E_combined,509,40,1.7913479804992676,0.05979121848940849,,2.142527015065729,1.0,5,50
E_combined,509,41,1.7913479804992676,0.05979121848940849,,2.146603791631247,1.0,6,50
E_combined,509,42,1.7913479804992676,0.05979121848940849,,2.1464305921296862,1.0,7,50
E_combined,509,43,1.7913479804992676,0.05979121848940849,,2.141741194575674,1.0,8,50
E_combined,509,44,1.7913479804992676,0.05979121848940849,,2.142361004351412,1.0,9,50
E_combined,509,45,1.7913479804992676,0.05979121848940849,,2.1472359619069765,1.0,10,50
E_combined,509,46,1.7913479804992676,0.05979121848940849,,2.140804990766793,1.0,11,50
E_combined,509,47,1.7913479804992676,0.05979121848940849,,2.1481505948595765,1.0,12,50
E_combined,509,48,1.7913479804992676,0.05979121848940849,,2.142239386988418,1.0,13,50
E_combined,509,49,1.7913479804992676,0.05979121848940849,,2.1479623702641457,1.0,14,50
E_combined,509,50,1.7913479804992676,0.05979121848940849,,2.1477420724043528,1.0,15,50
E_combined,509,51,1.7913479804992676,0.05979121848940849,,2.1482726189833734,1.0,16,50
E_combined,509,52,1.7913479804992676,0.05979121848940849,,2.1421811366187886,1.0,17,50
E_combined,509,53,1.7913479804992676,0.05979121848940849,,2.149389746598531,1.0,18,50
E_combined,509,54,1.7913479804992676,0.05979121848940849,,2.1427762662243057,1.0,19,50
E_combined,509,55,1.7913479804992676,0.05979121848940849,,2.1503797071416333,1.0,0,50
E_combined,509,56,1.7913479804992676,0.05979121848940849,,2.139618117242706,1.0,1,50
E_combined,509,57,1.7913479804992676,0.05979121848940849,,2.1485016356978366,1.0,2,50
E_combined,509,58,1.7913479804992676,0.05979121848940849,,2.144060680569799,1.0,3,50
E_combined,509,59,1.7913479804992676,0.05979121848940849,,2.1470645368090415,1.0,4,50
E_combined,509,60,1.7913479804992676,0.05979121848940849,,2.151360311299512,1.0,5,50
E_combined,509,61,1.7913479804992676,0.05979121848940849,,2.1378946182272376,1.0,6,50
E_combined,509,62,1.7913479804992676,0.05979121848940849,,2.138125939847654,1.0,7,50
E_combined,509,63,1.7913479804992676,0.05979121848940849,,2.1472063915827158,1.0,8,50
E_combined,509,64,1.7913479804992676,0.05979121848940849,,2.15075879455445,1.0,9,50
E_combined,509,65,1.7913479804992676,0.05979121848940849,,2.143182995358374,1.0,10,50
E_combined,509,66,1.7913479804992676,0.05979121848940849,,2.142858166314699,1.0,11,50
E_combined,509,67,1.7913479804992676,0.05979121848940849,,2.1397197147442695,1.0,12,50
E_combined,509,68,1.7913479804992676,0.05979121848940849,,2.147432474236893,1.0,13,50
E_combined,509,69,1.7913479804992676,0.05979121848940849,,2.1464292233134943,1.0,14,50
E_combined,509,70,1.7913479804992676,0.05979121848940849,,2.148545419187527,1.0,15,50
E_combined,509,71,1.7913479804992676,0.05979121848940849,,2.14049095279034,1.0,16,50
E_combined,509,72,1.7913479804992676,0.05979121848940849,,2.143413807728303,1.0,17,50
E_combined,509,73,1.7913479804992676,0.05979121848940849,,2.145848626568585,1.0,18,50
E_combined,509,74,1.7913479804992676,0.05979121848940849,,2.1443731787552225,1.0,19,50
E_combined,509,75,1.7913479804992676,0.05979121848940849,,2.143963828107817,1.0,0,50
E_combined,509,76,1.7913479804992676,0.05979121848940849,,2.15211683066389,1.0,1,50
E_combined,509,77,1.7913479804992676,0.05979121848940849,,2.1475232650056553,1.0,2,50
E_combined,509,78,1.7913479804992676,0.05979121848940849,,2.1427793757988653,1.0,3,50
E_combined,509,79,1.7913479804992676,0.05979121848940849,,2.1462089068655232,1.0,4,50
E_combined,509,80,1.7913479804992676,0.05979121848940849,,2.147196797004648,1.0,5,50
E_combined,509,81,1.7913479804992676,0.05979121848940849,,2.1397116810249646,1.0,6,50
E_combined,509,82,1.7913479804992676,0.05979121848940849,,2.133712675981624,1.0,7,50
E_combined,509,83,1.7913479804992676,0.05979121848940849,,2.1468319841695673,1.0,8,50
E_combined,509,84,1.7913479804992676,0.05979121848940849,,2.1337759654145216,1.0,9,50
E_combined,509,85,1.7913479804992676,0.05979121848940849,,2.135408315395897,1.0,10,50
E_combined,509,86,1.7913479804992676,0.05979121848940849,,2.141411420478319,1.0,11,50
E_combined,509,87,1.7913479804992676,0.05979121848940849,,2.143712272770149,1.0,12,50
E_combined,509,88,1.7913479804992676,0.05979121848940849,,2.1373540428041817,1.0,13,50
E_combined,509,89,1.7913479804992676,0.05979121848940849,,2.1357100875659047,1.0,14,50
E_combined,509,90,1.7913479804992676,0.05979121848940849,,2.1424893592051695,1.0,15,50
E_combined,509,91,1.7913479804992676,0.05979121848940849,,2.136741162652078,1.0,16,50
E_combined,509,92,1.7913479804992676,0.05979121848940849,,2.143004128157285,1.0,17,50
E_combined,509,93,1.7913479804992676,0.05979121848940849,,2.1348219338659113,1.0,18,50
E_combined,509,94,1.7913479804992676,0.05979121848940849,,2.1329274137751337,1.0,19,50
E_combined,509,95,1.7913479804992676,0.05979121848940849,,2.137811425361953,1.0,0,50
E_combined,509,96,1.7913479804992676,0.05979121848940849,,2.140978955603629,1.0,1,50
E_combined,509,97,1.7913479804992676,0.05979121848940849,,2.1407858996997327,1.0,2,50
E_combined,509,98,1.7913479804992676,0.05979121848940849,,2.1426013005575077,1.0,3,50
E_combined,509,99,1.7913479804992676,0.05979121848940849,,2.136959879537758,1.0,4,50
E_combined,509,100,1.7913479804992676,0.05979121848940849,,2.1381839332991435,1.0,5,50
E_combined,509,101,1.7913479804992676,0.05979121848940849,,2.1317243792185883,1.0,6,50
E_combined,509,102,1.7913479804992676,0.05979121848940849,,2.1337461326430396,1.0,7,50
E_combined,509,103,1.7913479804992676,0.05979121848940849,,2.1408371187338795,1.0,8,50
E_combined,509,104,1.7913479804992676,0.05979121848940849,,2.140365946330214,1.0,9,50
E_combined,509,105,1.7913479804992676,0.05979121848940849,,2.1392489013026457,1.0,10,50
E_combined,509,106,1.7913479804992676,0.05979121848940849,,2.1330413957154892,1.0,11,50
E_combined,509,107,1.7913479804992676,0.05979121848940849,,2.140977504224686,1.0,12,50
E_combined,509,108,1.7913479804992676,0.05979121848940849,,2.129230512732772,1.0,13,50
E_combined,509,109,1.7913479804992676,0.05979121848940849,,2.1408865970825044,1.0,14,50
E_combined,509,110,1.7913479804992676,0.05979121848940849,,2.1344441475464433,1.0,15,50
E_combined,509,111,1.7913479804992676,0.05979121848940849,,2.1411978739581934,1.0,16,50
E_combined,509,112,1.7913479804992676,0.05979121848940849,,2.1361195400952746,1.0,17,50
E_combined,509,113,1.7680141925811768,0.07773448526859283,,2.1368399582426267,1.0,0,50
E_combined,509,114,1.7680141925811768,0.07773448526859283,,2.1313526743106483,1.0,1,50
E_combined,509,115,1.7680141925811768,0.07773448526859283,,2.1388957568789024,1.0,2,50
E_combined,509,116,1.7680141925811768,0.07773448526859283,,2.1331193831420276,1.0,3,50
E_combined,509,117,1.7680141925811768,0.07773448526859283,,2.1326671477621324,1.0,4,50
E_combined,509,118,1.7680141925811768,0.07773448526859283,,2.136169502911753,1.0,5,50
E_combined,509,119,1.7680141925811768,0.07773448526859283,,2.128625011322569,1.0,6,50
E_combined,509,120,1.7680141925811768,0.07773448526859283,,2.145828759288149,1.0,7,50
E_combined,509,121,1.7680141925811768,0.07773448526859283,,2.1359038311430956,1.0,8,50
E_combined,509,122,1.7680141925811768,0.07773448526859283,,2.1333110928114905,1.0,9,50
E_combined,509,123,1.7680141925811768,0.07773448526859283,,2.13794496492089,1.0,10,50
E_combined,509,124,1.7680141925811768,0.07773448526859283,,2.137132888652734,1.0,11,50
E_combined,509,125,1.7680141925811768,0.07773448526859283,,2.133193356060749,1.0,12,50
E_combined,509,126,1.7680141925811768,0.07773448526859283,,2.136104461597652,1.0,13,50
E_combined,509,127,1.7680141925811768,0.07773448526859283,,2.1371912251317124,1.0,14,50
E_combined,509,128,1.7680141925811768,0.07773448526859283,,2.134918825683895,1.0,15,50
E_combined,509,129,1.7680141925811768,0.07773448526859283,,2.1275469032879455,1.0,16,50
E_combined,509,130,1.7680141925811768,0.07773448526859283,,2.139919146852653,1.0,17,50
E_combined,509,131,1.7680141925811768,0.07773448526859283,,2.1402281129938725,1.0,18,50
E_combined,509,132,1.7680141925811768,0.07773448526859283,,2.143495418395112,1.0,19,50
E_combined,509,133,1.7680141925811768,0.07773448526859283,,2.1307590968122567,1.0,0,50
E_combined,509,134,1.7680141925811768,0.07773448526859283,,2.134286234982745,1.0,1,50
E_combined,509,135,1.7680141925811768,0.07773448526859283,,2.125983545250623,1.0,2,50
E_combined,509,136,1.7680141925811768,0.07773448526859283,,2.1335375059180888,1.0,3,50
E_combined,509,137,1.7680141925811768,0.07773448526859283,,2.1320187529845764,1.0,4,50
E_combined,509,138,1.7680141925811768,0.07773448526859283,,2.130753948998425,1.0,5,50
E_combined,509,139,1.7680141925811768,0.07773448526859283,,2.1346980233064716,1.0,6,50
E_combined,509,140,1.7680141925811768,0.07773448526859283,,2.1338930907651648,1.0,7,50
E_combined,509,141,1.7680141925811768,0.07773448526859283,,2.1177298629974386,1.0,8,50
E_combined,509,142,1.7680141925811768,0.07773448526859283,,2.128483391555489,1.0,9,50
E_combined,509,143,1.7680141925811768,0.07773448526859283,,2.1331144220369023,1.0,10,50
E_combined,509,144,1.7680141925811768,0.07773448526859283,,2.1211945537155743,1.0,11,50
E_combined,509,145,1.7680141925811768,0.07773448526859283,,2.123628759554099,1.0,12,50
E_combined,509,146,1.7680141925811768,0.07773448526859283,,2.109108992560179,1.0,13,50
E_combined,509,147,1.7680141925811768,0.07773448526859283,,2.1115154270592216,1.0,14,50
E_combined,509,148,1.7680141925811768,0.07773448526859283,,2.1231204701549706,1.0,15,50
E_combined,509,149,1.7680141925811768,0.07773448526859283,,2.1284449190966495,1.0,16,50
E_combined,509,150,1.7680141925811768,0.07773448526859283,,2.1338226662057376,1.0,17,50
E_combined,509,151,1.7680141925811768,0.07773448526859283,,2.124780922191546,1.0,18,50
E_combined,509,152,1.7680141925811768,0.07773448526859283,,2.1233186797881243,1.0,19,50
E_combined,509,153,1.7680141925811768,0.07773448526859283,,2.132360111709817,1.0,0,50
E_combined,509,154,1.7680141925811768,0.07773448526859283,,2.115778294218506,1.0,1,50
E_combined,509,155,1.7680141925811768,0.07773448526859283,,2.1177667830339737,1.0,2,50
E_combined,509,156,1.7680141925811768,0.07773448526859283,,2.1176212625308666,1.0,3,50
E_combined,509,157,1.7680141925811768,0.07773448526859283,,2.13342934249225,1.0,4,50
E_combined,509,158,1.7680141925811768,0.07773448526859283,,2.11056457973595,1.0,5,50
E_combined,509,159,1.7680141925811768,0.07773448526859283,,2.115050416144297,1.0,6,50
E_combined,509,160,1.7680141925811768,0.07773448526859283,,2.1256931661491345,1.0,7,50
E_combined,509,161,1.7680141925811768,0.07773448526859283,,2.1080429201775863,1.0,8,50
E_combined,509,162,1.7680141925811768,0.07773448526859283,,2.100862634279747,1.0,9,50
E_combined,509,163,1.7680141925811768,0.07773448526859283,,2.102101978951566,1.0,10,50
E_combined,509,164,1.7680141925811768,0.07773448526859283,,2.10892052318995,1.0,11,50
E_combined,509,165,1.7680141925811768,0.07773448526859283,,2.115819789985004,1.0,12,50
E_combined,509,166,1.7680141925811768,0.07773448526859283,,2.1162125893067274,1.0,13,50
E_combined,509,167,1.7680141925811768,0.07773448526859283,,2.1148725063641254,1.0,14,50
E_combined,509,168,1.7680141925811768,0.07773448526859283,,2.115157607103954,1.0,15,50
E_combined,509,169,1.7680141925811768,0.07773448526859283,,2.117593735275369,1.0,16,50
E_combined,509,170,1.7680141925811768,0.07773448526859283,,2.1172029300622803,1.0,17,50
E_combined,509,171,1.7680141925811768,0.07773448526859283,,2.105802895103704,1.0,18,50
E_combined,509,172,1.7680141925811768,0.07773448526859283,,2.1033359934352434,1.0,19,50
E_combined,509,173,1.7680141925811768,0.07773448526859283,,2.1078498496688973,1.0,0,50
E_combined,509,174,1.7680141925811768,0.07773448526859283,,2.1039099829639394,1.0,1,50
E_combined,509,175,1.7680141925811768,0.07773448526859283,,2.099977942802593,1.0,2,50
E_combined,509,176,1.7424906492233276,0.07536633312702179,,2.1207185457165956,1.0,0,50
E_combined,509,177,1.7424906492233276,0.07536633312702179,,2.1016591388870376,1.0,1,50
E_combined,509,178,1.7424906492233276,0.07536633312702179,,2.109115458269026,1.0,2,50
E_combined,509,179,1.7424906492233276,0.07536633312702179,,2.108129995744405,1.0,3,50
E_combined,509,180,1.7424906492233276,0.07536633312702179,,2.101412186763437,1.0,4,50
E_combined,509,181,1.7424906492233276,0.07536633312702179,,2.1008442043511777,1.0,5,50
E_combined,509,182,1.7424906492233276,0.07536633312702179,,2.091961149267787,1.0,6,50
E_combined,509,183,1.7424906492233276,0.07536633312702179,,2.1019984275752073,1.0,7,50
E_combined,509,184,1.7424906492233276,0.07536633312702179,,2.094739558150726,1.0,8,50
E_combined,509,185,1.7424906492233276,0.07536633312702179,,2.077027057536272,1.0,9,50
E_combined,509,186,1.7424906492233276,0.07536633312702179,,2.0926274353574645,1.0,10,50
E_combined,509,187,1.7424906492233276,0.07536633312702179,,2.1011826216151346,1.0,11,50
E_combined,509,188,1.7424906492233276,0.07536633312702179,,2.097512237506707,1.0,12,50
E_combined,509,189,1.7424906492233276,0.07536633312702179,,2.1001644424328174,1.0,13,50
E_combined,509,190,1.7424906492233276,0.07536633312702179,,2.0941686043582544,1.0,14,50
E_combined,509,191,1.7424906492233276,0.07536633312702179,,2.084794776700762,1.0,15,50
E_combined,509,192,1.7424906492233276,0.07536633312702179,,2.0934913290885127,1.0,16,50
E_combined,509,193,1.7424906492233276,0.07536633312702179,,2.090586887940096,1.0,17,50
E_combined,509,194,1.7424906492233276,0.07536633312702179,,2.0815665177433416,1.0,18,50
E_combined,509,195,1.7424906492233276,0.07536633312702179,,2.0877358840802955,1.0,19,50
E_combined,509,196,1.7424906492233276,0.07536633312702179,,2.1043498701066023,1.0,0,50
E_combined,509,197,1.7424906492233276,0.07536633312702179,,2.1013597993786894,1.0,1,50
E_combined,509,198,1.7424906492233276,0.07536633312702179,,2.0932224316988943,1.0,2,50
E_combined,509,199,1.7424906492233276,0.07536633312702179,,2.0874630689865263,1.0,3,50
E_combined,509,200,1.7424906492233276,0.07536633312702179,,2.0826364305792637,1.0,4,50
E_combined,509,201,1.7424906492233276,0.07536633312702179,,2.0603545883391003,1.0,5,50
E_combined,509,202,1.7424906492233276,0.07536633312702179,,2.0733532080758033,1.0,6,50
E_combined,509,203,1.7424906492233276,0.07536633312702179,,2.0789060098559133,1.0,7,50
E_combined,509,204,1.7424906492233276,0.07536633312702179,,2.091235990745345,1.0,8,50
E_combined,509,205,1.7424906492233276,0.07536633312702179,,2.081961261010664,1.0,9,50
E_combined,509,206,1.7424906492233276,0.07536633312702179,,2.073979652978741,1.0,10,50
E_combined,509,207,1.7424906492233276,0.07536633312702179,,2.0823054601778614,1.0,11,50
E_combined,509,208,1.7424906492233276,0.07536633312702179,,2.0757219358496726,1.0,12,50
E_combined,509,209,1.7424906492233276,0.07536633312702179,,2.070639126543253,1.0,13,50
E_combined,509,210,1.7424906492233276,0.07536633312702179,,2.0719318055897697,1.0,14,50
E_combined,509,211,1.7424906492233276,0.07536633312702179,,2.0516864484439816,1.0,15,50
E_combined,509,212,1.7424906492233276,0.07536633312702179,,2.057215522883261,1.0,16,50
E_combined,509,213,1.7424906492233276,0.07536633312702179,,2.0607996220965137,1.0,17,50
E_combined,509,214,1.7424906492233276,0.07536633312702179,,2.058725726866432,1.0,18,50
E_combined,509,215,1.7424906492233276,0.07536633312702179,,2.073845580018354,1.0,19,50
E_combined,509,216,1.7424906492233276,0.07536633312702179,,2.0656096340132644,1.0,0,50
E_combined,509,217,1.7424906492233276,0.07536633312702179,,2.0669035733644,1.0,1,50
E_combined,509,218,1.7424906492233276,0.07536633312702179,,2.060329674589916,1.0,2,50
E_combined,509,219,1.7424906492233276,0.07536633312702179,,2.0584441848667887,1.0,3,50
E_combined,509,220,1.7424906492233276,0.07536633312702179,,2.0629845496829766,1.0,4,50
E_combined,509,221,1.7424906492233276,0.07536633312702179,,2.0635040544347754,1.0,5,50
E_combined,509,222,1.7424906492233276,0.07536633312702179,,2.0550699045336533,1.0,6,50
E_combined,509,223,1.7424906492233276,0.07536633312702179,,2.0365108196292043,1.0,7,50
E_combined,509,224,1.7424906492233276,0.07536633312702179,,2.0395052182111075,1.0,8,50
E_combined,509,225,1.7424906492233276,0.07536633312702179,,2.0333684238987657,1.0,9,50
E_combined,509,226,1.7424906492233276,0.07536633312702179,,2.053888605789091,1.0,10,50
E_combined,509,227,1.7424906492233276,0.07536633312702179,,2.045830392440818,1.0,11,50
E_combined,509,228,1.7424906492233276,0.07536633312702179,,2.059393730833347,1.0,12,50
E_combined,509,229,1.7424906492233276,0.07536633312702179,,2.047735812085258,1.0,13,50
E_combined,509,230,1.7424906492233276,0.07536633312702179,,2.0452650022448364,1.0,14,50
E_combined,509,231,1.7424906492233276,0.07536633312702179,,2.031685562114126,1.0,15,50
E_combined,509,232,1.7424906492233276,0.07536633312702179,,2.0248580936031053,1.0,16,50
E_combined,509,233,1.7424906492233276,0.07536633312702179,,2.005309019866913,1.0,17,50
E_combined,509,234,1.7424906492233276,0.07536633312702179,,2.005444159328583,1.0,18,50
E_combined,509,235,1.7424906492233276,0.07536633312702179,,1.9915118113374362,1.0,19,50
E_combined,509,236,1.7424906492233276,0.07536633312702179,,2.0196396593470647,1.0,0,50
E_combined,509,237,1.7424906492233276,0.07536633312702179,,2.0175527902902406,1.0,1,50
E_combined,509,238,1.7424906492233276,0.07536633312702179,,1.985610263790236,1.0,2,50
E_combined,509,239,1.7424906492233276,0.07536633312702179,,1.971258724463905,1.0,3,50
E_combined,509,240,1.7424906492233276,0.07536633312702179,,1.9443613499366548,1.0,4,50
E_combined,509,241,1.7424906492233276,0.07536633312702179,,1.9316931692852588,1.0,5,50
E_combined,509,242,1.7424906492233276,0.07536633312702179,,1.9109635459302734,1.0,6,50
E_combined,509,243,1.7424906492233276,0.07536633312702179,,1.9249056394785438,1.0,7,50
E_combined,509,244,1.7424906492233276,0.07536633312702179,,1.9304797145549253,1.0,8,50
E_combined,509,245,1.7424906492233276,0.07536633312702179,,1.9328405954789467,1.0,9,50
E_combined,509,246,1.7424906492233276,0.07536633312702179,,1.9479742459718226,1.0,10,50
E_combined,509,247,1.7424906492233276,0.07536633312702179,,1.9500294552218553,1.0,11,50
E_combined,509,248,1.7424906492233276,0.07536633312702179,,1.951201722456348,1.0,12,50
E_combined,509,249,1.7424906492233276,0.07536633312702179,,1.9557643756472909,1.0,13,50
E_combined,509,250,1.7424906492233276,0.07536633312702179,,1.9545248004723261,1.0,14,50
E_combined,1023,1,1.8963055610656738,0.07698938250541687,,2.1287390755157265,1.0,0,24
E_combined,1023,2,1.8809728622436523,0.061515580862760544,,2.137699664754268,1.0,0,48
E_combined,1023,3,1.8809728622436523,0.061515580862760544,,2.14687856709956,1.0,1,50
E_combined,1023,4,1.8160797357559204,0.06476176530122757,,2.1458720134582476,1.0,0,50
E_combined,1023,5,1.8160797357559204,0.06476176530122757,,2.141212419812874,1.0,1,50
E_combined,1023,6,1.8160797357559204,0.06476176530122757,,2.14345954627466,1.0,2,50
E_combined,1023,7,1.8160797357559204,0.06476176530122757,,2.1447748483515734,1.0,3,50
E_combined,1023,8,1.8160797357559204,0.06476176530122757,,2.1397212004024078,1.0,4,50
E_combined,1023,9,1.8160797357559204,0.06476176530122757,,2.1373571421953663,1.0,5,50
E_combined,1023,10,1.8160797357559204,0.06476176530122757,,2.142117551608924,1.0,6,50
E_combined,1023,11,1.8160797357559204,0.06476176530122757,,2.1521847591932537,1.0,7,50
E_combined,1023,12,1.8160797357559204,0.06476176530122757,,2.149865126977677,1.0,8,50
E_combined,1023,13,1.8160797357559204,0.06476176530122757,,2.1438206281326493,1.0,9,50
E_combined,1023,14,1.8160797357559204,0.06476176530122757,,2.1507903041581993,1.0,10,50
E_combined,1023,15,1.8160797357559204,0.06476176530122757,,2.1417632873398067,1.0,11,50
E_combined,1023,16,1.8160797357559204,0.06476176530122757,,2.142632550472491,1.0,12,50
E_combined,1023,17,1.8160797357559204,0.06476176530122757,,2.1405773160501678,1.0,13,50
E_combined,1023,18,1.8160797357559204,0.06476176530122757,,2.14836520105179,1.0,14,50
E_combined,1023,19,1.8160797357559204,0.06476176530122757,,2.1474334828209263,1.0,15,50
E_combined,1023,20,1.8160797357559204,0.06476176530122757,,2.149487558973762,1.0,16,50
E_combined,1023,21,1.8160797357559204,0.06476176530122757,,2.150122626885857,1.0,17,50
E_combined,1023,22,1.8160797357559204,0.06476176530122757,,2.149569627720051,1.0,18,50
E_combined,1023,23,1.8160797357559204,0.06476176530122757,,2.1453063268889085,1.0,19,50
E_combined,1023,24,1.8160797357559204,0.06476176530122757,,2.148310886774162,1.0,0,50
E_combined,1023,25,1.8160797357559204,0.06476176530122757,,2.14182701857164,1.0,1,50
E_combined,1023,26,1.8160797357559204,0.06476176530122757,,2.147726536883822,1.0,2,50
E_combined,1023,27,1.8160797357559204,0.06476176530122757,,2.151651031096768,1.0,3,50
E_combined,1023,28,1.8160797357559204,0.06476176530122757,,2.1520200993206697,1.0,4,50
E_combined,1023,29,1.8160797357559204,0.06476176530122757,,2.145790114318044,1.0,5,50
E_combined,1023,30,1.8160797357559204,0.06476176530122757,,2.1360739524914565,1.0,6,50
E_combined,1023,31,1.8160797357559204,0.06476176530122757,,2.152684277077572,1.0,7,50
E_combined,1023,32,1.8121784925460815,0.07927493005990982,,2.1448729180656305,1.0,0,50
E_combined,1023,33,1.8121784925460815,0.07927493005990982,,2.147536771639327,1.0,1,50
E_combined,1023,34,1.8121784925460815,0.07927493005990982,,2.149728339497639,1.0,2,50
E_combined,1023,35,1.8121784925460815,0.07927493005990982,,2.1498468042069505,1.0,3,50
E_combined,1023,36,1.8121784925460815,0.07927493005990982,,2.1514496135649095,1.0,4,50
E_combined,1023,37,1.8121784925460815,0.07927493005990982,,2.138003072398406,1.0,5,50
E_combined,1023,38,1.8121784925460815,0.07927493005990982,,2.142925639484248,1.0,6,50
E_combined,1023,39,1.8121784925460815,0.07927493005990982,,2.135804492924833,1.0,7,50
E_combined,1023,40,1.806223750114441,0.07817482203245163,,2.1542877177085047,1.0,0,50
E_combined,1023,41,1.806223750114441,0.07817482203245163,,2.1449577496958296,1.0,1,50
E_combined,1023,42,1.806223750114441,0.07817482203245163,,2.13723117617047,1.0,2,50
E_combined,1023,43,1.806223750114441,0.07817482203245163,,2.1467291474002512,1.0,3,50
E_combined,1023,44,1.806223750114441,0.07817482203245163,,2.143557019984764,1.0,4,50
E_combined,1023,45,1.806223750114441,0.07817482203245163,,2.144338936915381,1.0,5,50
E_combined,1023,46,1.806223750114441,0.07817482203245163,,2.1497690030515706,1.0,6,50
E_combined,1023,47,1.806223750114441,0.07817482203245163,,2.1481170550533224,1.0,7,50
E_combined,1023,48,1.806223750114441,0.07817482203245163,,2.1475589078988744,1.0,8,50
E_combined,1023,49,1.806223750114441,0.07817482203245163,,2.1554974509023577,1.0,9,50
E_combined,1023,50,1.806223750114441,0.07817482203245163,,2.154203410908738,1.0,10,50
E_combined,1023,51,1.806223750114441,0.07817482203245163,,2.149623193129294,1.0,11,50
E_combined,1023,52,1.806223750114441,0.07817482203245163,,2.1484111613908254,1.0,12,50
E_combined,1023,53,1.806223750114441,0.07817482203245163,,2.140121186977973,1.0,13,50
E_combined,1023,54,1.806223750114441,0.07817482203245163,,2.146660761252785,1.0,14,50
E_combined,1023,55,1.806223750114441,0.07817482203245163,,2.1420359699594167,1.0,15,50
E_combined,1023,56,1.806223750114441,0.07817482203245163,,2.143265381814408,1.0,16,50
E_combined,1023,57,1.806223750114441,0.07817482203245163,,2.1531086799817087,1.0,17,50
E_combined,1023,58,1.806223750114441,0.07817482203245163,,2.1381514409547013,1.0,18,50
E_combined,1023,59,1.806223750114441,0.07817482203245163,,2.1417619326345725,1.0,19,50
E_combined,1023,60,1.806223750114441,0.07817482203245163,,2.1523809050090894,1.0,0,50
E_combined,1023,61,1.806223750114441,0.07817482203245163,,2.146386685273197,1.0,1,50
E_combined,1023,62,1.806223750114441,0.07817482203245163,,2.1327153033250608,1.0,2,50
E_combined,1023,63,1.806223750114441,0.07817482203245163,,2.144390424943017,1.0,3,50
E_combined,1023,64,1.806223750114441,0.07817482203245163,,2.147064269713852,1.0,4,50
E_combined,1023,65,1.806223750114441,0.07817482203245163,,2.1479525682519456,1.0,5,50
E_combined,1023,66,1.806223750114441,0.07817482203245163,,2.149444501139225,1.0,6,50
E_combined,1023,67,1.806223750114441,0.07817482203245163,,2.1458105472045466,1.0,7,50
E_combined,1023,68,1.7987004518508911,0.081615149974823,,2.150864332853383,1.0,0,50
E_combined,1023,69,1.7987004518508911,0.081615149974823,,2.1442364465425574,1.0,1,50
E_combined,1023,70,1.7987004518508911,0.081615149974823,,2.1501015157601433,1.0,2,50
E_combined,1023,71,1.7987004518508911,0.081615149974823,,2.147240514273411,1.0,3,50
E_combined,1023,72,1.7987004518508911,0.081615149974823,,2.1381433130242273,1.0,4,50
E_combined,1023,73,1.7987004518508911,0.081615149974823,,2.143002322603289,1.0,5,50
E_combined,1023,74,1.7987004518508911,0.081615149974823,,2.1335079370529164,1.0,6,50
E_combined,1023,75,1.7987004518508911,0.081615149974823,,2.1479641315709794,1.0,7,50
E_combined,1023,76,1.7987004518508911,0.081615149974823,,2.142848611901496,1.0,8,50
E_combined,1023,77,1.7987004518508911,0.081615149974823,,2.1278955971759,1.0,9,50
E_combined,1023,78,1.7987004518508911,0.081615149974823,,2.1401187600406866,1.0,10,50
E_combined,1023,79,1.7987004518508911,0.081615149974823,,2.1315586737267935,1.0,11,50
E_combined,1023,80,1.7987004518508911,0.081615149974823,,2.1393084576376484,1.0,12,50
E_combined,1023,81,1.7987004518508911,0.081615149974823,,2.1481474109095817,1.0,13,50
E_combined,1023,82,1.7987004518508911,0.081615149974823,,2.1423898133208215,1.0,14,50
E_combined,1023,83,1.7987004518508911,0.081615149974823,,2.1416661636297887,1.0,15,50
E_combined,1023,84,1.7987004518508911,0.081615149974823,,2.1446552702128843,1.0,16,50
E_combined,1023,85,1.7987004518508911,0.081615149974823,,2.1383355630579564,1.0,17,50
E_combined,1023,86,1.7987004518508911,0.081615149974823,,2.1512002246588224,1.0,18,50
E_combined,1023,87,1.7987004518508911,0.081615149974823,,2.1400880618509284,1.0,19,50
E_combined,1023,88,1.7987004518508911,0.081615149974823,,2.1485157149124894,1.0,0,50
E_combined,1023,89,1.7987004518508911,0.081615149974823,,2.152468109019544,1.0,1,50
E_combined,1023,90,1.7987004518508911,0.081615149974823,,2.1476889804497943,1.0,2,50
E_combined,1023,91,1.7987004518508911,0.081615149974823,,2.1464350895568773,1.0,3,50
E_combined,1023,92,1.7987004518508911,0.081615149974823,,2.1526989467340365,1.0,4,50
E_combined,1023,93,1.7987004518508911,0.081615149974823,,2.146753928701859,1.0,5,50
E_combined,1023,94,1.7987004518508911,0.081615149974823,,2.1446295514294156,1.0,6,50
E_combined,1023,95,1.7987004518508911,0.081615149974823,,2.145213877454914,1.0,7,50
E_combined,1023,96,1.7987004518508911,0.081615149974823,,2.145902689829257,1.0,8,50
E_combined,1023,97,1.7951133251190186,0.06721742451190948,,2.1347925592170607,1.0,0,50
E_combined,1023,98,1.7951133251190186,0.06721742451190948,,2.1385367440658856,1.0,1,50
E_combined,1023,99,1.7951133251190186,0.06721742451190948,,2.13534478228417,1.0,2,50
E_combined,1023,100,1.7951133251190186,0.06721742451190948,,2.1483014470170443,1.0,3,50
E_combined,1023,101,1.7951133251190186,0.06721742451190948,,2.1419410692279754,1.0,4,50
E_combined,1023,102,1.7951133251190186,0.06721742451190948,,2.1450345554688703,1.0,5,50
E_combined,1023,103,1.7951133251190186,0.06721742451190948,,2.1479044558454663,1.0,6,50
E_combined,1023,104,1.7951133251190186,0.06721742451190948,,2.137814263700767,1.0,7,50
E_combined,1023,105,1.7951133251190186,0.06721742451190948,,2.1365462456775215,1.0,8,50
E_combined,1023,106,1.7951133251190186,0.06721742451190948,,2.146891407941584,1.0,9,50
E_combined,1023,107,1.7951133251190186,0.06721742451190948,,2.1405217458633916,1.0,10,50
E_combined,1023,108,1.7951133251190186,0.06721742451190948,,2.139283486961256,1.0,11,50
E_combined,1023,109,1.7951133251190186,0.06721742451190948,,2.1314042000082143,1.0,12,50
E_combined,1023,110,1.7951133251190186,0.06721742451190948,,2.1396466302733526,1.0,13,50
E_combined,1023,111,1.7951133251190186,0.06721742451190948,,2.141701057585231,1.0,14,50
E_combined,1023,112,1.7951133251190186,0.06721742451190948,,2.1403000356814195,1.0,15,50
E_combined,1023,113,1.7951133251190186,0.06721742451190948,,2.140464405598908,1.0,16,50
E_combined,1023,114,1.7951133251190186,0.06721742451190948,,2.1477618171588384,1.0,17,50
E_combined,1023,115,1.7951133251190186,0.06721742451190948,,2.135061505760403,1.0,18,50
E_combined,1023,116,1.7951133251190186,0.06721742451190948,,2.1389019311278674,1.0,19,50
E_combined,1023,117,1.7951133251190186,0.06721742451190948,,2.145573918133006,1.0,0,50
E_combined,1023,118,1.7951133251190186,0.06721742451190948,,2.140526000753396,1.0,1,50
E_combined,1023,119,1.7951133251190186,0.06721742451190948,,2.1416248125097175,1.0,2,50
E_combined,1023,120,1.7951133251190186,0.06721742451190948,,2.134310158138524,1.0,3,50
E_combined,1023,121,1.7951133251190186,0.06721742451190948,,2.140227729497129,1.0,4,50
E_combined,1023,122,1.7951133251190186,0.06721742451190948,,2.131050953165447,1.0,5,50
E_combined,1023,123,1.7951133251190186,0.06721742451190948,,2.1324640865910083,1.0,6,50
E_combined,1023,124,1.7951133251190186,0.06721742451190948,,2.133762742928109,1.0,7,50
E_combined,1023,125,1.7951133251190186,0.06721742451190948,,2.1253295735147417,1.0,8,50
E_combined,1023,126,1.7951133251190186,0.06721742451190948,,2.131422660814153,1.0,9,50
E_combined,1023,127,1.7951133251190186,0.06721742451190948,,2.132866078244552,1.0,10,50
E_combined,1023,128,1.7951133251190186,0.06721742451190948,,2.136815906368399,1.0,11,50
E_combined,1023,129,1.7951133251190186,0.06721742451190948,,2.1377074689150963,1.0,12,50
E_combined,1023,130,1.7951133251190186,0.06721742451190948,,2.1372750265538567,1.0,13,50
E_combined,1023,131,1.7951133251190186,0.06721742451190948,,2.132088289577061,1.0,14,50
E_combined,1023,132,1.7951133251190186,0.06721742451190948,,2.1240104751768074,1.0,15,50
E_combined,1023,133,1.7951133251190186,0.06721742451190948,,2.1378010490797266,1.0,16,50
E_combined,1023,134,1.7951133251190186,0.06721742451190948,,2.1261117609173183,1.0,17,50
E_combined,1023,135,1.7951133251190186,0.06721742451190948,,2.1331223774903534,1.0,18,50
E_combined,1023,136,1.7951133251190186,0.06721742451190948,,2.1338607580591877,1.0,19,50
E_combined,1023,137,1.7951133251190186,0.06721742451190948,,2.1387630641231414,1.0,0,50
E_combined,1023,138,1.7951133251190186,0.06721742451190948,,2.1333931416047194,1.0,1,50
E_combined,1023,139,1.7951133251190186,0.06721742451190948,,2.141540337152102,1.0,2,50
E_combined,1023,140,1.759291172027588,0.06032712385058403,,2.1399079663363594,1.0,0,50
E_combined,1023,141,1.759291172027588,0.06032712385058403,,2.127652902824724,1.0,1,50
E_combined,1023,142,1.759291172027588,0.06032712385058403,,2.1306964570102696,1.0,2,50
E_combined,1023,143,1.759291172027588,0.06032712385058403,,2.132394607707355,1.0,3,50
E_combined,1023,144,1.759291172027588,0.06032712385058403,,2.136159529158506,1.0,4,50
E_combined,1023,145,1.759291172027588,0.06032712385058403,,2.1298627008948277,1.0,5,50
E_combined,1023,146,1.759291172027588,0.06032712385058403,,2.122720343556656,1.0,6,50
E_combined,1023,147,1.759291172027588,0.06032712385058403,,2.136225803047253,1.0,7,50
E_combined,1023,148,1.759291172027588,0.06032712385058403,,2.12318203064319,1.0,8,50
E_combined,1023,149,1.759291172027588,0.06032712385058403,,2.1147507822577216,1.0,9,50
E_combined,1023,150,1.759291172027588,0.06032712385058403,,2.13263741784076,1.0,10,50
E_combined,1023,151,1.759291172027588,0.06032712385058403,,2.120728707020394,1.0,11,50
E_combined,1023,152,1.759291172027588,0.06032712385058403,,2.122984847737591,1.0,12,50
E_combined,1023,153,1.759291172027588,0.06032712385058403,,2.1197716349306934,1.0,13,50
E_combined,1023,154,1.759291172027588,0.06032712385058403,,2.1282313333466276,1.0,14,50
E_combined,1023,155,1.759291172027588,0.06032712385058403,,2.129948594873998,1.0,15,50
E_combined,1023,156,1.759291172027588,0.06032712385058403,,2.1349492071246092,1.0,16,50
E_combined,1023,157,1.759291172027588,0.06032712385058403,,2.124229419903864,1.0,17,50
E_combined,1023,158,1.759291172027588,0.06032712385058403,,2.1242429859424763,1.0,18,50
E_combined,1023,159,1.759291172027588,0.06032712385058403,,2.111043835964098,1.0,19,50
E_combined,1023,160,1.759291172027588,0.06032712385058403,,2.1093196452581453,1.0,0,50
E_combined,1023,161,1.759291172027588,0.06032712385058403,,2.1157016231316157,1.0,1,50
E_combined,1023,162,1.759291172027588,0.06032712385058403,,2.108646500713639,1.0,2,50
E_combined,1023,163,1.759291172027588,0.06032712385058403,,2.1162667169327816,1.0,3,50
E_combined,1023,164,1.759291172027588,0.06032712385058403,,2.1179518680732308,1.0,4,50
E_combined,1023,165,1.759291172027588,0.06032712385058403,,2.107343859881172,1.0,5,50
E_combined,1023,166,1.759291172027588,0.06032712385058403,,2.1243680666440268,1.0,6,50
E_combined,1023,167,1.759291172027588,0.06032712385058403,,2.1244894266654732,1.0,7,50
E_combined,1023,168,1.759291172027588,0.06032712385058403,,2.1185135205123293,1.0,8,50
E_combined,1023,169,1.759291172027588,0.06032712385058403,,2.128162210051783,1.0,9,50
E_combined,1023,170,1.759291172027588,0.06032712385058403,,2.122262166292367,1.0,10,50
E_combined,1023,171,1.759291172027588,0.06032712385058403,,2.108763048753106,1.0,11,50
E_combined,1023,172,1.759291172027588,0.06032712385058403,,2.1156542250079697,1.0,12,50
E_combined,1023,173,1.759291172027588,0.06032712385058403,,2.1038439467442136,1.0,13,50
E_combined,1023,174,1.759291172027588,0.06032712385058403,,2.1055128356568527,1.0,14,50
E_combined,1023,175,1.759291172027588,0.06032712385058403,,2.11214741765047,1.0,15,50
E_combined,1023,176,1.759291172027588,0.06032712385058403,,2.1009239047912467,1.0,16,50
E_combined,1023,177,1.759291172027588,0.06032712385058403,,2.1088748051263977,1.0,17,50
E_combined,1023,178,1.759291172027588,0.06032712385058403,,2.1104642484523755,1.0,18,50
E_combined,1023,179,1.759291172027588,0.06032712385058403,,2.1050674182192393,1.0,19,50
E_combined,1023,180,1.759291172027588,0.06032712385058403,,2.1128549992338974,1.0,0,50
E_combined,1023,181,1.759291172027588,0.06032712385058403,,2.1044066308103146,1.0,1,50
E_combined,1023,182,1.759291172027588,0.06032712385058403,,2.0903008191442254,1.0,2,50
E_combined,1023,183,1.759291172027588,0.06032712385058403,,2.096362869312859,1.0,3,50
E_combined,1023,184,1.759291172027588,0.06032712385058403,,2.0833239897046005,1.0,4,50
E_combined,1023,185,1.759291172027588,0.06032712385058403,,2.0830500722590117,1.0,5,50
E_combined,1023,186,1.759291172027588,0.06032712385058403,,2.069192083445227,1.0,6,50
E_combined,1023,187,1.759291172027588,0.06032712385058403,,2.0739771738206443,1.0,7,50
E_combined,1023,188,1.759291172027588,0.06032712385058403,,2.085570370531095,1.0,8,50
E_combined,1023,189,1.759291172027588,0.06032712385058403,,2.075236160894321,1.0,9,50
E_combined,1023,190,1.759291172027588,0.06032712385058403,,2.086891386198192,1.0,10,50
E_combined,1023,191,1.759291172027588,0.06032712385058403,,2.096043862335399,1.0,11,50
E_combined,1023,192,1.759291172027588,0.06032712385058403,,2.0781350762168818,1.0,12,50
E_combined,1023,193,1.759291172027588,0.06032712385058403,,2.094709285454132,1.0,13,50
E_combined,1023,194,1.759291172027588,0.06032712385058403,,2.099670633018894,1.0,14,50
E_combined,1023,195,1.759291172027588,0.06032712385058403,,2.090228871731386,1.0,15,50
E_combined,1023,196,1.759291172027588,0.06032712385058403,,2.0863152554002786,1.0,16,50
E_combined,1023,197,1.759291172027588,0.06032712385058403,,2.0862273518163996,1.0,17,50
E_combined,1023,198,1.759291172027588,0.06032712385058403,,2.099108826018326,1.0,18,50
E_combined,1023,199,1.759291172027588,0.06032712385058403,,2.0877588028918415,1.0,19,50
E_combined,1023,200,1.759291172027588,0.06032712385058403,,2.0946773156989202,1.0,0,50
E_combined,1023,201,1.759291172027588,0.06032712385058403,,2.0905396616639695,1.0,1,50
E_combined,1023,202,1.759291172027588,0.06032712385058403,,2.0908480559829017,1.0,2,50
E_combined,1023,203,1.759291172027588,0.06032712385058403,,2.0856702814013612,1.0,3,50
E_combined,1023,204,1.759291172027588,0.06032712385058403,,2.08574232913536,1.0,4,50
E_combined,1023,205,1.759291172027588,0.06032712385058403,,2.080567948862568,1.0,5,50
E_combined,1023,206,1.759291172027588,0.06032712385058403,,2.0765865318534975,1.0,6,50
E_combined,1023,207,1.759291172027588,0.06032712385058403,,2.0663288159219673,1.0,7,50
E_combined,1023,208,1.759291172027588,0.06032712385058403,,2.06468927675493,1.0,8,50
E_combined,1023,209,1.759291172027588,0.06032712385058403,,2.067818076670621,1.0,9,50
E_combined,1023,210,1.759291172027588,0.06032712385058403,,2.0654401847626778,1.0,10,50
E_combined,1023,211,1.759291172027588,0.06032712385058403,,2.064430139361977,1.0,11,50
E_combined,1023,212,1.759291172027588,0.06032712385058403,,2.076416667258075,1.0,12,50
E_combined,1023,213,1.759291172027588,0.06032712385058403,,2.0653758504426647,1.0,13,50
E_combined,1023,214,1.759291172027588,0.06032712385058403,,2.069494809691151,1.0,14,50
E_combined,1023,215,1.759291172027588,0.06032712385058403,,2.06281891404732,1.0,15,50
E_combined,1023,216,1.759291172027588,0.06032712385058403,,2.064014240045062,1.0,16,50
E_combined,1023,217,1.759291172027588,0.06032712385058403,,2.065355905825822,1.0,17,50
E_combined,1023,218,1.759291172027588,0.06032712385058403,,2.0547567674029796,1.0,18,50
E_combined,1023,219,1.759291172027588,0.06032712385058403,,2.0265088329532137,1.0,19,50
E_combined,1023,220,1.759291172027588,0.06032712385058403,,2.0552485425857534,1.0,0,50
E_combined,1023,221,1.759291172027588,0.06032712385058403,,2.056379260166463,1.0,1,50
E_combined,1023,222,1.759291172027588,0.06032712385058403,,2.056343847015052,1.0,2,50
E_combined,1023,223,1.759291172027588,0.06032712385058403,,2.054120784240755,1.0,3,50
E_combined,1023,224,1.759291172027588,0.06032712385058403,,2.0331767885068572,1.0,4,50
E_combined,1023,225,1.759291172027588,0.06032712385058403,,2.0398447422586674,1.0,5,50
E_combined,1023,226,1.759291172027588,0.06032712385058403,,2.0307515579048765,1.0,6,50
E_combined,1023,227,1.759291172027588,0.06032712385058403,,2.0445079224905833,1.0,7,50
E_combined,1023,228,1.759291172027588,0.06032712385058403,,2.036605151868307,1.0,8,50
E_combined,1023,229,1.759291172027588,0.06032712385058403,,2.041026324987749,1.0,9,50
E_combined,1023,230,1.759291172027588,0.06032712385058403,,2.0529060382160975,1.0,10,50
E_combined,1023,231,1.759291172027588,0.06032712385058403,,2.0323133059210896,1.0,11,50
E_combined,1023,232,1.759291172027588,0.06032712385058403,,2.0340826615221026,1.0,12,50
E_combined,1023,233,1.759291172027588,0.06032712385058403,,2.0480631723544884,1.0,13,50
E_combined,1023,234,1.759291172027588,0.06032712385058403,,2.0655606011481447,1.0,14,50
E_combined,1023,235,1.759291172027588,0.06032712385058403,,2.0509450017434268,1.0,15,50
E_combined,1023,236,1.759291172027588,0.06032712385058403,,2.047079408345629,1.0,16,50
E_combined,1023,237,1.759291172027588,0.06032712385058403,,2.0544145578788604,1.0,17,50
E_combined,1023,238,1.759291172027588,0.06032712385058403,,2.0352023952976874,1.0,18,50
E_combined,1023,239,1.759291172027588,0.06032712385058403,,2.0156602779023864,1.0,19,50
E_combined,1023,240,1.759291172027588,0.06032712385058403,,2.0300531884245343,1.0,0,50
E_combined,1023,241,1.759291172027588,0.06032712385058403,,2.0258232869477912,1.0,1,50
E_combined,1023,242,1.759291172027588,0.06032712385058403,,2.022922485687471,1.0,2,50
E_combined,1023,243,1.759291172027588,0.06032712385058403,,2.0359724032853785,1.0,3,50
E_combined,1023,244,1.759291172027588,0.06032712385058403,,2.029474166898909,1.0,4,50
E_combined,1023,245,1.759291172027588,0.06032712385058403,,2.0442980999306117,1.0,5,50
E_combined,1023,246,1.759291172027588,0.06032712385058403,,2.0357344743747525,1.0,6,50
E_combined,1023,247,1.759291172027588,0.06032712385058403,,2.0380904296490163,1.0,7,50
E_combined,1023,248,1.759291172027588,0.06032712385058403,,2.0410386366402173,1.0,8,50
E_combined,1023,249,1.759291172027588,0.06032712385058403,,2.044121892491204,1.0,9,50
E_combined,1023,250,1.759291172027588,0.06032712385058403,,2.0364343268940246,1.0,10,50
