arm,seed,gen,best_ppf,sigma,h_hist_pop,div,stag,n_al
A_baseline,42,1,1.9118238687515259,0.08151377737522125,1.7196721425001171,1.0,1,24
A_baseline,42,2,1.8919564485549927,0.06003950536251068,1.7106829279663276,1.0,0,48
A_baseline,42,3,1.8410801887512207,0.054663851857185364,1.7042956258890736,1.0,0,50
A_baseline,42,4,1.8410801887512207,0.054663851857185364,1.722431622268408,1.0,1,50
A_baseline,42,5,1.8410801887512207,0.054663851857185364,1.7450889799010958,1.0,2,50
A_baseline,42,6,1.8410801887512207,0.054663851857185364,1.732119710560168,1.0,3,50
A_baseline,42,7,1.8410801887512207,0.054663851857185364,1.717598428894748,1.0,4,50
A_baseline,42,8,1.8410801887512207,0.054663851857185364,1.7010185873345367,1.0,5,50
A_baseline,42,9,1.8410801887512207,0.054663851857185364,1.695232678543301,1.0,6,50
A_baseline,42,10,1.8410801887512207,0.054663851857185364,1.699557258508435,1.0,7,50
A_baseline,42,11,1.8409396409988403,0.04905513674020767,1.7120143639921641,1.0,0,50
A_baseline,42,12,1.8409396409988403,0.04905513674020767,1.702433289771987,1.0,1,50
A_baseline,42,13,1.8409396409988403,0.04905513674020767,1.7140064286064696,1.0,2,50
A_baseline,42,14,1.8292487859725952,0.05152488127350807,1.7090749545032224,1.0,0,50
A_baseline,42,15,1.815123438835144,0.06277384608983994,1.7012449220042836,1.0,0,50
A_baseline,42,16,1.815123438835144,0.06277384608983994,1.7278253544132822,1.0,1,50
A_baseline,42,17,1.815123438835144,0.06277384608983994,1.7352000842062778,1.0,2,50
A_baseline,42,18,1.815123438835144,0.06277384608983994,1.695223324948194,1.0,3,50
A_baseline,42,19,1.815123438835144,0.06277384608983994,1.6782947355645637,1.0,4,50
A_baseline,42,20,1.815123438835144,0.06277384608983994,1.7064460483334007,1.0,5,50
A_baseline,42,21,1.815123438835144,0.06277384608983994,1.6950183950819042,1.0,6,50
A_baseline,42,22,1.815123438835144,0.06277384608983994,1.7010497537377902,1.0,7,50
A_baseline,42,23,1.815123438835144,0.06277384608983994,1.7067796321706379,1.0,8,50
A_baseline,42,24,1.815123438835144,0.06277384608983994,1.7125687032440022,1.0,9,50
A_baseline,42,25,1.815123438835144,0.06277384608983994,1.710435611181929,1.0,10,50
A_baseline,42,26,1.815123438835144,0.06277384608983994,1.723577311668258,1.0,11,50
A_baseline,42,27,1.815123438835144,0.06277384608983994,1.7162403124259051,1.0,12,50
A_baseline,42,28,1.815123438835144,0.06277384608983994,1.722192149815072,1.0,13,50
A_baseline,42,29,1.815123438835144,0.06277384608983994,1.6863072408874273,1.0,14,50
A_baseline,42,30,1.815123438835144,0.06277384608983994,1.6984603105609677,1.0,15,50
A_baseline,42,31,1.815123438835144,0.06277384608983994,1.705491319607051,1.0,16,50
A_baseline,42,32,1.8079148530960083,0.06245700642466545,1.7334164466198705,1.0,0,50
A_baseline,42,33,1.8079148530960083,0.06245700642466545,1.732943494428338,1.0,1,50
A_baseline,42,34,1.8079148530960083,0.06245700642466545,1.7423341033031876,1.0,2,50
A_baseline,42,35,1.8079148530960083,0.06245700642466545,1.7384410607331982,1.0,3,50
A_baseline,42,36,1.8079148530960083,0.06245700642466545,1.7309029339141064,1.0,4,50
A_baseline,42,37,1.8079148530960083,0.06245700642466545,1.7476739047602698,1.0,5,50
A_baseline,42,38,1.8079148530960083,0.06245700642466545,1.7304445559426282,1.0,6,50
A_baseline,42,39,1.8079148530960083,0.06245700642466545,1.7010181575567667,1.0,7,50
A_baseline,42,40,1.8079148530960083,0.06245700642466545,1.7210247598839652,1.0,8,50
A_baseline,42,41,1.8079148530960083,0.06245700642466545,1.725556795904986,1.0,9,50
A_baseline,42,42,1.8079148530960083,0.06245700642466545,1.7367981623487896,1.0,10,50
A_baseline,42,43,1.8079148530960083,0.06245700642466545,1.7457181878965542,1.0,11,50
A_baseline,42,44,1.8079148530960083,0.06245700642466545,1.7263552373622537,1.0,12,50
A_baseline,42,45,1.8079148530960083,0.06245700642466545,1.701500615804993,1.0,13,50
A_baseline,42,46,1.8079148530960083,0.06245700642466545,1.7076070836534925,1.0,14,50
A_baseline,42,47,1.8079148530960083,0.06245700642466545,1.6789228091183483,1.0,15,50
A_baseline,42,48,1.8079148530960083,0.06245700642466545,1.6660957146051616,1.0,16,50
A_baseline,42,49,1.8079148530960083,0.06245700642466545,1.67250923944012,1.0,17,50
A_baseline,42,50,1.8079148530960083,0.06245700642466545,1.6824328350476592,1.0,18,50
A_baseline,42,51,1.8079148530960083,0.06245700642466545,1.6756714998755398,1.0,19,50
A_baseline,42,52,1.8079148530960083,0.06245700642466545,1.7080123298211531,1.0,0,50
A_baseline,42,53,1.8079148530960083,0.06245700642466545,1.6954844339244466,1.0,1,50
A_baseline,42,54,1.8079148530960083,0.06245700642466545,1.7021479219837188,1.0,2,50
A_baseline,42,55,1.8079148530960083,0.06245700642466545,1.680244467866668,1.0,3,50
A_baseline,42,56,1.8079148530960083,0.06245700642466545,1.68938261064159,1.0,4,50
A_baseline,42,57,1.8079148530960083,0.06245700642466545,1.6819481836222425,1.0,5,50
A_baseline,42,58,1.8079148530960083,0.06245700642466545,1.6957133532370612,1.0,6,50
A_baseline,42,59,1.8079148530960083,0.06245700642466545,1.709842298190234,1.0,7,50
A_baseline,42,60,1.8079148530960083,0.06245700642466545,1.7145306722463383,1.0,8,50
A_baseline,42,61,1.8079148530960083,0.06245700642466545,1.7079595278407118,1.0,9,50
A_baseline,42,62,1.8079148530960083,0.06245700642466545,1.6846350388840332,1.0,10,50
A_baseline,42,63,1.8079148530960083,0.06245700642466545,1.687172658768642,1.0,11,50
A_baseline,42,64,1.8079148530960083,0.06245700642466545,1.715185364272409,1.0,12,50
A_baseline,42,65,1.8079148530960083,0.06245700642466545,1.740964952467144,1.0,13,50
A_baseline,42,66,1.8079148530960083,0.06245700642466545,1.7306524761120274,1.0,14,50
A_baseline,42,67,1.8079148530960083,0.06245700642466545,1.7365632513504787,1.0,15,50
A_baseline,42,68,1.8079148530960083,0.06245700642466545,1.7210864458008694,1.0,16,50
A_baseline,42,69,1.8079148530960083,0.06245700642466545,1.6968867314399538,1.0,17,50
A_baseline,42,70,1.8079148530960083,0.06245700642466545,1.6861710487062571,1.0,18,50
A_baseline,42,71,1.8079148530960083,0.06245700642466545,1.70062957281251,1.0,19,50
A_baseline,42,72,1.8079148530960083,0.06245700642466545,1.7004833332363354,1.0,0,50
A_baseline,42,73,1.8079148530960083,0.06245700642466545,1.6761971577765482,1.0,1,50
A_baseline,42,74,1.8079148530960083,0.06245700642466545,1.6740560395686834,1.0,2,50
A_baseline,42,75,1.8079148530960083,0.06245700642466545,1.6979517772849617,1.0,3,50
A_baseline,42,76,1.8079148530960083,0.06245700642466545,1.6928781011783571,1.0,4,50
A_baseline,42,77,1.8079148530960083,0.06245700642466545,1.697030535432418,1.0,5,50
A_baseline,42,78,1.8079148530960083,0.06245700642466545,1.6892035226331918,1.0,6,50
A_baseline,42,79,1.8079148530960083,0.06245700642466545,1.711037541546696,1.0,7,50
A_baseline,42,80,1.8079148530960083,0.06245700642466545,1.6868430670426398,1.0,8,50
A_baseline,42,81,1.8079148530960083,0.06245700642466545,1.6906487961898131,1.0,9,50
A_baseline,42,82,1.8079148530960083,0.06245700642466545,1.6800248709353744,1.0,10,50
A_baseline,42,83,1.7823076248168945,0.06448734551668167,1.7085847941698526,1.0,0,50
A_baseline,42,84,1.7823076248168945,0.06448734551668167,1.6860757329251064,1.0,1,50
A_baseline,42,85,1.7823076248168945,0.06448734551668167,1.6683500565568294,1.0,2,50
A_baseline,42,86,1.7823076248168945,0.06448734551668167,1.678790869634336,1.0,3,50
A_baseline,42,87,1.7823076248168945,0.06448734551668167,1.6829211315058576,1.0,4,50
A_baseline,42,88,1.7823076248168945,0.06448734551668167,1.6821093758557413,1.0,5,50
A_baseline,42,89,1.7823076248168945,0.06448734551668167,1.657798567344199,1.0,6,50
A_baseline,42,90,1.7823076248168945,0.06448734551668167,1.6663156747895813,1.0,7,50
A_baseline,42,91,1.7823076248168945,0.06448734551668167,1.6434385761805728,1.0,8,50
A_baseline,42,92,1.7823076248168945,0.06448734551668167,1.6456127274904544,1.0,9,50
A_baseline,42,93,1.7823076248168945,0.06448734551668167,1.6403298067948295,1.0,10,50
A_baseline,42,94,1.7823076248168945,0.06448734551668167,1.65224886355477,1.0,11,50
A_baseline,42,95,1.7823076248168945,0.06448734551668167,1.6626782818580281,1.0,12,50
A_baseline,42,96,1.7823076248168945,0.06448734551668167,1.6965120255901165,1.0,13,50
A_baseline,42,97,1.7823076248168945,0.06448734551668167,1.706736599553799,1.0,14,50
A_baseline,42,98,1.7823076248168945,0.06448734551668167,1.6805893686962525,1.0,15,50
A_baseline,42,99,1.7823076248168945,0.06448734551668167,1.69218199440099,1.0,16,50
A_baseline,42,100,1.7823076248168945,0.06448734551668167,1.6940331930604042,1.0,17,50
A_baseline,42,101,1.7823076248168945,0.06448734551668167,1.6885443687204853,1.0,18,50
A_baseline,42,102,1.7823076248168945,0.06448734551668167,1.688009799574745,1.0,19,50
A_baseline,42,103,1.7823076248168945,0.06448734551668167,1.6967072177552955,1.0,0,50
A_baseline,42,104,1.7823076248168945,0.06448734551668167,1.7026961577872222,1.0,1,50
A_baseline,42,105,1.7823076248168945,0.06448734551668167,1.6993397372338777,1.0,2,50
A_baseline,42,106,1.7823076248168945,0.06448734551668167,1.697621927205605,1.0,3,50
A_baseline,42,107,1.7823076248168945,0.06448734551668167,1.6787991968266056,1.0,4,50
A_baseline,42,108,1.7823076248168945,0.06448734551668167,1.6591718270249687,1.0,5,50
A_baseline,42,109,1.7823076248168945,0.06448734551668167,1.650674068962989,1.0,6,50
A_baseline,42,110,1.7823076248168945,0.06448734551668167,1.6646817865198875,1.0,7,50
A_baseline,42,111,1.7823076248168945,0.06448734551668167,1.6677694954225668,1.0,8,50
A_baseline,42,112,1.7823076248168945,0.06448734551668167,1.6551351437866573,1.0,9,50
A_baseline,42,113,1.7823076248168945,0.06448734551668167,1.6367534170056306,1.0,10,50
A_baseline,42,114,1.7823076248168945,0.06448734551668167,1.6137169973926984,1.0,11,50
A_baseline,42,115,1.7823076248168945,0.06448734551668167,1.6241695928189013,1.0,12,50
A_baseline,42,116,1.7823076248168945,0.06448734551668167,1.6433971829464076,1.0,13,50
A_baseline,42,117,1.7823076248168945,0.06448734551668167,1.6575829776195772,1.0,14,50
A_baseline,42,118,1.7823076248168945,0.06448734551668167,1.6540634109908554,1.0,15,50
A_baseline,42,119,1.7823076248168945,0.06448734551668167,1.6436674293383229,1.0,16,50
A_baseline,42,120,1.7823076248168945,0.06448734551668167,1.6605633884742428,1.0,17,50
A_baseline,42,121,1.7823076248168945,0.06448734551668167,1.6553549573676392,1.0,18,50
A_baseline,42,122,1.7823076248168945,0.06448734551668167,1.6540962475784193,1.0,19,50
A_baseline,42,123,1.7823076248168945,0.06448734551668167,1.689063411436888,1.0,0,50
A_baseline,42,124,1.7823076248168945,0.06448734551668167,1.6643766478249484,1.0,1,50
A_baseline,42,125,1.7823076248168945,0.06448734551668167,1.6711923863789502,1.0,2,50
A_baseline,42,126,1.7823076248168945,0.06448734551668167,1.654503623517484,1.0,3,50
A_baseline,42,127,1.7823076248168945,0.06448734551668167,1.6578342861293887,1.0,4,50
A_baseline,42,128,1.7823076248168945,0.06448734551668167,1.677933928407193,1.0,5,50
A_baseline,42,129,1.7823076248168945,0.06448734551668167,1.6781628144943477,1.0,6,50
A_baseline,42,130,1.7823076248168945,0.06448734551668167,1.667955239436969,1.0,7,50
A_baseline,42,131,1.7823076248168945,0.06448734551668167,1.6519153725946734,1.0,8,50
A_baseline,42,132,1.7823076248168945,0.06448734551668167,1.6451661670672328,1.0,9,50
A_baseline,42,133,1.7823076248168945,0.06448734551668167,1.6773562814292344,1.0,10,50
A_baseline,42,134,1.7823076248168945,0.06448734551668167,1.6846859163713992,1.0,11,50
A_baseline,42,135,1.7823076248168945,0.06448734551668167,1.6676683090480986,1.0,12,50
A_baseline,42,136,1.7823076248168945,0.06448734551668167,1.6811029689822252,1.0,13,50
A_baseline,42,137,1.7823076248168945,0.06448734551668167,1.6661565648365886,1.0,14,50
A_baseline,42,138,1.7823076248168945,0.06448734551668167,1.66346359469988,1.0,15,50
A_baseline,42,139,1.7823076248168945,0.06448734551668167,1.6596926409393047,1.0,16,50
A_baseline,42,140,1.7823076248168945,0.06448734551668167,1.6425779111329086,1.0,17,50
A_baseline,42,141,1.7823076248168945,0.06448734551668167,1.6301104108746705,1.0,18,50
A_baseline,42,142,1.7823076248168945,0.06448734551668167,1.631329488141606,1.0,19,50
A_baseline,42,143,1.7823076248168945,0.06448734551668167,1.6836170014570913,1.0,0,50
A_baseline,42,144,1.7823076248168945,0.06448734551668167,1.6653725413958427,1.0,1,50
A_baseline,42,145,1.7823076248168945,0.06448734551668167,1.647317689012305,1.0,2,50
A_baseline,42,146,1.7823076248168945,0.06448734551668167,1.6133834817582222,1.0,3,50
A_baseline,42,147,1.7823076248168945,0.06448734551668167,1.6057612842622642,1.0,4,50
A_baseline,42,148,1.7823076248168945,0.06448734551668167,1.6109203679610813,1.0,5,50
A_baseline,42,149,1.7823076248168945,0.06448734551668167,1.617044660644905,1.0,6,50
A_baseline,42,150,1.7823076248168945,0.06448734551668167,1.611409743476544,1.0,7,50
A_baseline,42,151,1.7823076248168945,0.06448734551668167,1.6083177581799073,1.0,8,50
A_baseline,42,152,1.7823076248168945,0.06448734551668167,1.610991572197797,1.0,9,50
A_baseline,42,153,1.7823076248168945,0.06448734551668167,1.6057185181462685,1.0,10,50
A_baseline,42,154,1.7823076248168945,0.06448734551668167,1.5897533087895248,1.0,11,50
A_baseline,42,155,1.7823076248168945,0.06448734551668167,1.626567276588878,1.0,12,50
A_baseline,42,156,1.7823076248168945,0.06448734551668167,1.6206177825455705,1.0,13,50
A_baseline,42,157,1.7823076248168945,0.06448734551668167,1.6360685492568796,1.0,14,50
A_baseline,42,158,1.7823076248168945,0.06448734551668167,1.6038955272124253,1.0,15,50
A_baseline,42,159,1.7823076248168945,0.06448734551668167,1.6296069263854043,1.0,16,50
A_baseline,42,160,1.7823076248168945,0.06448734551668167,1.6297447026753824,1.0,17,50
A_baseline,42,161,1.7823076248168945,0.06448734551668167,1.612578238227932,1.0,18,50
A_baseline,42,162,1.7823076248168945,0.06448734551668167,1.651455709172757,1.0,19,50
A_baseline,42,163,1.7823076248168945,0.06448734551668167,1.6473321946404471,1.0,0,50
A_baseline,42,164,1.7823076248168945,0.06448734551668167,1.6703490033948862,1.0,1,50
A_baseline,42,165,1.7823076248168945,0.06448734551668167,1.6622534573159748,1.0,2,50
A_baseline,42,166,1.7823076248168945,0.06448734551668167,1.6460943696704868,1.0,3,50
A_baseline,42,167,1.7823076248168945,0.06448734551668167,1.6545459409269248,1.0,4,50
A_baseline,42,168,1.7823076248168945,0.06448734551668167,1.6620165733364445,1.0,5,50
A_baseline,42,169,1.7823076248168945,0.06448734551668167,1.6596798328755853,1.0,6,50
A_baseline,42,170,1.7823076248168945,0.06448734551668167,1.6841851810974848,1.0,7,50
A_baseline,42,171,1.7823076248168945,0.06448734551668167,1.6596554418077094,1.0,8,50
A_baseline,42,172,1.7823076248168945,0.06448734551668167,1.6558323535132307,1.0,9,50
A_baseline,42,173,1.7823076248168945,0.06448734551668167,1.6437496289257363,1.0,10,50
A_baseline,42,174,1.7823076248168945,0.06448734551668167,1.6420813564821237,1.0,11,50
A_baseline,42,175,1.7823076248168945,0.06448734551668167,1.622052468426664,1.0,12,50
A_baseline,42,176,1.7823076248168945,0.06448734551668167,1.6168666253047526,1.0,13,50
A_baseline,42,177,1.7823076248168945,0.06448734551668167,1.6179686181028565,1.0,14,50
A_baseline,42,178,1.7823076248168945,0.06448734551668167,1.6476714830996526,1.0,15,50
A_baseline,42,179,1.7823076248168945,0.06448734551668167,1.6216228322050907,1.0,16,50
A_baseline,42,180,1.7823076248168945,0.06448734551668167,1.6288843979172305,1.0,17,50
A_baseline,42,181,1.7823076248168945,0.06448734551668167,1.6246752815443661,1.0,18,50
A_baseline,42,182,1.7823076248168945,0.06448734551668167,1.5953002860374512,1.0,19,50
A_baseline,42,183,1.7823076248168945,0.06448734551668167,1.6342272960828388,1.0,0,50
A_baseline,42,184,1.7823076248168945,0.06448734551668167,1.6442022584790554,1.0,1,50
A_baseline,42,185,1.7823076248168945,0.06448734551668167,1.6552711678686924,1.0,2,50
A_baseline,42,186,1.7823076248168945,0.06448734551668167,1.6462559925341547,1.0,3,50
A_baseline,42,187,1.7823076248168945,0.06448734551668167,1.6343819900367758,1.0,4,50
A_baseline,42,188,1.7823076248168945,0.06448734551668167,1.6218441384681892,1.0,5,50
A_baseline,42,189,1.7823076248168945,0.06448734551668167,1.5954350707950733,1.0,6,50
A_baseline,42,190,1.7823076248168945,0.06448734551668167,1.6138274363216158,1.0,7,50
A_baseline,42,191,1.7823076248168945,0.06448734551668167,1.584601318364146,1.0,8,50
A_baseline,42,192,1.7823076248168945,0.06448734551668167,1.574570094863536,1.0,9,50
A_baseline,42,193,1.7823076248168945,0.06448734551668167,1.5828174593815723,1.0,10,50
A_baseline,42,194,1.7823076248168945,0.06448734551668167,1.5717749614000294,1.0,11,50
A_baseline,42,195,1.7823076248168945,0.06448734551668167,1.5708923440411269,1.0,12,50
A_baseline,42,196,1.7823076248168945,0.06448734551668167,1.574987650670859,1.0,13,50
A_baseline,42,197,1.7823076248168945,0.06448734551668167,1.5788718380787712,1.0,14,50
A_baseline,42,198,1.7823076248168945,0.06448734551668167,1.5542964921840032,1.0,15,50
A_baseline,42,199,1.7823076248168945,0.06448734551668167,1.5692989757218732,1.0,16,50
A_baseline,42,200,1.7823076248168945,0.06448734551668167,1.5550889536330141,1.0,17,50
A_baseline,42,201,1.7823076248168945,0.06448734551668167,1.5587568020807383,1.0,18,50
A_baseline,42,202,1.7823076248168945,0.06448734551668167,1.563289803095104,1.0,19,50
A_baseline,42,203,1.7823076248168945,0.06448734551668167,1.5866230182571317,1.0,0,50
A_baseline,42,204,1.7823076248168945,0.06448734551668167,1.577259909411174,1.0,1,50
A_baseline,42,205,1.7823076248168945,0.06448734551668167,1.6024941372772228,1.0,2,50
A_baseline,42,206,1.7823076248168945,0.06448734551668167,1.607242487436208,1.0,3,50
A_baseline,42,207,1.7823076248168945,0.06448734551668167,1.6018651132592705,1.0,4,50
A_baseline,42,208,1.7823076248168945,0.06448734551668167,1.58931005977045,1.0,5,50
A_baseline,42,209,1.7823076248168945,0.06448734551668167,1.5593616232267355,1.0,6,50
A_baseline,42,210,1.7823076248168945,0.06448734551668167,1.5602067094574932,1.0,7,50
A_baseline,42,211,1.7823076248168945,0.06448734551668167,1.5420022263420974,1.0,8,50
A_baseline,42,212,1.7823076248168945,0.06448734551668167,1.5263686119793605,1.0,9,50
A_baseline,42,213,1.7823076248168945,0.06448734551668167,1.5194038393075873,1.0,10,50
A_baseline,42,214,1.7823076248168945,0.06448734551668167,1.5136105147047676,1.0,11,50
A_baseline,42,215,1.7823076248168945,0.06448734551668167,1.5339964904063619,1.0,12,50
A_baseline,42,216,1.7823076248168945,0.06448734551668167,1.5614513814785416,1.0,13,50
A_baseline,42,217,1.7823076248168945,0.06448734551668167,1.5695003870156505,1.0,14,50
A_baseline,42,218,1.7823076248168945,0.06448734551668167,1.544064262209512,1.0,15,50
A_baseline,42,219,1.7823076248168945,0.06448734551668167,1.5143349604305576,1.0,16,50
A_baseline,42,220,1.7823076248168945,0.06448734551668167,1.5233975476760022,1.0,17,50
A_baseline,42,221,1.7823076248168945,0.06448734551668167,1.5377670540551804,1.0,18,50
A_baseline,42,222,1.7823076248168945,0.06448734551668167,1.5538932320095824,1.0,19,50
A_baseline,42,223,1.7823076248168945,0.06448734551668167,1.5475630369492235,1.0,0,50
A_baseline,42,224,1.7823076248168945,0.06448734551668167,1.5398028059539595,1.0,1,50
A_baseline,42,225,1.7823076248168945,0.06448734551668167,1.5522871163821974,1.0,2,50
A_baseline,42,226,1.7823076248168945,0.06448734551668167,1.5463950464367007,1.0,3,50
A_baseline,42,227,1.7823076248168945,0.06448734551668167,1.5748213076549107,1.0,4,50
A_baseline,42,228,1.7823076248168945,0.06448734551668167,1.5475626071684188,1.0,5,50
A_baseline,42,229,1.7823076248168945,0.06448734551668167,1.5150839275216041,1.0,6,50
A_baseline,42,230,1.7823076248168945,0.06448734551668167,1.519337358904994,1.0,7,50
A_baseline,42,231,1.7823076248168945,0.06448734551668167,1.5068193281165991,1.0,8,50
A_baseline,42,232,1.7823076248168945,0.06448734551668167,1.508882595322829,1.0,9,50
A_baseline,42,233,1.7823076248168945,0.06448734551668167,1.522273799212359,1.0,10,50
A_baseline,42,234,1.7823076248168945,0.06448734551668167,1.5295689823487606,1.0,11,50
A_baseline,42,235,1.7823076248168945,0.06448734551668167,1.5189414800424983,1.0,12,50
A_baseline,42,236,1.7823076248168945,0.06448734551668167,1.5205392661233967,1.0,13,50
A_baseline,42,237,1.7823076248168945,0.06448734551668167,1.5209382154921929,1.0,14,50
A_baseline,42,238,1.7823076248168945,0.06448734551668167,1.5341816778945738,1.0,15,50
A_baseline,42,239,1.7823076248168945,0.06448734551668167,1.5070170457371679,1.0,16,50
A_baseline,42,240,1.7823076248168945,0.06448734551668167,1.5128470788553108,1.0,17,50
A_baseline,42,241,1.7823076248168945,0.06448734551668167,1.5014797796546588,1.0,18,50
A_baseline,42,242,1.7823076248168945,0.06448734551668167,1.4976566942465985,1.0,19,50
A_baseline,42,243,1.7823076248168945,0.06448734551668167,1.5233035965240924,1.0,0,50
A_baseline,42,244,1.7823076248168945,0.06448734551668167,1.5244569069744915,1.0,1,50
A_baseline,42,245,1.7823076248168945,0.06448734551668167,1.5088531173381916,1.0,2,50
A_baseline,42,246,1.7823076248168945,0.06448734551668167,1.5157809056441447,1.0,3,50
A_baseline,42,247,1.7823076248168945,0.06448734551668167,1.5008531968435679,1.0,4,50
A_baseline,42,248,1.7823076248168945,0.06448734551668167,1.4758616683666625,1.0,5,50
A_baseline,42,249,1.7823076248168945,0.06448734551668167,1.4778813012047336,1.0,6,50
A_baseline,42,250,1.7823076248168945,0.06448734551668167,1.4752230444266645,1.0,7,50
A_baseline,137,1,1.849734902381897,0.05800382047891617,1.7254533941325783,1.0,0,24
A_baseline,137,2,1.849734902381897,0.05800382047891617,1.7203000619773905,1.0,1,48
A_baseline,137,3,1.849734902381897,0.05800382047891617,1.6905238212476903,1.0,2,50
A_baseline,137,4,1.849734902381897,0.05800382047891617,1.7039368170497204,1.0,3,50
A_baseline,137,5,1.849734902381897,0.05800382047891617,1.6767068844047637,1.0,4,50
A_baseline,137,6,1.849734902381897,0.05800382047891617,1.688272577878384,1.0,5,50
A_baseline,137,7,1.797544240951538,0.05951550975441933,1.7044190270865234,1.0,0,50
A_baseline,137,8,1.797544240951538,0.05951550975441933,1.7146310126007458,1.0,1,50
A_baseline,137,9,1.797544240951538,0.05951550975441933,1.6935636088547308,1.0,2,50
A_baseline,137,10,1.797544240951538,0.05951550975441933,1.704164171773675,1.0,3,50
A_baseline,137,11,1.797544240951538,0.05951550975441933,1.7068672101706257,1.0,4,50
A_baseline,137,12,1.797544240951538,0.05951550975441933,1.6966055214987683,1.0,5,50
A_baseline,137,13,1.797544240951538,0.05951550975441933,1.7016774593914221,1.0,6,50
A_baseline,137,14,1.797544240951538,0.05951550975441933,1.707952777362691,1.0,7,50
A_baseline,137,15,1.797544240951538,0.05951550975441933,1.6876348576921114,1.0,8,50
A_baseline,137,16,1.797544240951538,0.05951550975441933,1.6683324846862981,1.0,9,50
A_baseline,137,17,1.797544240951538,0.05951550975441933,1.6846631207326566,1.0,10,50
A_baseline,137,18,1.797544240951538,0.05951550975441933,1.6849905464775639,1.0,11,50
A_baseline,137,19,1.797544240951538,0.05951550975441933,1.6768335782584254,1.0,12,50
A_baseline,137,20,1.797544240951538,0.05951550975441933,1.683159536326887,1.0,13,50
A_baseline,137,21,1.797544240951538,0.05951550975441933,1.6705539838198669,1.0,14,50
A_baseline,137,22,1.797544240951538,0.05951550975441933,1.6975050674159715,1.0,15,50
A_baseline,137,23,1.797544240951538,0.05951550975441933,1.7142599793620141,1.0,16,50
A_baseline,137,24,1.797544240951538,0.05951550975441933,1.6852597884398983,1.0,17,50
A_baseline,137,25,1.797544240951538,0.05951550975441933,1.7040778714258686,1.0,18,50
A_baseline,137,26,1.797544240951538,0.05951550975441933,1.742639737371374,1.0,19,50
A_baseline,137,27,1.797544240951538,0.05951550975441933,1.7261247121071046,1.0,0,50
A_baseline,137,28,1.797544240951538,0.05951550975441933,1.7130877301442688,1.0,1,50
A_baseline,137,29,1.797544240951538,0.05951550975441933,1.6948636661564214,1.0,2,50
A_baseline,137,30,1.797544240951538,0.05951550975441933,1.708454309469226,1.0,3,50
A_baseline,137,31,1.797544240951538,0.05951550975441933,1.7019093856457115,1.0,4,50
A_baseline,137,32,1.797544240951538,0.05951550975441933,1.6990767904872175,1.0,5,50
A_baseline,137,33,1.797544240951538,0.05951550975441933,1.6788990197000726,1.0,6,50
A_baseline,137,34,1.797544240951538,0.05951550975441933,1.6715060866629161,1.0,7,50
A_baseline,137,35,1.797544240951538,0.05951550975441933,1.7066115895297969,1.0,8,50
A_baseline,137,36,1.797544240951538,0.05951550975441933,1.7038893994244342,1.0,9,50
A_baseline,137,37,1.797544240951538,0.05951550975441933,1.6961399749179233,1.0,10,50
A_baseline,137,38,1.797544240951538,0.05951550975441933,1.721517416063898,1.0,11,50
A_baseline,137,39,1.797544240951538,0.05951550975441933,1.6845951775087802,1.0,12,50
A_baseline,137,40,1.797544240951538,0.05951550975441933,1.6875748704823348,1.0,13,50
A_baseline,137,41,1.797544240951538,0.05951550975441933,1.6843091882421688,1.0,14,50
A_baseline,137,42,1.797544240951538,0.05951550975441933,1.6817518482570377,1.0,15,50
A_baseline,137,43,1.797544240951538,0.05951550975441933,1.6844173863970466,1.0,16,50
A_baseline,137,44,1.797544240951538,0.05951550975441933,1.6929852521538304,1.0,17,50
A_baseline,137,45,1.797544240951538,0.05951550975441933,1.6868258427526712,1.0,18,50
A_baseline,137,46,1.797544240951538,0.05951550975441933,1.6906582596670758,1.0,19,50
A_baseline,137,47,1.797544240951538,0.05951550975441933,1.7248008979215586,1.0,0,50
A_baseline,137,48,1.797544240951538,0.05951550975441933,1.7022147237307002,1.0,1,50
A_baseline,137,49,1.797544240951538,0.05951550975441933,1.7006585141696646,1.0,2,50
A_baseline,137,50,1.797544240951538,0.05951550975441933,1.692100827552748,1.0,3,50
A_baseline,137,51,1.797544240951538,0.05951550975441933,1.6601299258875828,1.0,4,50
A_baseline,137,52,1.797544240951538,0.05951550975441933,1.6823646085434778,1.0,5,50
A_baseline,137,53,1.797544240951538,0.05951550975441933,1.6869293845967754,1.0,6,50
A_baseline,137,54,1.797544240951538,0.05951550975441933,1.6983068432454456,1.0,7,50
A_baseline,137,55,1.797544240951538,0.05951550975441933,1.7023807616673514,1.0,8,50
A_baseline,137,56,1.797544240951538,0.05951550975441933,1.6954191061142787,1.0,9,50
A_baseline,137,57,1.797544240951538,0.05951550975441933,1.7059717974375475,1.0,10,50
A_baseline,137,58,1.797544240951538,0.05951550975441933,1.696247254511126,1.0,11,50
A_baseline,137,59,1.797544240951538,0.05951550975441933,1.695438665868453,1.0,12,50
A_baseline,137,60,1.797544240951538,0.05951550975441933,1.6858523947500572,1.0,13,50
A_baseline,137,61,1.797544240951538,0.05951550975441933,1.6829837488363668,1.0,14,50
A_baseline,137,62,1.797544240951538,0.05951550975441933,1.6840977066932294,1.0,15,50
A_baseline,137,63,1.797544240951538,0.05951550975441933,1.6734420010739637,1.0,16,50
A_baseline,137,64,1.797544240951538,0.05951550975441933,1.6733179077379758,1.0,17,50
A_baseline,137,65,1.797544240951538,0.05951550975441933,1.6487183569354669,1.0,18,50
A_baseline,137,66,1.797544240951538,0.05951550975441933,1.654496328156071,1.0,19,50
A_baseline,137,67,1.797544240951538,0.05951550975441933,1.6704012647565432,1.0,0,50
A_baseline,137,68,1.797544240951538,0.05951550975441933,1.6721982670967699,1.0,1,50
A_baseline,137,69,1.797544240951538,0.05951550975441933,1.6441442523874954,1.0,2,50
A_baseline,137,70,1.797544240951538,0.05951550975441933,1.6286188214203574,1.0,3,50
A_baseline,137,71,1.797544240951538,0.05951550975441933,1.6496362207075685,1.0,4,50
A_baseline,137,72,1.797544240951538,0.05951550975441933,1.67302838443892,1.0,5,50
A_baseline,137,73,1.797544240951538,0.05951550975441933,1.6948138891890974,1.0,6,50
A_baseline,137,74,1.797544240951538,0.05951550975441933,1.691310957903727,1.0,7,50
A_baseline,137,75,1.797544240951538,0.05951550975441933,1.7049316135416057,1.0,8,50
A_baseline,137,76,1.797544240951538,0.05951550975441933,1.6935382251594235,1.0,9,50
A_baseline,137,77,1.797544240951538,0.05951550975441933,1.6520162933573157,1.0,10,50
A_baseline,137,78,1.797544240951538,0.05951550975441933,1.6698731258896624,1.0,11,50
A_baseline,137,79,1.797544240951538,0.05951550975441933,1.6800610168025263,1.0,12,50
A_baseline,137,80,1.797544240951538,0.05951550975441933,1.6693053862681508,1.0,13,50
A_baseline,137,81,1.797544240951538,0.05951550975441933,1.6132936189779077,1.0,14,50
A_baseline,137,82,1.797544240951538,0.05951550975441933,1.6373601635731643,1.0,15,50
A_baseline,137,83,1.797544240951538,0.05951550975441933,1.644948248002156,1.0,16,50
A_baseline,137,84,1.797544240951538,0.05951550975441933,1.6345812599462126,1.0,17,50
A_baseline,137,85,1.797544240951538,0.05951550975441933,1.5981517882511342,1.0,18,50
A_baseline,137,86,1.797544240951538,0.05951550975441933,1.63744194494142,1.0,19,50
A_baseline,137,87,1.797544240951538,0.05951550975441933,1.6998559583977848,1.0,0,50
A_baseline,137,88,1.797544240951538,0.05951550975441933,1.6962916873687406,1.0,1,50
A_baseline,137,89,1.797544240951538,0.05951550975441933,1.688923469477348,1.0,2,50
A_baseline,137,90,1.797544240951538,0.05951550975441933,1.6940040980121458,1.0,3,50
A_baseline,137,91,1.797544240951538,0.05951550975441933,1.6697974349368585,1.0,4,50
A_baseline,137,92,1.797544240951538,0.05951550975441933,1.6831391636483723,1.0,5,50
A_baseline,137,93,1.797544240951538,0.05951550975441933,1.6956097436514412,1.0,6,50
A_baseline,137,94,1.797544240951538,0.05951550975441933,1.719800226437681,1.0,7,50
A_baseline,137,95,1.797544240951538,0.05951550975441933,1.723701306397392,1.0,8,50
A_baseline,137,96,1.797544240951538,0.05951550975441933,1.6964878387107163,1.0,9,50
A_baseline,137,97,1.797544240951538,0.05951550975441933,1.693309539070516,1.0,10,50
A_baseline,137,98,1.797544240951538,0.05951550975441933,1.6706047571310527,1.0,11,50
A_baseline,137,99,1.797544240951538,0.05951550975441933,1.665742706969163,1.0,12,50
A_baseline,137,100,1.797544240951538,0.05951550975441933,1.6566270969435435,1.0,13,50
A_baseline,137,101,1.797544240951538,0.05951550975441933,1.6317970717185821,1.0,14,50
A_baseline,137,102,1.797544240951538,0.05951550975441933,1.6136408369650102,1.0,15,50
A_baseline,137,103,1.797544240951538,0.05951550975441933,1.6351046807670546,1.0,16,50
A_baseline,137,104,1.797544240951538,0.05951550975441933,1.6222459201103452,1.0,17,50
A_baseline,137,105,1.797544240951538,0.05951550975441933,1.5856463921190818,1.0,18,50
A_baseline,137,106,1.797544240951538,0.05951550975441933,1.6083339126039171,1.0,19,50
A_baseline,137,107,1.797544240951538,0.05951550975441933,1.6606861041910723,1.0,0,50
A_baseline,137,108,1.797544240951538,0.05951550975441933,1.6465546841962422,1.0,1,50
A_baseline,137,109,1.797544240951538,0.05951550975441933,1.6607066789853182,1.0,2,50
A_baseline,137,110,1.797544240951538,0.05951550975441933,1.6615362170332282,1.0,3,50
A_baseline,137,111,1.797544240951538,0.05951550975441933,1.6695061514431588,1.0,4,50
A_baseline,137,112,1.797544240951538,0.05951550975441933,1.666988106883715,1.0,5,50
A_baseline,137,113,1.797544240951538,0.05951550975441933,1.6729403669454046,1.0,6,50
A_baseline,137,114,1.797544240951538,0.05951550975441933,1.6577799928496688,1.0,7,50
A_baseline,137,115,1.797544240951538,0.05951550975441933,1.6639510258921533,1.0,8,50
A_baseline,137,116,1.797544240951538,0.05951550975441933,1.6588176331116837,1.0,9,50
A_baseline,137,117,1.797544240951538,0.05951550975441933,1.6487519640881585,1.0,10,50
A_baseline,137,118,1.797544240951538,0.05951550975441933,1.6514645338287572,1.0,11,50
A_baseline,137,119,1.797544240951538,0.05951550975441933,1.6623332155801034,1.0,12,50
A_baseline,137,120,1.797544240951538,0.05951550975441933,1.6582437375690933,1.0,13,50
A_baseline,137,121,1.797544240951538,0.05951550975441933,1.6311887359729895,1.0,14,50
A_baseline,137,122,1.797544240951538,0.05951550975441933,1.5992675245936234,1.0,15,50
A_baseline,137,123,1.797544240951538,0.05951550975441933,1.6092742518525824,1.0,16,50
A_baseline,137,124,1.797544240951538,0.05951550975441933,1.624133509141967,1.0,17,50
A_baseline,137,125,1.797544240951538,0.05951550975441933,1.6256268162399525,1.0,18,50
A_baseline,137,126,1.797544240951538,0.05951550975441933,1.6290504678090814,1.0,19,50
A_baseline,137,127,1.797544240951538,0.05951550975441933,1.6472780119057513,1.0,0,50
A_baseline,137,128,1.797544240951538,0.05951550975441933,1.6419141524095102,1.0,1,50
A_baseline,137,129,1.797544240951538,0.05951550975441933,1.6491520207939154,1.0,2,50
A_baseline,137,130,1.797544240951538,0.05951550975441933,1.6496523721399179,1.0,3,50
A_baseline,137,131,1.797544240951538,0.05951550975441933,1.6475093252512838,1.0,4,50
A_baseline,137,132,1.797544240951538,0.05951550975441933,1.6493122672681693,1.0,5,50
A_baseline,137,133,1.797544240951538,0.05951550975441933,1.660836872969892,1.0,6,50
A_baseline,137,134,1.797544240951538,0.05951550975441933,1.6547191334775477,1.0,7,50
A_baseline,137,135,1.797544240951538,0.05951550975441933,1.6378370919929484,1.0,8,50
A_baseline,137,136,1.797544240951538,0.05951550975441933,1.6455518549241976,1.0,9,50
A_baseline,137,137,1.797544240951538,0.05951550975441933,1.6481003469382023,1.0,10,50
A_baseline,137,138,1.797544240951538,0.05951550975441933,1.6464902011707063,1.0,11,50
A_baseline,137,139,1.797544240951538,0.05951550975441933,1.6586420601675638,1.0,12,50
A_baseline,137,140,1.797544240951538,0.05951550975441933,1.6534547076687847,1.0,13,50
A_baseline,137,141,1.797544240951538,0.05951550975441933,1.653699942590761,1.0,14,50
A_baseline,137,142,1.797544240951538,0.05951550975441933,1.6561070559842301,1.0,15,50
A_baseline,137,143,1.797544240951538,0.05951550975441933,1.6354056677081943,1.0,16,50
A_baseline,137,144,1.797544240951538,0.05951550975441933,1.6407200255993015,1.0,17,50
A_baseline,137,145,1.797544240951538,0.05951550975441933,1.6553112529293141,1.0,18,50
A_baseline,137,146,1.797544240951538,0.05951550975441933,1.6576124481989498,1.0,19,50
A_baseline,137,147,1.797544240951538,0.05951550975441933,1.683975662219872,1.0,0,50
A_baseline,137,148,1.797544240951538,0.05951550975441933,1.6904251763355975,1.0,1,50
A_baseline,137,149,1.797544240951538,0.05951550975441933,1.6634430893914356,1.0,2,50
A_baseline,137,150,1.797544240951538,0.05951550975441933,1.6576346620732951,1.0,3,50
A_baseline,137,151,1.797544240951538,0.05951550975441933,1.6676314923990183,1.0,4,50
A_baseline,137,152,1.797544240951538,0.05951550975441933,1.6749147442060826,1.0,5,50
A_baseline,137,153,1.797544240951538,0.05951550975441933,1.637091426255104,1.0,6,50
A_baseline,137,154,1.797544240951538,0.05951550975441933,1.6206328156893617,1.0,7,50
A_baseline,137,155,1.797544240951538,0.05951550975441933,1.634328850171536,1.0,8,50
A_baseline,137,156,1.797544240951538,0.05951550975441933,1.6079819458687998,1.0,9,50
A_baseline,137,157,1.797544240951538,0.05951550975441933,1.6074259220817106,1.0,10,50
A_baseline,137,158,1.797544240951538,0.05951550975441933,1.5886860339356415,1.0,11,50
A_baseline,137,159,1.797544240951538,0.05951550975441933,1.5774113823815499,1.0,12,50
A_baseline,137,160,1.797544240951538,0.05951550975441933,1.6037505251974011,1.0,13,50
A_baseline,137,161,1.797544240951538,0.05951550975441933,1.633065178228197,1.0,14,50
A_baseline,137,162,1.797544240951538,0.05951550975441933,1.621942121339212,1.0,15,50
A_baseline,137,163,1.797544240951538,0.05951550975441933,1.6316063689671803,1.0,16,50
A_baseline,137,164,1.797544240951538,0.05951550975441933,1.6176171254110014,1.0,17,50
A_baseline,137,165,1.797544240951538,0.05951550975441933,1.6294033291019105,1.0,18,50
A_baseline,137,166,1.797544240951538,0.05951550975441933,1.6195621060605123,1.0,19,50
A_baseline,137,167,1.797544240951538,0.05951550975441933,1.6390782855697874,1.0,0,50
A_baseline,137,168,1.797544240951538,0.05951550975441933,1.60691305716606,1.0,1,50
A_baseline,137,169,1.797544240951538,0.05951550975441933,1.5977140298575037,1.0,2,50
A_baseline,137,170,1.797544240951538,0.05951550975441933,1.5816601571529247,1.0,3,50
A_baseline,137,171,1.797544240951538,0.05951550975441933,1.573888337689871,1.0,4,50
A_baseline,137,172,1.797544240951538,0.05951550975441933,1.58829758862255,1.0,5,50
A_baseline,137,173,1.797544240951538,0.05951550975441933,1.5836366719377866,1.0,6,50
A_baseline,137,174,1.797544240951538,0.05951550975441933,1.5911777739831179,1.0,7,50
A_baseline,137,175,1.797544240951538,0.05951550975441933,1.5869301119866863,1.0,8,50
A_baseline,137,176,1.797544240951538,0.05951550975441933,1.5868430179093125,1.0,9,50
A_baseline,137,177,1.797544240951538,0.05951550975441933,1.5835633222717134,1.0,10,50
A_baseline,137,178,1.797544240951538,0.05951550975441933,1.5926278125271,1.0,11,50
A_baseline,137,179,1.797544240951538,0.05951550975441933,1.600671560223776,1.0,12,50
A_baseline,137,180,1.797544240951538,0.05951550975441933,1.6104195917867534,1.0,13,50
A_baseline,137,181,1.797544240951538,0.05951550975441933,1.650244717485913,1.0,14,50
A_baseline,137,182,1.797544240951538,0.05951550975441933,1.6469741865011422,1.0,15,50
A_baseline,137,183,1.797544240951538,0.05951550975441933,1.6556447027942878,1.0,16,50
A_baseline,137,184,1.797544240951538,0.05951550975441933,1.6706049300356258,1.0,17,50
A_baseline,137,185,1.797544240951538,0.05951550975441933,1.6658499788119787,1.0,18,50
A_baseline,137,186,1.797544240951538,0.05951550975441933,1.678144547625339,1.0,19,50
A_baseline,137,187,1.797544240951538,0.05951550975441933,1.6831815993245705,1.0,0,50
A_baseline,137,188,1.797544240951538,0.05951550975441933,1.6802418055703983,1.0,1,50
A_baseline,137,189,1.797544240951538,0.05951550975441933,1.6713409915494162,1.0,2,50
A_baseline,137,190,1.797544240951538,0.05951550975441933,1.6531335907863314,1.0,3,50
A_baseline,137,191,1.797544240951538,0.05951550975441933,1.664591035950375,1.0,4,50
A_baseline,137,192,1.797544240951538,0.05951550975441933,1.675631941241908,1.0,5,50
A_baseline,137,193,1.797544240951538,0.05951550975441933,1.6716910197661576,1.0,6,50
A_baseline,137,194,1.797544240951538,0.05951550975441933,1.6552164901858133,1.0,7,50
A_baseline,137,195,1.797544240951538,0.05951550975441933,1.6516159943218935,1.0,8,50
A_baseline,137,196,1.797544240951538,0.05951550975441933,1.6449699855619029,1.0,9,50
A_baseline,137,197,1.797544240951538,0.05951550975441933,1.6277178282867806,1.0,10,50
A_baseline,137,198,1.797544240951538,0.05951550975441933,1.6315388554868866,1.0,11,50
A_baseline,137,199,1.797544240951538,0.05951550975441933,1.6332744368686096,1.0,12,50
A_baseline,137,200,1.797544240951538,0.05951550975441933,1.6204035606986753,1.0,13,50
A_baseline,137,201,1.797544240951538,0.05951550975441933,1.6168953668468231,1.0,14,50
A_baseline,137,202,1.797544240951538,0.05951550975441933,1.5926309680940087,1.0,15,50
A_baseline,137,203,1.797544240951538,0.05951550975441933,1.593400133666508,1.0,16,50
A_baseline,137,204,1.797544240951538,0.05951550975441933,1.5785379507443527,1.0,17,50
A_baseline,137,205,1.797544240951538,0.05951550975441933,1.5919979324863467,1.0,18,50
A_baseline,137,206,1.797544240951538,0.05951550975441933,1.5654454294816555,1.0,19,50
A_baseline,137,207,1.797544240951538,0.05951550975441933,1.5991729701646347,1.0,0,50
A_baseline,137,208,1.797544240951538,0.05951550975441933,1.5940976856136617,1.0,1,50
A_baseline,137,209,1.797544240951538,0.05951550975441933,1.5903130640420722,1.0,2,50
A_baseline,137,210,1.797544240951538,0.05951550975441933,1.5906625414366597,1.0,3,50
A_baseline,137,211,1.797544240951538,0.05951550975441933,1.6064305984699347,1.0,4,50
A_baseline,137,212,1.797544240951538,0.05951550975441933,1.5742431054679087,1.0,5,50
A_baseline,137,213,1.797544240951538,0.05951550975441933,1.5733901700834958,1.0,6,50
A_baseline,137,214,1.797544240951538,0.05951550975441933,1.5807086239013641,1.0,7,50
A_baseline,137,215,1.797544240951538,0.05951550975441933,1.5746187488574044,1.0,8,50
A_baseline,137,216,1.797544240951538,0.05951550975441933,1.5891665989120018,1.0,9,50
A_baseline,137,217,1.797544240951538,0.05951550975441933,1.5979783086205435,1.0,10,50
A_baseline,137,218,1.797544240951538,0.05951550975441933,1.5819720222892624,1.0,11,50
A_baseline,137,219,1.797544240951538,0.05951550975441933,1.5812914061550642,1.0,12,50
A_baseline,137,220,1.797544240951538,0.05951550975441933,1.596522285030245,1.0,13,50
A_baseline,137,221,1.797544240951538,0.05951550975441933,1.5843449848850544,1.0,14,50
A_baseline,137,222,1.797544240951538,0.05951550975441933,1.569606364732752,1.0,15,50
A_baseline,137,223,1.797544240951538,0.05951550975441933,1.5828331055000808,1.0,16,50
A_baseline,137,224,1.797544240951538,0.05951550975441933,1.5705318844389062,1.0,17,50
A_baseline,137,225,1.797544240951538,0.05951550975441933,1.5568838481484457,1.0,18,50
A_baseline,137,226,1.797544240951538,0.05951550975441933,1.5689756703325715,1.0,19,50
A_baseline,137,227,1.797544240951538,0.05951550975441933,1.5913173672159813,1.0,0,50
A_baseline,137,228,1.797544240951538,0.05951550975441933,1.5873782626943878,1.0,1,50
A_baseline,137,229,1.797544240951538,0.05951550975441933,1.5619661519017976,1.0,2,50
A_baseline,137,230,1.797544240951538,0.05951550975441933,1.5420343375295453,1.0,3,50
A_baseline,137,231,1.797544240951538,0.05951550975441933,1.5498347539823567,1.0,4,50
A_baseline,137,232,1.797544240951538,0.05951550975441933,1.5663506406587855,1.0,5,50
A_baseline,137,233,1.797544240951538,0.05951550975441933,1.5419320452594594,1.0,6,50
A_baseline,137,234,1.797544240951538,0.05951550975441933,1.5116080967080923,1.0,7,50
A_baseline,137,235,1.797544240951538,0.05951550975441933,1.4946760659371203,1.0,8,50
A_baseline,137,236,1.797544240951538,0.05951550975441933,1.4897435050160193,1.0,9,50
A_baseline,137,237,1.797544240951538,0.05951550975441933,1.4858692832692966,1.0,10,50
A_baseline,137,238,1.797544240951538,0.05951550975441933,1.486227512025342,1.0,11,50
A_baseline,137,239,1.797544240951538,0.05951550975441933,1.5120758545454926,1.0,12,50
A_baseline,137,240,1.797544240951538,0.05951550975441933,1.5005560053811589,1.0,13,50
A_baseline,137,241,1.797544240951538,0.05951550975441933,1.510657621244682,1.0,14,50
A_baseline,137,242,1.797544240951538,0.05951550975441933,1.5000067526120824,1.0,15,50
A_baseline,137,243,1.797544240951538,0.05951550975441933,1.5018528100309048,1.0,16,50
A_baseline,137,244,1.797544240951538,0.05951550975441933,1.5122566719987245,1.0,17,50
A_baseline,137,245,1.797544240951538,0.05951550975441933,1.4816644484329682,1.0,18,50
A_baseline,137,246,1.797544240951538,0.05951550975441933,1.4833787014690463,1.0,19,50
A_baseline,137,247,1.797544240951538,0.05951550975441933,1.4766436229380588,1.0,0,50
A_baseline,137,248,1.797544240951538,0.05951550975441933,1.4734874171793957,1.0,1,50
A_baseline,137,249,1.797544240951538,0.05951550975441933,1.4916944944015118,1.0,2,50
A_baseline,137,250,1.797544240951538,0.05951550975441933,1.4847558656440514,1.0,3,50
A_baseline,271,1,1.8961983919143677,0.06517307460308075,1.7313107864389532,1.0,1,24
A_baseline,271,2,1.8961983919143677,0.06517307460308075,1.725204445627406,1.0,2,48
A_baseline,271,3,1.8961983919143677,0.06517307460308075,1.698540079906495,1.0,3,50
A_baseline,271,4,1.8430496454238892,0.058479152619838715,1.70530598372131,1.0,0,50
A_baseline,271,5,1.8430496454238892,0.058479152619838715,1.6879808363567563,1.0,1,50
A_baseline,271,6,1.8430496454238892,0.058479152619838715,1.6924170974755075,1.0,2,50
A_baseline,271,7,1.8430496454238892,0.058479152619838715,1.7321545856732512,1.0,3,50
A_baseline,271,8,1.8430496454238892,0.058479152619838715,1.7321383026521904,1.0,4,50
A_baseline,271,9,1.8430496454238892,0.058479152619838715,1.7110481684495045,1.0,5,50
A_baseline,271,10,1.8430496454238892,0.058479152619838715,1.7087840509988574,1.0,6,50
A_baseline,271,11,1.8430496454238892,0.058479152619838715,1.7151121862492678,1.0,7,50
A_baseline,271,12,1.8430496454238892,0.058479152619838715,1.6836610054313372,1.0,8,50
A_baseline,271,13,1.8430496454238892,0.058479152619838715,1.7293010997991918,1.0,9,50
A_baseline,271,14,1.8430496454238892,0.058479152619838715,1.699703503355465,1.0,10,50
A_baseline,271,15,1.8430496454238892,0.058479152619838715,1.7081067188107628,1.0,11,50
A_baseline,271,16,1.8430496454238892,0.058479152619838715,1.7099719759253222,1.0,12,50
A_baseline,271,17,1.8430496454238892,0.058479152619838715,1.7035266899583728,1.0,13,50
A_baseline,271,18,1.8430496454238892,0.058479152619838715,1.7052106108058545,1.0,14,50
A_baseline,271,19,1.8430496454238892,0.058479152619838715,1.7016342540248564,1.0,15,50
A_baseline,271,20,1.8430496454238892,0.058479152619838715,1.723699048123277,1.0,16,50
A_baseline,271,21,1.8430496454238892,0.058479152619838715,1.688570136151104,1.0,17,50
A_baseline,271,22,1.8430496454238892,0.058479152619838715,1.6922720216322213,1.0,18,50
A_baseline,271,23,1.8430496454238892,0.058479152619838715,1.6947924606346274,1.0,19,50
A_baseline,271,24,1.8430496454238892,0.058479152619838715,1.7367532468290776,1.0,0,50
A_baseline,271,25,1.8430496454238892,0.058479152619838715,1.7126022785092354,1.0,1,50
A_baseline,271,26,1.8003010749816895,0.056254900991916656,1.6831442158283443,1.0,0,50
A_baseline,271,27,1.8003010749816895,0.056254900991916656,1.6936939288794317,1.0,1,50
A_baseline,271,28,1.8003010749816895,0.056254900991916656,1.6911597548729151,1.0,2,50
A_baseline,271,29,1.8003010749816895,0.056254900991916656,1.6925605085217157,1.0,3,50
A_baseline,271,30,1.8003010749816895,0.056254900991916656,1.698002044832293,1.0,4,50
A_baseline,271,31,1.8003010749816895,0.056254900991916656,1.6958574992611148,1.0,5,50
A_baseline,271,32,1.8003010749816895,0.056254900991916656,1.6944046908862451,1.0,6,50
A_baseline,271,33,1.8003010749816895,0.056254900991916656,1.6779482455399413,1.0,7,50
A_baseline,271,34,1.8003010749816895,0.056254900991916656,1.673708224254581,1.0,8,50
A_baseline,271,35,1.8003010749816895,0.056254900991916656,1.6918218430236363,1.0,9,50
A_baseline,271,36,1.8003010749816895,0.056254900991916656,1.6752145596181969,1.0,10,50
A_baseline,271,37,1.8003010749816895,0.056254900991916656,1.6743801871297648,1.0,11,50
A_baseline,271,38,1.8003010749816895,0.056254900991916656,1.698915324866286,1.0,12,50
A_baseline,271,39,1.8003010749816895,0.056254900991916656,1.708324754882556,1.0,13,50
A_baseline,271,40,1.791761040687561,0.06143416091799736,1.707967143840666,1.0,0,50
A_baseline,271,41,1.791761040687561,0.06143416091799736,1.697657909609965,1.0,1,50
A_baseline,271,42,1.791761040687561,0.06143416091799736,1.6959341527710612,1.0,2,50
A_baseline,271,43,1.791761040687561,0.06143416091799736,1.7023879169112064,1.0,3,50
A_baseline,271,44,1.791761040687561,0.06143416091799736,1.6891384760474544,1.0,4,50
A_baseline,271,45,1.791761040687561,0.06143416091799736,1.7115894432302559,1.0,5,50
A_baseline,271,46,1.791761040687561,0.06143416091799736,1.7048489719472009,1.0,6,50
A_baseline,271,47,1.791761040687561,0.06143416091799736,1.690437186192977,1.0,7,50
A_baseline,271,48,1.791761040687561,0.06143416091799736,1.6903013330829393,1.0,8,50
A_baseline,271,49,1.791761040687561,0.06143416091799736,1.7087992522711346,1.0,9,50
A_baseline,271,50,1.791761040687561,0.06143416091799736,1.7121316687906225,1.0,10,50
A_baseline,271,51,1.791761040687561,0.06143416091799736,1.7091876067492044,1.0,11,50
A_baseline,271,52,1.791761040687561,0.06143416091799736,1.6973844409151113,1.0,12,50
A_baseline,271,53,1.791761040687561,0.06143416091799736,1.7175243027458453,1.0,13,50
A_baseline,271,54,1.791761040687561,0.06143416091799736,1.6974157415288473,1.0,14,50
A_baseline,271,55,1.791761040687561,0.06143416091799736,1.7110442874583331,1.0,15,50
A_baseline,271,56,1.791761040687561,0.06143416091799736,1.6949909777969974,1.0,16,50
A_baseline,271,57,1.791761040687561,0.06143416091799736,1.7015478867020308,1.0,17,50
A_baseline,271,58,1.791761040687561,0.06143416091799736,1.6815398823505567,1.0,18,50
A_baseline,271,59,1.791761040687561,0.06143416091799736,1.7044787145569034,1.0,19,50
A_baseline,271,60,1.791761040687561,0.06143416091799736,1.7018849273386634,1.0,0,50
A_baseline,271,61,1.791761040687561,0.06143416091799736,1.699505741586007,1.0,1,50
A_baseline,271,62,1.791761040687561,0.06143416091799736,1.6651382897286384,1.0,2,50
A_baseline,271,63,1.791761040687561,0.06143416091799736,1.6578903292070002,1.0,3,50
A_baseline,271,64,1.791761040687561,0.06143416091799736,1.6515341728013266,1.0,4,50
A_baseline,271,65,1.791761040687561,0.06143416091799736,1.6493617341514848,1.0,5,50
A_baseline,271,66,1.791761040687561,0.06143416091799736,1.6567000689369766,1.0,6,50
A_baseline,271,67,1.791761040687561,0.06143416091799736,1.658822595968939,1.0,7,50
A_baseline,271,68,1.791761040687561,0.06143416091799736,1.6826636299910458,1.0,8,50
A_baseline,271,69,1.791761040687561,0.06143416091799736,1.659904118625313,1.0,9,50
A_baseline,271,70,1.791761040687561,0.06143416091799736,1.6651710875055497,1.0,10,50
A_baseline,271,71,1.791761040687561,0.06143416091799736,1.6791930408832492,1.0,11,50
A_baseline,271,72,1.791761040687561,0.06143416091799736,1.6684109541346208,1.0,12,50
A_baseline,271,73,1.791761040687561,0.06143416091799736,1.6558301366428623,1.0,13,50
A_baseline,271,74,1.791761040687561,0.06143416091799736,1.6835887935886291,1.0,14,50
A_baseline,271,75,1.791761040687561,0.06143416091799736,1.6796834833092573,1.0,15,50
A_baseline,271,76,1.791761040687561,0.06143416091799736,1.6731448562453688,1.0,16,50
A_baseline,271,77,1.791761040687561,0.06143416091799736,1.6795293193746412,1.0,17,50
A_baseline,271,78,1.791761040687561,0.06143416091799736,1.7013326333963983,1.0,18,50
A_baseline,271,79,1.791761040687561,0.06143416091799736,1.6909005368713395,1.0,19,50
A_baseline,271,80,1.791761040687561,0.06143416091799736,1.6870553359902036,1.0,0,50
A_baseline,271,81,1.791761040687561,0.06143416091799736,1.6787268463385876,1.0,1,50
A_baseline,271,82,1.791761040687561,0.06143416091799736,1.6650704680059856,1.0,2,50
A_baseline,271,83,1.791761040687561,0.06143416091799736,1.665364586555952,1.0,3,50
A_baseline,271,84,1.791761040687561,0.06143416091799736,1.6642910995754254,1.0,4,50
A_baseline,271,85,1.791761040687561,0.06143416091799736,1.6759545341638518,1.0,5,50
A_baseline,271,86,1.791761040687561,0.06143416091799736,1.6556432555026899,1.0,6,50
A_baseline,271,87,1.791761040687561,0.06143416091799736,1.6567414646144767,1.0,7,50
A_baseline,271,88,1.791761040687561,0.06143416091799736,1.6622530179309531,1.0,8,50
A_baseline,271,89,1.791761040687561,0.06143416091799736,1.6926006477914526,1.0,9,50
A_baseline,271,90,1.791761040687561,0.06143416091799736,1.6475032382149741,1.0,10,50
A_baseline,271,91,1.791761040687561,0.06143416091799736,1.659432064169936,1.0,11,50
A_baseline,271,92,1.791761040687561,0.06143416091799736,1.6605202807157162,1.0,12,50
A_baseline,271,93,1.791761040687561,0.06143416091799736,1.6273118577822274,1.0,13,50
A_baseline,271,94,1.791761040687561,0.06143416091799736,1.6258986019889001,1.0,14,50
A_baseline,271,95,1.791761040687561,0.06143416091799736,1.6143086361958887,1.0,15,50
A_baseline,271,96,1.791761040687561,0.06143416091799736,1.6358738580999888,1.0,16,50
A_baseline,271,97,1.791761040687561,0.06143416091799736,1.6264833525936295,1.0,17,50
A_baseline,271,98,1.791761040687561,0.06143416091799736,1.6455372967250095,1.0,18,50
A_baseline,271,99,1.791761040687561,0.06143416091799736,1.6507804241574775,1.0,19,50
A_baseline,271,100,1.791761040687561,0.06143416091799736,1.6711045355278373,1.0,0,50
A_baseline,271,101,1.791761040687561,0.06143416091799736,1.6660365595149864,1.0,1,50
A_baseline,271,102,1.791761040687561,0.06143416091799736,1.6565285407642596,1.0,2,50
A_baseline,271,103,1.791761040687561,0.06143416091799736,1.6481304485271573,1.0,3,50
A_baseline,271,104,1.791761040687561,0.06143416091799736,1.6383026802616356,1.0,4,50
A_baseline,271,105,1.791761040687561,0.06143416091799736,1.6371190528083133,1.0,5,50
A_baseline,271,106,1.791761040687561,0.06143416091799736,1.620803266205641,1.0,6,50
A_baseline,271,107,1.791761040687561,0.06143416091799736,1.6560196966310177,1.0,7,50
A_baseline,271,108,1.791761040687561,0.06143416091799736,1.708270143724292,1.0,8,50
A_baseline,271,109,1.791761040687561,0.06143416091799736,1.7038976721944092,1.0,9,50
A_baseline,271,110,1.791761040687561,0.06143416091799736,1.6919512334460314,1.0,10,50
A_baseline,271,111,1.791761040687561,0.06143416091799736,1.7176757768104318,1.0,11,50
A_baseline,271,112,1.791761040687561,0.06143416091799736,1.7139877257838114,1.0,12,50
A_baseline,271,113,1.791761040687561,0.06143416091799736,1.7084065222261526,1.0,13,50
A_baseline,271,114,1.791761040687561,0.06143416091799736,1.6910720653816134,1.0,14,50
A_baseline,271,115,1.791761040687561,0.06143416091799736,1.7122126176554169,1.0,15,50
A_baseline,271,116,1.791761040687561,0.06143416091799736,1.6867843017353674,1.0,16,50
A_baseline,271,117,1.791761040687561,0.06143416091799736,1.696710383847493,1.0,17,50
A_baseline,271,118,1.791761040687561,0.06143416091799736,1.6847445394280942,1.0,18,50
A_baseline,271,119,1.791761040687561,0.06143416091799736,1.6983860565906652,1.0,19,50
A_baseline,271,120,1.791761040687561,0.06143416091799736,1.6957997836278498,1.0,0,50
A_baseline,271,121,1.791761040687561,0.06143416091799736,1.6879328168259489,1.0,1,50
A_baseline,271,122,1.791761040687561,0.06143416091799736,1.684389410351069,1.0,2,50
A_baseline,271,123,1.791761040687561,0.06143416091799736,1.6516655791962074,1.0,3,50
A_baseline,271,124,1.791761040687561,0.06143416091799736,1.6625831316204926,1.0,4,50
A_baseline,271,125,1.791761040687561,0.06143416091799736,1.6670910257428924,1.0,5,50
A_baseline,271,126,1.791761040687561,0.06143416091799736,1.6741698694948992,1.0,6,50
A_baseline,271,127,1.791761040687561,0.06143416091799736,1.6657321637717808,1.0,7,50
A_baseline,271,128,1.791761040687561,0.06143416091799736,1.6931848354256658,1.0,8,50
A_baseline,271,129,1.791761040687561,0.06143416091799736,1.6696852939125977,1.0,9,50
A_baseline,271,130,1.791761040687561,0.06143416091799736,1.6476811283039754,1.0,10,50
A_baseline,271,131,1.791761040687561,0.06143416091799736,1.653927435329727,1.0,11,50
A_baseline,271,132,1.791761040687561,0.06143416091799736,1.6848828096438806,1.0,12,50
A_baseline,271,133,1.791761040687561,0.06143416091799736,1.679997114625648,1.0,13,50
A_baseline,271,134,1.791761040687561,0.06143416091799736,1.6717497648834874,1.0,14,50
A_baseline,271,135,1.791761040687561,0.06143416091799736,1.669788563978145,1.0,15,50
A_baseline,271,136,1.791761040687561,0.06143416091799736,1.6870906195288253,1.0,16,50
A_baseline,271,137,1.791761040687561,0.06143416091799736,1.6885786781642487,1.0,17,50
A_baseline,271,138,1.791761040687561,0.06143416091799736,1.675994994479088,1.0,18,50
A_baseline,271,139,1.791761040687561,0.06143416091799736,1.6755075033379776,1.0,19,50
A_baseline,271,140,1.791761040687561,0.06143416091799736,1.673830085889435,1.0,0,50
A_baseline,271,141,1.791761040687561,0.06143416091799736,1.647293326022476,1.0,1,50
A_baseline,271,142,1.791761040687561,0.06143416091799736,1.6212563419887758,1.0,2,50
A_baseline,271,143,1.791761040687561,0.06143416091799736,1.6180988850489313,1.0,3,50
A_baseline,271,144,1.791761040687561,0.06143416091799736,1.6321670319099222,1.0,4,50
A_baseline,271,145,1.791761040687561,0.06143416091799736,1.6285408110562039,1.0,5,50
A_baseline,271,146,1.791761040687561,0.06143416091799736,1.607440571047257,1.0,6,50
A_baseline,271,147,1.791761040687561,0.06143416091799736,1.620512874346002,1.0,7,50
A_baseline,271,148,1.791761040687561,0.06143416091799736,1.6484288062855181,1.0,8,50
A_baseline,271,149,1.791761040687561,0.06143416091799736,1.6498329360509456,1.0,9,50
A_baseline,271,150,1.791761040687561,0.06143416091799736,1.6453241415974031,1.0,10,50
A_baseline,271,151,1.791761040687561,0.06143416091799736,1.6423308024054755,1.0,11,50
A_baseline,271,152,1.791761040687561,0.06143416091799736,1.6185975104461072,1.0,12,50
A_baseline,271,153,1.791761040687561,0.06143416091799736,1.6255804289471196,1.0,13,50
A_baseline,271,154,1.791761040687561,0.06143416091799736,1.6284415541632176,1.0,14,50
A_baseline,271,155,1.791761040687561,0.06143416091799736,1.6506662356907285,1.0,15,50
A_baseline,271,156,1.791761040687561,0.06143416091799736,1.632478531519229,1.0,16,50
A_baseline,271,157,1.791761040687561,0.06143416091799736,1.625491924402254,1.0,17,50
A_baseline,271,158,1.791761040687561,0.06143416091799736,1.6296181894471415,1.0,18,50
A_baseline,271,159,1.791761040687561,0.06143416091799736,1.6563984961386717,1.0,19,50
A_baseline,271,160,1.791761040687561,0.06143416091799736,1.6667979678279696,1.0,0,50
A_baseline,271,161,1.791761040687561,0.06143416091799736,1.640244802403288,1.0,1,50
A_baseline,271,162,1.791761040687561,0.06143416091799736,1.622278334451978,1.0,2,50
A_baseline,271,163,1.791761040687561,0.06143416091799736,1.5997633619625165,1.0,3,50
A_baseline,271,164,1.791761040687561,0.06143416091799736,1.6131219436444757,1.0,4,50
A_baseline,271,165,1.791761040687561,0.06143416091799736,1.6353319825708699,1.0,5,50
A_baseline,271,166,1.791761040687561,0.06143416091799736,1.612066700723472,1.0,6,50
A_baseline,271,167,1.791761040687561,0.06143416091799736,1.6227314176139183,1.0,7,50
A_baseline,271,168,1.791761040687561,0.06143416091799736,1.5983685735453566,1.0,8,50
A_baseline,271,169,1.791761040687561,0.06143416091799736,1.626494035069965,1.0,9,50
A_baseline,271,170,1.791761040687561,0.06143416091799736,1.614644084233513,1.0,10,50
A_baseline,271,171,1.791761040687561,0.06143416091799736,1.6337659341575619,1.0,11,50
A_baseline,271,172,1.791761040687561,0.06143416091799736,1.652503744368956,1.0,12,50
A_baseline,271,173,1.791761040687561,0.06143416091799736,1.6659034152449537,1.0,13,50
A_baseline,271,174,1.791761040687561,0.06143416091799736,1.667236844669277,1.0,14,50
A_baseline,271,175,1.791761040687561,0.06143416091799736,1.6380448158747138,1.0,15,50
A_baseline,271,176,1.791761040687561,0.06143416091799736,1.6350682385921005,1.0,16,50
A_baseline,271,177,1.791761040687561,0.06143416091799736,1.6402299501774564,1.0,17,50
A_baseline,271,178,1.791761040687561,0.06143416091799736,1.6489287135064568,1.0,18,50
A_baseline,271,179,1.791761040687561,0.06143416091799736,1.6334218998166015,1.0,19,50
A_baseline,271,180,1.791761040687561,0.06143416091799736,1.6438928217364768,1.0,0,50
A_baseline,271,181,1.791761040687561,0.06143416091799736,1.6159962774034269,1.0,1,50
A_baseline,271,182,1.791761040687561,0.06143416091799736,1.5953183508801605,1.0,2,50
A_baseline,271,183,1.791761040687561,0.06143416091799736,1.6105426894173343,1.0,3,50
A_baseline,271,184,1.791761040687561,0.06143416091799736,1.6351549357728274,1.0,4,50
A_baseline,271,185,1.791761040687561,0.06143416091799736,1.6280700724723156,1.0,5,50
A_baseline,271,186,1.791761040687561,0.06143416091799736,1.6220874705492743,1.0,6,50
A_baseline,271,187,1.791761040687561,0.06143416091799736,1.5988560545893056,1.0,7,50
A_baseline,271,188,1.791761040687561,0.06143416091799736,1.6132998336720583,1.0,8,50
A_baseline,271,189,1.791761040687561,0.06143416091799736,1.6140167764090692,1.0,9,50
A_baseline,271,190,1.791761040687561,0.06143416091799736,1.5879869855798565,1.0,10,50
A_baseline,271,191,1.791761040687561,0.06143416091799736,1.5781077681394198,1.0,11,50
A_baseline,271,192,1.791761040687561,0.06143416091799736,1.6121163101830158,1.0,12,50
A_baseline,271,193,1.791761040687561,0.06143416091799736,1.6084639195224253,1.0,13,50
A_baseline,271,194,1.791761040687561,0.06143416091799736,1.6028846330453161,1.0,14,50
A_baseline,271,195,1.791761040687561,0.06143416091799736,1.5880342051770973,1.0,15,50
A_baseline,271,196,1.791761040687561,0.06143416091799736,1.5784395147886987,1.0,16,50
A_baseline,271,197,1.791761040687561,0.06143416091799736,1.5569669321780863,1.0,17,50
A_baseline,271,198,1.791761040687561,0.06143416091799736,1.590347330077861,1.0,18,50
A_baseline,271,199,1.791761040687561,0.06143416091799736,1.603582974804402,1.0,19,50
A_baseline,271,200,1.791761040687561,0.06143416091799736,1.6382693519171976,1.0,0,50
A_baseline,271,201,1.791761040687561,0.06143416091799736,1.6117839542397825,1.0,1,50
A_baseline,271,202,1.791761040687561,0.06143416091799736,1.6080918107505953,1.0,2,50
A_baseline,271,203,1.791761040687561,0.06143416091799736,1.572263056944769,1.0,3,50
A_baseline,271,204,1.791761040687561,0.06143416091799736,1.5813856763574259,1.0,4,50
A_baseline,271,205,1.791761040687561,0.06143416091799736,1.5547439026612957,1.0,5,50
A_baseline,271,206,1.791761040687561,0.06143416091799736,1.5311113767006974,1.0,6,50
A_baseline,271,207,1.791761040687561,0.06143416091799736,1.5530164916132843,1.0,7,50
A_baseline,271,208,1.791761040687561,0.06143416091799736,1.533235968266951,1.0,8,50
A_baseline,271,209,1.791761040687561,0.06143416091799736,1.5327487666583006,1.0,9,50
A_baseline,271,210,1.791761040687561,0.06143416091799736,1.520850332534449,1.0,10,50
A_baseline,271,211,1.791761040687561,0.06143416091799736,1.5417850484799234,1.0,11,50
A_baseline,271,212,1.791761040687561,0.06143416091799736,1.5608714252940863,1.0,12,50
A_baseline,271,213,1.791761040687561,0.06143416091799736,1.566003565779383,1.0,13,50
A_baseline,271,214,1.791761040687561,0.06143416091799736,1.5780083338161268,1.0,14,50
A_baseline,271,215,1.791761040687561,0.06143416091799736,1.570976729512322,1.0,15,50
A_baseline,271,216,1.791761040687561,0.06143416091799736,1.5726199738486384,1.0,16,50
A_baseline,271,217,1.791761040687561,0.06143416091799736,1.574867294711986,1.0,17,50
A_baseline,271,218,1.791761040687561,0.06143416091799736,1.5350319463034037,1.0,18,50
A_baseline,271,219,1.791761040687561,0.06143416091799736,1.5457647898381555,1.0,19,50
A_baseline,271,220,1.791761040687561,0.06143416091799736,1.5725969961607462,1.0,0,50
A_baseline,271,221,1.791761040687561,0.06143416091799736,1.5889602378559176,1.0,1,50
A_baseline,271,222,1.791761040687561,0.06143416091799736,1.5700464318893912,1.0,2,50
A_baseline,271,223,1.791761040687561,0.06143416091799736,1.564921090011379,1.0,3,50
A_baseline,271,224,1.791761040687561,0.06143416091799736,1.5635437721703922,1.0,4,50
A_baseline,271,225,1.791761040687561,0.06143416091799736,1.526195911333838,1.0,5,50
A_baseline,271,226,1.791761040687561,0.06143416091799736,1.542821662095913,1.0,6,50
A_baseline,271,227,1.791761040687561,0.06143416091799736,1.5253929756489577,1.0,7,50
A_baseline,271,228,1.791761040687561,0.06143416091799736,1.5159458687425345,1.0,8,50
A_baseline,271,229,1.791761040687561,0.06143416091799736,1.5099121425734918,1.0,9,50
A_baseline,271,230,1.791761040687561,0.06143416091799736,1.4957584411140905,1.0,10,50
A_baseline,271,231,1.791761040687561,0.06143416091799736,1.4992436777514506,1.0,11,50
A_baseline,271,232,1.791761040687561,0.06143416091799736,1.485096720747492,1.0,12,50
A_baseline,271,233,1.791761040687561,0.06143416091799736,1.4849144444394573,1.0,13,50
A_baseline,271,234,1.791761040687561,0.06143416091799736,1.4707912017775886,1.0,14,50
A_baseline,271,235,1.791761040687561,0.06143416091799736,1.457886068196342,1.0,15,50
A_baseline,271,236,1.791761040687561,0.06143416091799736,1.463113360587263,1.0,16,50
A_baseline,271,237,1.791761040687561,0.06143416091799736,1.4725061981869834,1.0,17,50
A_baseline,271,238,1.791761040687561,0.06143416091799736,1.4859723537076552,1.0,18,50
A_baseline,271,239,1.791761040687561,0.06143416091799736,1.4764490717847059,1.0,19,50
A_baseline,271,240,1.791761040687561,0.06143416091799736,1.4850904272330263,1.0,0,50
A_baseline,271,241,1.791761040687561,0.06143416091799736,1.5119327093907233,1.0,1,50
A_baseline,271,242,1.791761040687561,0.06143416091799736,1.5261657064973022,1.0,2,50
A_baseline,271,243,1.791761040687561,0.06143416091799736,1.5452979564975464,1.0,3,50
A_baseline,271,244,1.791761040687561,0.06143416091799736,1.5471947147545038,1.0,4,50
A_baseline,271,245,1.791761040687561,0.06143416091799736,1.5482694119258282,1.0,5,50
A_baseline,271,246,1.791761040687561,0.06143416091799736,1.5419598350409205,1.0,6,50
A_baseline,271,247,1.791761040687561,0.06143416091799736,1.5337132744918582,1.0,7,50
A_baseline,271,248,1.791761040687561,0.06143416091799736,1.5294620017693126,1.0,8,50
A_baseline,271,249,1.791761040687561,0.06143416091799736,1.5359908623201175,1.0,9,50
A_baseline,271,250,1.791761040687561,0.06143416091799736,1.5131417762571198,1.0,10,50
A_baseline,509,1,1.8520108461380005,0.0645708292722702,1.734096799749658,1.0,0,24
A_baseline,509,2,1.8520108461380005,0.0645708292722702,1.7161821449736312,1.0,1,48
A_baseline,509,3,1.8520108461380005,0.0645708292722702,1.6886647506858457,1.0,2,50
A_baseline,509,4,1.8520108461380005,0.0645708292722702,1.6948348734356031,1.0,3,50
A_baseline,509,5,1.8520108461380005,0.0645708292722702,1.6962879197202319,1.0,4,50
A_baseline,509,6,1.8520108461380005,0.0645708292722702,1.6877784097792294,1.0,5,50
A_baseline,509,7,1.8520108461380005,0.0645708292722702,1.6841248544766054,1.0,6,50
A_baseline,509,8,1.8446671962738037,0.06634543091058731,1.687936230417067,1.0,0,50
A_baseline,509,9,1.8446671962738037,0.06634543091058731,1.6843247348275798,1.0,1,50
A_baseline,509,10,1.8293108940124512,0.0772223100066185,1.720967886318751,1.0,0,50
A_baseline,509,11,1.8293108940124512,0.0772223100066185,1.7145042071403798,1.0,1,50
A_baseline,509,12,1.8293108940124512,0.0772223100066185,1.7079422780596125,1.0,2,50
A_baseline,509,13,1.8293108940124512,0.0772223100066185,1.735120219142603,1.0,3,50
A_baseline,509,14,1.8293108940124512,0.0772223100066185,1.7087044841203436,1.0,4,50
A_baseline,509,15,1.8293108940124512,0.0772223100066185,1.7036154112185407,1.0,5,50
A_baseline,509,16,1.8293108940124512,0.0772223100066185,1.6890587681156874,1.0,6,50
A_baseline,509,17,1.8293108940124512,0.0772223100066185,1.6917812092878324,1.0,7,50
A_baseline,509,18,1.8000184297561646,0.07502195239067078,1.6950143593837776,1.0,0,50
A_baseline,509,19,1.8000184297561646,0.07502195239067078,1.6861222207780568,1.0,1,50
A_baseline,509,20,1.8000184297561646,0.07502195239067078,1.6964956276039347,1.0,2,50
A_baseline,509,21,1.8000184297561646,0.07502195239067078,1.6971369074460358,1.0,3,50
A_baseline,509,22,1.8000184297561646,0.07502195239067078,1.6665832812338064,1.0,4,50
A_baseline,509,23,1.8000184297561646,0.07502195239067078,1.6582472735235694,1.0,5,50
A_baseline,509,24,1.8000184297561646,0.07502195239067078,1.6754472297658178,1.0,6,50
A_baseline,509,25,1.8000184297561646,0.07502195239067078,1.6924222844519796,1.0,7,50
A_baseline,509,26,1.8000184297561646,0.07502195239067078,1.7261212801077237,1.0,8,50
A_baseline,509,27,1.8000184297561646,0.07502195239067078,1.7299303776480155,1.0,9,50
A_baseline,509,28,1.8000184297561646,0.07502195239067078,1.7142308301612699,1.0,10,50
A_baseline,509,29,1.8000184297561646,0.07502195239067078,1.7238551490485576,1.0,11,50
A_baseline,509,30,1.8000184297561646,0.07502195239067078,1.7111667832821496,1.0,12,50
A_baseline,509,31,1.8000184297561646,0.07502195239067078,1.6971160315907163,1.0,13,50
A_baseline,509,32,1.8000184297561646,0.07502195239067078,1.7016775011877827,1.0,14,50
A_baseline,509,33,1.8000184297561646,0.07502195239067078,1.672742151985573,1.0,15,50
A_baseline,509,34,1.8000184297561646,0.07502195239067078,1.677193201397483,1.0,16,50
A_baseline,509,35,1.8000184297561646,0.07502195239067078,1.673377444504844,1.0,17,50
A_baseline,509,36,1.8000184297561646,0.07502195239067078,1.679192232619532,1.0,18,50
A_baseline,509,37,1.8000184297561646,0.07502195239067078,1.7128066592960391,1.0,19,50
A_baseline,509,38,1.8000184297561646,0.07502195239067078,1.7317187221264383,1.0,0,50
A_baseline,509,39,1.8000184297561646,0.07502195239067078,1.7163691323801213,1.0,1,50
A_baseline,509,40,1.8000184297561646,0.07502195239067078,1.7201989705143026,1.0,2,50
A_baseline,509,41,1.8000184297561646,0.07502195239067078,1.7383297263951036,1.0,3,50
A_baseline,509,42,1.8000184297561646,0.07502195239067078,1.7057430401323894,1.0,4,50
A_baseline,509,43,1.8000184297561646,0.07502195239067078,1.7279888126935288,1.0,5,50
A_baseline,509,44,1.8000184297561646,0.07502195239067078,1.7307664243451577,1.0,6,50
A_baseline,509,45,1.8000184297561646,0.07502195239067078,1.7150898808253772,1.0,7,50
A_baseline,509,46,1.8000184297561646,0.07502195239067078,1.6967304899282956,1.0,8,50
A_baseline,509,47,1.8000184297561646,0.07502195239067078,1.6951963140853534,1.0,9,50
A_baseline,509,48,1.8000184297561646,0.07502195239067078,1.6833573223152174,1.0,10,50
A_baseline,509,49,1.8000184297561646,0.07502195239067078,1.703829520209418,1.0,11,50
A_baseline,509,50,1.8000184297561646,0.07502195239067078,1.7162463401852326,1.0,12,50
A_baseline,509,51,1.8000184297561646,0.07502195239067078,1.701133980136977,1.0,13,50
A_baseline,509,52,1.8000184297561646,0.07502195239067078,1.6657511430916805,1.0,14,50
A_baseline,509,53,1.8000184297561646,0.07502195239067078,1.6772469307914475,1.0,15,50
A_baseline,509,54,1.8000184297561646,0.07502195239067078,1.674245368445076,1.0,16,50
A_baseline,509,55,1.8000184297561646,0.07502195239067078,1.6731722150914181,1.0,17,50
A_baseline,509,56,1.8000184297561646,0.07502195239067078,1.6999667781654704,1.0,18,50
A_baseline,509,57,1.8000184297561646,0.07502195239067078,1.6962636258301944,1.0,19,50
A_baseline,509,58,1.8000184297561646,0.07502195239067078,1.6973696096990907,1.0,0,50
A_baseline,509,59,1.8000184297561646,0.07502195239067078,1.7200355403906262,1.0,1,50
A_baseline,509,60,1.8000184297561646,0.07502195239067078,1.7066539210875697,1.0,2,50
A_baseline,509,61,1.8000184297561646,0.07502195239067078,1.712484105891021,1.0,3,50
A_baseline,509,62,1.8000184297561646,0.07502195239067078,1.7052371507249147,1.0,4,50
A_baseline,509,63,1.8000184297561646,0.07502195239067078,1.6853009310225955,1.0,5,50
A_baseline,509,64,1.8000184297561646,0.07502195239067078,1.6754762066822493,1.0,6,50
A_baseline,509,65,1.8000184297561646,0.07502195239067078,1.6599172945758713,1.0,7,50
A_baseline,509,66,1.8000184297561646,0.07502195239067078,1.6759769389006867,1.0,8,50
A_baseline,509,67,1.8000184297561646,0.07502195239067078,1.6927602668127824,1.0,9,50
A_baseline,509,68,1.8000184297561646,0.07502195239067078,1.7243142366350344,1.0,10,50
A_baseline,509,69,1.8000184297561646,0.07502195239067078,1.7344323352592663,1.0,11,50
A_baseline,509,70,1.8000184297561646,0.07502195239067078,1.7220795350532343,1.0,12,50
A_baseline,509,71,1.8000184297561646,0.07502195239067078,1.6946299328160577,1.0,13,50
A_baseline,509,72,1.8000184297561646,0.07502195239067078,1.6877516318767973,1.0,14,50
A_baseline,509,73,1.8000184297561646,0.07502195239067078,1.714877321771465,1.0,15,50
A_baseline,509,74,1.8000184297561646,0.07502195239067078,1.7361138841033164,1.0,16,50
A_baseline,509,75,1.8000184297561646,0.07502195239067078,1.7155177962658477,1.0,17,50
A_baseline,509,76,1.8000184297561646,0.07502195239067078,1.7080121363521517,1.0,18,50
A_baseline,509,77,1.8000184297561646,0.07502195239067078,1.7124973614730643,1.0,19,50
A_baseline,509,78,1.8000184297561646,0.07502195239067078,1.7285612526194456,1.0,0,50
A_baseline,509,79,1.8000184297561646,0.07502195239067078,1.6936786118368556,1.0,1,50
A_baseline,509,80,1.8000184297561646,0.07502195239067078,1.6689427128382723,1.0,2,50
A_baseline,509,81,1.8000184297561646,0.07502195239067078,1.6919215768312672,1.0,3,50
A_baseline,509,82,1.8000184297561646,0.07502195239067078,1.6840271721700593,1.0,4,50
A_baseline,509,83,1.8000184297561646,0.07502195239067078,1.6932846334754983,1.0,5,50
A_baseline,509,84,1.8000184297561646,0.07502195239067078,1.688343858713549,1.0,6,50
A_baseline,509,85,1.8000184297561646,0.07502195239067078,1.6888608178993039,1.0,7,50
A_baseline,509,86,1.8000184297561646,0.07502195239067078,1.680809194520057,1.0,8,50
A_baseline,509,87,1.8000184297561646,0.07502195239067078,1.6872773283563973,1.0,9,50
A_baseline,509,88,1.8000184297561646,0.07502195239067078,1.6905689844465341,1.0,10,50
A_baseline,509,89,1.8000184297561646,0.07502195239067078,1.7030554866938488,1.0,11,50
A_baseline,509,90,1.8000184297561646,0.07502195239067078,1.715780058511597,1.0,12,50
A_baseline,509,91,1.8000184297561646,0.07502195239067078,1.704906735732031,1.0,13,50
A_baseline,509,92,1.8000184297561646,0.07502195239067078,1.677363115254853,1.0,14,50
A_baseline,509,93,1.8000184297561646,0.07502195239067078,1.6537231691116303,1.0,15,50
A_baseline,509,94,1.8000184297561646,0.07502195239067078,1.6553294976898187,1.0,16,50
A_baseline,509,95,1.8000184297561646,0.07502195239067078,1.6887699570625112,1.0,17,50
A_baseline,509,96,1.8000184297561646,0.07502195239067078,1.6869606146516807,1.0,18,50
A_baseline,509,97,1.8000184297561646,0.07502195239067078,1.7128053696325223,1.0,19,50
A_baseline,509,98,1.8000184297561646,0.07502195239067078,1.6830258238419489,1.0,0,50
A_baseline,509,99,1.8000184297561646,0.07502195239067078,1.6875043653553725,1.0,1,50
A_baseline,509,100,1.8000184297561646,0.07502195239067078,1.6758149201072245,1.0,2,50
A_baseline,509,101,1.8000184297561646,0.07502195239067078,1.6805499196624623,1.0,3,50
A_baseline,509,102,1.8000184297561646,0.07502195239067078,1.6682363577696682,1.0,4,50
A_baseline,509,103,1.8000184297561646,0.07502195239067078,1.676154445455005,1.0,5,50
A_baseline,509,104,1.8000184297561646,0.07502195239067078,1.6727403933242813,1.0,6,50
A_baseline,509,105,1.8000184297561646,0.07502195239067078,1.6809611407972285,1.0,7,50
A_baseline,509,106,1.8000184297561646,0.07502195239067078,1.6683496253866936,1.0,8,50
A_baseline,509,107,1.8000184297561646,0.07502195239067078,1.6803615084314212,1.0,9,50
A_baseline,509,108,1.8000184297561646,0.07502195239067078,1.673404306992226,1.0,10,50
A_baseline,509,109,1.8000184297561646,0.07502195239067078,1.6611366253767164,1.0,11,50
A_baseline,509,110,1.8000184297561646,0.07502195239067078,1.6669005341361762,1.0,12,50
A_baseline,509,111,1.8000184297561646,0.07502195239067078,1.688112640274038,1.0,13,50
A_baseline,509,112,1.8000184297561646,0.07502195239067078,1.6871174402007751,1.0,14,50
A_baseline,509,113,1.8000184297561646,0.07502195239067078,1.665534188266287,1.0,15,50
A_baseline,509,114,1.8000184297561646,0.07502195239067078,1.6384585092076245,1.0,16,50
A_baseline,509,115,1.8000184297561646,0.07502195239067078,1.6486865411258997,1.0,17,50
A_baseline,509,116,1.8000184297561646,0.07502195239067078,1.6621654425795351,1.0,18,50
A_baseline,509,117,1.8000184297561646,0.07502195239067078,1.65270475659088,1.0,19,50
A_baseline,509,118,1.8000184297561646,0.07502195239067078,1.6913979221416995,1.0,0,50
A_baseline,509,119,1.8000184297561646,0.07502195239067078,1.6612947289527802,1.0,1,50
A_baseline,509,120,1.8000184297561646,0.07502195239067078,1.6857497383350681,1.0,2,50
A_baseline,509,121,1.8000184297561646,0.07502195239067078,1.657142763380357,1.0,3,50
A_baseline,509,122,1.8000184297561646,0.07502195239067078,1.6400490777305798,1.0,4,50
A_baseline,509,123,1.8000184297561646,0.07502195239067078,1.6393066011622817,1.0,5,50
A_baseline,509,124,1.7929599285125732,0.04088383913040161,1.6260836252269744,1.0,0,50
A_baseline,509,125,1.7929599285125732,0.04088383913040161,1.6306637584654242,1.0,1,50
A_baseline,509,126,1.7929599285125732,0.04088383913040161,1.6357354814851017,1.0,2,50
A_baseline,509,127,1.7929599285125732,0.04088383913040161,1.644294990408707,1.0,3,50
A_baseline,509,128,1.7929599285125732,0.04088383913040161,1.6335125655202192,1.0,4,50
A_baseline,509,129,1.7929599285125732,0.04088383913040161,1.6585706774328224,1.0,5,50
A_baseline,509,130,1.7929599285125732,0.04088383913040161,1.667911026602477,1.0,6,50
A_baseline,509,131,1.7929599285125732,0.04088383913040161,1.6781434781611333,1.0,7,50
A_baseline,509,132,1.7929599285125732,0.04088383913040161,1.656609447331968,1.0,8,50
A_baseline,509,133,1.7929599285125732,0.04088383913040161,1.6514727036525352,1.0,9,50
A_baseline,509,134,1.7929599285125732,0.04088383913040161,1.6041433034872514,1.0,10,50
A_baseline,509,135,1.7929599285125732,0.04088383913040161,1.6297879040991974,1.0,11,50
A_baseline,509,136,1.7929599285125732,0.04088383913040161,1.6340022295061287,1.0,12,50
A_baseline,509,137,1.7929599285125732,0.04088383913040161,1.652699781804625,1.0,13,50
A_baseline,509,138,1.7929599285125732,0.04088383913040161,1.6349114655002537,1.0,14,50
A_baseline,509,139,1.7929599285125732,0.04088383913040161,1.654553570381149,1.0,15,50
A_baseline,509,140,1.7929599285125732,0.04088383913040161,1.6390031826252227,1.0,16,50
A_baseline,509,141,1.7929599285125732,0.04088383913040161,1.6379786848897153,1.0,17,50
A_baseline,509,142,1.7929599285125732,0.04088383913040161,1.6290502996064053,1.0,18,50
A_baseline,509,143,1.7929599285125732,0.04088383913040161,1.6280185314853999,1.0,19,50
A_baseline,509,144,1.7929599285125732,0.04088383913040161,1.678647508587408,1.0,0,50
A_baseline,509,145,1.7929599285125732,0.04088383913040161,1.6902703077644374,1.0,1,50
A_baseline,509,146,1.7929599285125732,0.04088383913040161,1.689572679460318,1.0,2,50
A_baseline,509,147,1.7929599285125732,0.04088383913040161,1.6960734222562244,1.0,3,50
A_baseline,509,148,1.7929599285125732,0.04088383913040161,1.6782606736844035,1.0,4,50
A_baseline,509,149,1.7929599285125732,0.04088383913040161,1.6563507358848186,1.0,5,50
A_baseline,509,150,1.7929599285125732,0.04088383913040161,1.6707005502087626,1.0,6,50
A_baseline,509,151,1.7929599285125732,0.04088383913040161,1.6543748806506795,1.0,7,50
A_baseline,509,152,1.7929599285125732,0.04088383913040161,1.6515162854329366,1.0,8,50
A_baseline,509,153,1.7929599285125732,0.04088383913040161,1.6746129522860065,1.0,9,50
A_baseline,509,154,1.7929599285125732,0.04088383913040161,1.6620488274568512,1.0,10,50
A_baseline,509,155,1.7929599285125732,0.04088383913040161,1.663110280986933,1.0,11,50
A_baseline,509,156,1.7929599285125732,0.04088383913040161,1.6702987414632695,1.0,12,50
A_baseline,509,157,1.7929599285125732,0.04088383913040161,1.6576004716514225,1.0,13,50
A_baseline,509,158,1.7929599285125732,0.04088383913040161,1.6485842846522987,1.0,14,50
A_baseline,509,159,1.7929599285125732,0.04088383913040161,1.6686912405846428,1.0,15,50
A_baseline,509,160,1.7929599285125732,0.04088383913040161,1.6425211411723366,1.0,16,50
A_baseline,509,161,1.7929599285125732,0.04088383913040161,1.6481264885602782,1.0,17,50
A_baseline,509,162,1.7929599285125732,0.04088383913040161,1.6320298495313486,1.0,18,50
A_baseline,509,163,1.7929599285125732,0.04088383913040161,1.6440655135349254,1.0,19,50
A_baseline,509,164,1.7929599285125732,0.04088383913040161,1.6568181577852188,1.0,0,50
A_baseline,509,165,1.7929599285125732,0.04088383913040161,1.6558930038970752,1.0,1,50
A_baseline,509,166,1.7929599285125732,0.04088383913040161,1.638394616400676,1.0,2,50
A_baseline,509,167,1.7929599285125732,0.04088383913040161,1.6169387237610564,1.0,3,50
A_baseline,509,168,1.7929599285125732,0.04088383913040161,1.6092762593324739,1.0,4,50
A_baseline,509,169,1.7929599285125732,0.04088383913040161,1.626467142554192,1.0,5,50
A_baseline,509,170,1.7929599285125732,0.04088383913040161,1.6489090922660066,1.0,6,50
A_baseline,509,171,1.7929599285125732,0.04088383913040161,1.6160588578472166,1.0,7,50
A_baseline,509,172,1.7929599285125732,0.04088383913040161,1.6128252683619981,1.0,8,50
A_baseline,509,173,1.7929599285125732,0.04088383913040161,1.6115516014989033,1.0,9,50
A_baseline,509,174,1.7929599285125732,0.04088383913040161,1.6057410580741396,1.0,10,50
A_baseline,509,175,1.7929599285125732,0.04088383913040161,1.5916072939858723,1.0,11,50
A_baseline,509,176,1.7929599285125732,0.04088383913040161,1.6120269741599444,1.0,12,50
A_baseline,509,177,1.7929599285125732,0.04088383913040161,1.6376606924580046,1.0,13,50
A_baseline,509,178,1.7929599285125732,0.04088383913040161,1.6203111239957129,1.0,14,50
A_baseline,509,179,1.7929599285125732,0.04088383913040161,1.595809166129942,1.0,15,50
A_baseline,509,180,1.7929599285125732,0.04088383913040161,1.578519311094037,1.0,16,50
A_baseline,509,181,1.7929599285125732,0.04088383913040161,1.58317647597825,1.0,17,50
A_baseline,509,182,1.7929599285125732,0.04088383913040161,1.6007183902127151,1.0,18,50
A_baseline,509,183,1.7819931507110596,0.058315426111221313,1.6055427761200622,1.0,0,50
A_baseline,509,184,1.7819931507110596,0.058315426111221313,1.6034730577207144,1.0,1,50
A_baseline,509,185,1.7819931507110596,0.058315426111221313,1.5993916727926614,1.0,2,50
A_baseline,509,186,1.7819931507110596,0.058315426111221313,1.618312942491594,1.0,3,50
A_baseline,509,187,1.7819931507110596,0.058315426111221313,1.5780850184145991,1.0,4,50
A_baseline,509,188,1.7819931507110596,0.058315426111221313,1.581024694927135,1.0,5,50
A_baseline,509,189,1.7819931507110596,0.058315426111221313,1.6110340732904944,1.0,6,50
A_baseline,509,190,1.7819931507110596,0.058315426111221313,1.606479690490001,1.0,7,50
A_baseline,509,191,1.7819931507110596,0.058315426111221313,1.5875392291288997,1.0,8,50
A_baseline,509,192,1.7819931507110596,0.058315426111221313,1.5669043076626243,1.0,9,50
A_baseline,509,193,1.7819931507110596,0.058315426111221313,1.574054107202518,1.0,10,50
A_baseline,509,194,1.7819931507110596,0.058315426111221313,1.5895553891794423,1.0,11,50
A_baseline,509,195,1.7819931507110596,0.058315426111221313,1.5775473927015142,1.0,12,50
A_baseline,509,196,1.7819931507110596,0.058315426111221313,1.605940043013463,1.0,13,50
A_baseline,509,197,1.7819931507110596,0.058315426111221313,1.5833201071065934,1.0,14,50
A_baseline,509,198,1.7819931507110596,0.058315426111221313,1.617712598034358,1.0,15,50
A_baseline,509,199,1.7819931507110596,0.058315426111221313,1.5989368232982237,1.0,16,50
A_baseline,509,200,1.7819931507110596,0.058315426111221313,1.5935304645152524,1.0,17,50
A_baseline,509,201,1.7819931507110596,0.058315426111221313,1.592345744950251,1.0,18,50
A_baseline,509,202,1.7819931507110596,0.058315426111221313,1.5714335614800183,1.0,19,50
A_baseline,509,203,1.7819931507110596,0.058315426111221313,1.6088165999784412,1.0,0,50
A_baseline,509,204,1.7819931507110596,0.058315426111221313,1.5840592515698146,1.0,1,50
A_baseline,509,205,1.7819931507110596,0.058315426111221313,1.56772126605413,1.0,2,50
A_baseline,509,206,1.7819931507110596,0.058315426111221313,1.5390168049803834,1.0,3,50
A_baseline,509,207,1.7819931507110596,0.058315426111221313,1.5389982691032522,1.0,4,50
A_baseline,509,208,1.7819931507110596,0.058315426111221313,1.507194042999795,1.0,5,50
A_baseline,509,209,1.7819931507110596,0.058315426111221313,1.5346954926813303,1.0,6,50
A_baseline,509,210,1.7819931507110596,0.058315426111221313,1.5479156520358281,1.0,7,50
A_baseline,509,211,1.7819931507110596,0.058315426111221313,1.5652515567503336,1.0,8,50
A_baseline,509,212,1.7819931507110596,0.058315426111221313,1.5780820268327196,1.0,9,50
A_baseline,509,213,1.7819931507110596,0.058315426111221313,1.5763771116794625,1.0,10,50
A_baseline,509,214,1.7819931507110596,0.058315426111221313,1.57871799268402,1.0,11,50
A_baseline,509,215,1.7819931507110596,0.058315426111221313,1.5597218456263104,1.0,12,50
A_baseline,509,216,1.7819931507110596,0.058315426111221313,1.5566217908771018,1.0,13,50
A_baseline,509,217,1.7819931507110596,0.058315426111221313,1.5560058198808737,1.0,14,50
A_baseline,509,218,1.7819931507110596,0.058315426111221313,1.5519702013128622,1.0,15,50
A_baseline,509,219,1.7819931507110596,0.058315426111221313,1.5659152808485672,1.0,16,50
A_baseline,509,220,1.7819931507110596,0.058315426111221313,1.5632002289547686,1.0,17,50
A_baseline,509,221,1.7819931507110596,0.058315426111221313,1.5500208365782835,1.0,18,50
A_baseline,509,222,1.7819931507110596,0.058315426111221313,1.5562645377333348,1.0,19,50
A_baseline,509,223,1.7819931507110596,0.058315426111221313,1.5775729846260031,1.0,0,50
A_baseline,509,224,1.7819931507110596,0.058315426111221313,1.560746673625589,1.0,1,50
A_baseline,509,225,1.7819931507110596,0.058315426111221313,1.54937633608999,1.0,2,50
A_baseline,509,226,1.7819931507110596,0.058315426111221313,1.5635957226847892,1.0,3,50
A_baseline,509,227,1.7819931507110596,0.058315426111221313,1.5623395427694102,1.0,4,50
A_baseline,509,228,1.7819931507110596,0.058315426111221313,1.5641742600996318,1.0,5,50
A_baseline,509,229,1.7819931507110596,0.058315426111221313,1.5313597830710066,1.0,6,50
A_baseline,509,230,1.7819931507110596,0.058315426111221313,1.5183529568076664,1.0,7,50
A_baseline,509,231,1.7819931507110596,0.058315426111221313,1.5364065791596657,1.0,8,50
A_baseline,509,232,1.7819931507110596,0.058315426111221313,1.5217122574261035,1.0,9,50
A_baseline,509,233,1.7819931507110596,0.058315426111221313,1.541548578571644,1.0,10,50
A_baseline,509,234,1.7819931507110596,0.058315426111221313,1.5398448333533477,1.0,11,50
A_baseline,509,235,1.7819931507110596,0.058315426111221313,1.5349731266680435,1.0,12,50
A_baseline,509,236,1.7819931507110596,0.058315426111221313,1.5346800520976591,1.0,13,50
A_baseline,509,237,1.7819931507110596,0.058315426111221313,1.5245283591321706,1.0,14,50
A_baseline,509,238,1.7819931507110596,0.058315426111221313,1.522976806378011,1.0,15,50
A_baseline,509,239,1.7819931507110596,0.058315426111221313,1.5205594609271775,1.0,16,50
A_baseline,509,240,1.7819931507110596,0.058315426111221313,1.5518879057604902,1.0,17,50
A_baseline,509,241,1.7819931507110596,0.058315426111221313,1.5522010475796637,1.0,18,50
A_baseline,509,242,1.7819931507110596,0.058315426111221313,1.5378291482701618,1.0,19,50
A_baseline,509,243,1.7819931507110596,0.058315426111221313,1.5539196605579408,1.0,0,50
A_baseline,509,244,1.7819931507110596,0.058315426111221313,1.5195204733378795,1.0,1,50
A_baseline,509,245,1.7819931507110596,0.058315426111221313,1.4893321779791509,1.0,2,50
A_baseline,509,246,1.7819931507110596,0.058315426111221313,1.5001235108618192,1.0,3,50
A_baseline,509,247,1.7819931507110596,0.058315426111221313,1.499521577963051,1.0,4,50
A_baseline,509,248,1.7819931507110596,0.058315426111221313,1.4728261374672944,1.0,5,50
A_baseline,509,249,1.7819931507110596,0.058315426111221313,1.4911752931212945,1.0,6,50
A_baseline,509,250,1.7819931507110596,0.058315426111221313,1.4873271271779374,1.0,7,50
A_baseline,1023,1,1.9171104431152344,0.0624498650431633,1.7362253278399087,1.0,1,24
A_baseline,1023,2,1.9171104431152344,0.0624498650431633,1.7149049844666362,1.0,2,48
A_baseline,1023,3,1.9171104431152344,0.0624498650431633,1.7069070795249393,1.0,3,50
A_baseline,1023,4,1.9171104431152344,0.0624498650431633,1.6989849679571127,1.0,4,50
A_baseline,1023,5,1.8615626096725464,0.04351683706045151,1.7131208397046889,1.0,0,50
A_baseline,1023,6,1.8615626096725464,0.04351683706045151,1.7170512429169098,1.0,1,50
A_baseline,1023,7,1.8476742506027222,0.07009443640708923,1.6980243186197002,1.0,0,50
A_baseline,1023,8,1.8476742506027222,0.07009443640708923,1.6963995737499475,1.0,1,50
A_baseline,1023,9,1.8476742506027222,0.07009443640708923,1.7024224271579222,1.0,2,50
A_baseline,1023,10,1.8476742506027222,0.07009443640708923,1.6999358966754172,1.0,3,50
A_baseline,1023,11,1.8476742506027222,0.07009443640708923,1.7156877610480927,1.0,4,50
A_baseline,1023,12,1.8476742506027222,0.07009443640708923,1.7269114743778833,1.0,5,50
A_baseline,1023,13,1.8476742506027222,0.07009443640708923,1.7148083497130577,1.0,6,50
A_baseline,1023,14,1.8476742506027222,0.07009443640708923,1.694615931327239,1.0,7,50
A_baseline,1023,15,1.8476742506027222,0.07009443640708923,1.697617051456908,1.0,8,50
A_baseline,1023,16,1.8476742506027222,0.07009443640708923,1.7090935358763386,1.0,9,50
A_baseline,1023,17,1.8476742506027222,0.07009443640708923,1.6901107477763069,1.0,10,50
A_baseline,1023,18,1.8476742506027222,0.07009443640708923,1.6898338759915423,1.0,11,50
A_baseline,1023,19,1.8476742506027222,0.07009443640708923,1.6971258299712664,1.0,12,50
A_baseline,1023,20,1.8476742506027222,0.07009443640708923,1.6842225295876527,1.0,13,50
A_baseline,1023,21,1.8476742506027222,0.07009443640708923,1.707174532675272,1.0,14,50
A_baseline,1023,22,1.8476742506027222,0.07009443640708923,1.7007772673764516,1.0,15,50
A_baseline,1023,23,1.8476742506027222,0.07009443640708923,1.7016377317319171,1.0,16,50
A_baseline,1023,24,1.8476742506027222,0.07009443640708923,1.6855988430917375,1.0,17,50
A_baseline,1023,25,1.8476742506027222,0.07009443640708923,1.7029851564253815,1.0,18,50
A_baseline,1023,26,1.8476742506027222,0.07009443640708923,1.7210224278648236,1.0,19,50
A_baseline,1023,27,1.8476742506027222,0.07009443640708923,1.724671278575776,1.0,0,50
A_baseline,1023,28,1.8476742506027222,0.07009443640708923,1.7100258491612335,1.0,1,50
A_baseline,1023,29,1.8476742506027222,0.07009443640708923,1.705281060877431,1.0,2,50
A_baseline,1023,30,1.8476742506027222,0.07009443640708923,1.717165437828458,1.0,3,50
A_baseline,1023,31,1.8476742506027222,0.07009443640708923,1.7187679291852063,1.0,4,50
A_baseline,1023,32,1.8391404151916504,0.056056663393974304,1.7052404177783187,1.0,0,50
A_baseline,1023,33,1.8391404151916504,0.056056663393974304,1.694745127168549,1.0,1,50
A_baseline,1023,34,1.8391404151916504,0.056056663393974304,1.7043644219971197,1.0,2,50
A_baseline,1023,35,1.8391404151916504,0.056056663393974304,1.6926046358711258,1.0,3,50
A_baseline,1023,36,1.8391404151916504,0.056056663393974304,1.6993354199752777,1.0,4,50
A_baseline,1023,37,1.8391404151916504,0.056056663393974304,1.685075099937692,1.0,5,50
A_baseline,1023,38,1.8391404151916504,0.056056663393974304,1.7003241226312082,1.0,6,50
A_baseline,1023,39,1.8391404151916504,0.056056663393974304,1.695725946759281,1.0,7,50
A_baseline,1023,40,1.8391404151916504,0.056056663393974304,1.706515081870049,1.0,8,50
A_baseline,1023,41,1.8391404151916504,0.056056663393974304,1.6930678369409105,1.0,9,50
A_baseline,1023,42,1.8391404151916504,0.056056663393974304,1.6668693099876113,1.0,10,50
A_baseline,1023,43,1.8391404151916504,0.056056663393974304,1.6519098368108143,1.0,11,50
A_baseline,1023,44,1.8391404151916504,0.056056663393974304,1.6867834515206963,1.0,12,50
A_baseline,1023,45,1.8391404151916504,0.056056663393974304,1.685718520923434,1.0,13,50
A_baseline,1023,46,1.8391404151916504,0.056056663393974304,1.6924404191368057,1.0,14,50
A_baseline,1023,47,1.8391404151916504,0.056056663393974304,1.7127237424789725,1.0,15,50
A_baseline,1023,48,1.8123987913131714,0.08836502581834793,1.711766624503985,1.0,0,50
A_baseline,1023,49,1.8123987913131714,0.08836502581834793,1.7177501466853737,1.0,1,50
A_baseline,1023,50,1.8123987913131714,0.08836502581834793,1.7086225895320928,1.0,2,50
A_baseline,1023,51,1.8123987913131714,0.08836502581834793,1.6835781886401988,1.0,3,50
A_baseline,1023,52,1.8123987913131714,0.08836502581834793,1.6679163366969838,1.0,4,50
A_baseline,1023,53,1.8123987913131714,0.08836502581834793,1.6669297412975022,1.0,5,50
A_baseline,1023,54,1.8123987913131714,0.08836502581834793,1.661865646603756,1.0,6,50
A_baseline,1023,55,1.8123987913131714,0.08836502581834793,1.6793407034759305,1.0,7,50
A_baseline,1023,56,1.8123987913131714,0.08836502581834793,1.6812705221115323,1.0,8,50
A_baseline,1023,57,1.8123987913131714,0.08836502581834793,1.7018878468507532,1.0,9,50
A_baseline,1023,58,1.8123987913131714,0.08836502581834793,1.7283289242915814,1.0,10,50
A_baseline,1023,59,1.8123987913131714,0.08836502581834793,1.6979205461909033,1.0,11,50
A_baseline,1023,60,1.8123987913131714,0.08836502581834793,1.6724288214769005,1.0,12,50
A_baseline,1023,61,1.8123987913131714,0.08836502581834793,1.6825694107079034,1.0,13,50
A_baseline,1023,62,1.8123987913131714,0.08836502581834793,1.701316296158789,1.0,14,50
A_baseline,1023,63,1.8123987913131714,0.08836502581834793,1.6903523649580956,1.0,15,50
A_baseline,1023,64,1.8123987913131714,0.08836502581834793,1.6842442219912237,1.0,16,50
A_baseline,1023,65,1.8123987913131714,0.08836502581834793,1.6843542571595593,1.0,17,50
A_baseline,1023,66,1.8123987913131714,0.08836502581834793,1.6556856551224262,1.0,18,50
A_baseline,1023,67,1.8123987913131714,0.08836502581834793,1.6513317936495462,1.0,19,50
A_baseline,1023,68,1.8123987913131714,0.08836502581834793,1.6629123121031786,1.0,0,50
A_baseline,1023,69,1.8123987913131714,0.08836502581834793,1.6564975548438705,1.0,1,50
A_baseline,1023,70,1.8123987913131714,0.08836502581834793,1.6793232082927159,1.0,2,50
A_baseline,1023,71,1.8123987913131714,0.08836502581834793,1.674208117787456,1.0,3,50
A_baseline,1023,72,1.8123987913131714,0.08836502581834793,1.6930843196180279,1.0,4,50
A_baseline,1023,73,1.8123987913131714,0.08836502581834793,1.6782199721604043,1.0,5,50
A_baseline,1023,74,1.8123987913131714,0.08836502581834793,1.674251738218948,1.0,6,50
A_baseline,1023,75,1.8123987913131714,0.08836502581834793,1.6727319710065065,1.0,7,50
A_baseline,1023,76,1.8123987913131714,0.08836502581834793,1.672015753739214,1.0,8,50
A_baseline,1023,77,1.8123987913131714,0.08836502581834793,1.6882716250059375,1.0,9,50
A_baseline,1023,78,1.8123987913131714,0.08836502581834793,1.6709300276553947,1.0,10,50
A_baseline,1023,79,1.8123987913131714,0.08836502581834793,1.6819504964512633,1.0,11,50
A_baseline,1023,80,1.8123987913131714,0.08836502581834793,1.7141568707679868,1.0,12,50
A_baseline,1023,81,1.8123987913131714,0.08836502581834793,1.7072726326952925,1.0,13,50
A_baseline,1023,82,1.8123987913131714,0.08836502581834793,1.69744433422154,1.0,14,50
A_baseline,1023,83,1.8123987913131714,0.08836502581834793,1.694253439469075,1.0,15,50
A_baseline,1023,84,1.8123987913131714,0.08836502581834793,1.6980407655177459,1.0,16,50
A_baseline,1023,85,1.8123987913131714,0.08836502581834793,1.707995464470873,1.0,17,50
A_baseline,1023,86,1.8123987913131714,0.08836502581834793,1.7356129102250284,1.0,18,50
A_baseline,1023,87,1.8123987913131714,0.08836502581834793,1.7285804179895476,1.0,19,50
A_baseline,1023,88,1.8123987913131714,0.08836502581834793,1.748650544586714,1.0,0,50
A_baseline,1023,89,1.8123987913131714,0.08836502581834793,1.7381520148275549,1.0,1,50
A_baseline,1023,90,1.8123987913131714,0.08836502581834793,1.723196241656015,1.0,2,50
A_baseline,1023,91,1.8123987913131714,0.08836502581834793,1.7128447451853155,1.0,3,50
A_baseline,1023,92,1.8123987913131714,0.08836502581834793,1.7161159292236778,1.0,4,50
A_baseline,1023,93,1.8123987913131714,0.08836502581834793,1.697315788767454,1.0,5,50
A_baseline,1023,94,1.8123987913131714,0.08836502581834793,1.6869127935863066,1.0,6,50
A_baseline,1023,95,1.8123987913131714,0.08836502581834793,1.652969375107789,1.0,7,50
A_baseline,1023,96,1.8123987913131714,0.08836502581834793,1.703316909325278,1.0,8,50
A_baseline,1023,97,1.8123987913131714,0.08836502581834793,1.681432438559017,1.0,9,50
A_baseline,1023,98,1.8123987913131714,0.08836502581834793,1.6756742634418882,1.0,10,50
A_baseline,1023,99,1.8123987913131714,0.08836502581834793,1.6446055585955448,1.0,11,50
A_baseline,1023,100,1.8123987913131714,0.08836502581834793,1.6456228577297052,1.0,12,50
A_baseline,1023,101,1.8123987913131714,0.08836502581834793,1.6597120041913445,1.0,13,50
A_baseline,1023,102,1.8123987913131714,0.08836502581834793,1.6677079422897043,1.0,14,50
A_baseline,1023,103,1.8123987913131714,0.08836502581834793,1.6441595324148124,1.0,15,50
A_baseline,1023,104,1.8123987913131714,0.08836502581834793,1.6335953755800048,1.0,16,50
A_baseline,1023,105,1.8123987913131714,0.08836502581834793,1.6262918078902744,1.0,17,50
A_baseline,1023,106,1.8123987913131714,0.08836502581834793,1.6267037511515765,1.0,18,50
A_baseline,1023,107,1.8123987913131714,0.08836502581834793,1.6384784338165543,1.0,19,50
A_baseline,1023,108,1.8123987913131714,0.08836502581834793,1.6705073947681035,1.0,0,50
A_baseline,1023,109,1.8123987913131714,0.08836502581834793,1.6765045759734667,1.0,1,50
A_baseline,1023,110,1.8123987913131714,0.08836502581834793,1.6573405480043892,1.0,2,50
A_baseline,1023,111,1.8123987913131714,0.08836502581834793,1.667653198253405,1.0,3,50
A_baseline,1023,112,1.8123987913131714,0.08836502581834793,1.6722483405603095,1.0,4,50
A_baseline,1023,113,1.8123987913131714,0.08836502581834793,1.6869824830732116,1.0,5,50
A_baseline,1023,114,1.8123987913131714,0.08836502581834793,1.6857746521211374,1.0,6,50
A_baseline,1023,115,1.8123987913131714,0.08836502581834793,1.6805083983964317,1.0,7,50
A_baseline,1023,116,1.8123987913131714,0.08836502581834793,1.6796662681730072,1.0,8,50
A_baseline,1023,117,1.8123987913131714,0.08836502581834793,1.6673397387746245,1.0,9,50
A_baseline,1023,118,1.8123987913131714,0.08836502581834793,1.6927491434157238,1.0,10,50
A_baseline,1023,119,1.8123987913131714,0.08836502581834793,1.6946343875902916,1.0,11,50
A_baseline,1023,120,1.8123987913131714,0.08836502581834793,1.6988704317258114,1.0,12,50
A_baseline,1023,121,1.8123987913131714,0.08836502581834793,1.702923112796844,1.0,13,50
A_baseline,1023,122,1.8123987913131714,0.08836502581834793,1.7009859937924938,1.0,14,50
A_baseline,1023,123,1.8123987913131714,0.08836502581834793,1.690203418836293,1.0,15,50
A_baseline,1023,124,1.8123987913131714,0.08836502581834793,1.66713351374535,1.0,16,50
A_baseline,1023,125,1.8123987913131714,0.08836502581834793,1.691286087819273,1.0,17,50
A_baseline,1023,126,1.8123987913131714,0.08836502581834793,1.6454582041895105,1.0,18,50
A_baseline,1023,127,1.8123987913131714,0.08836502581834793,1.6278004914500803,1.0,19,50
A_baseline,1023,128,1.8123987913131714,0.08836502581834793,1.680924396413992,1.0,0,50
A_baseline,1023,129,1.8123987913131714,0.08836502581834793,1.6834065340740672,1.0,1,50
A_baseline,1023,130,1.8123987913131714,0.08836502581834793,1.6850441792079018,1.0,2,50
A_baseline,1023,131,1.8123987913131714,0.08836502581834793,1.6819648749273306,1.0,3,50
A_baseline,1023,132,1.8123987913131714,0.08836502581834793,1.6859302046443945,1.0,4,50
A_baseline,1023,133,1.8123987913131714,0.08836502581834793,1.6878533816997523,1.0,5,50
A_baseline,1023,134,1.8123987913131714,0.08836502581834793,1.6659386410426358,1.0,6,50
A_baseline,1023,135,1.8123987913131714,0.08836502581834793,1.6543988357343713,1.0,7,50
A_baseline,1023,136,1.8123987913131714,0.08836502581834793,1.6683736097427952,1.0,8,50
A_baseline,1023,137,1.8123987913131714,0.08836502581834793,1.6737667948626973,1.0,9,50
A_baseline,1023,138,1.8123987913131714,0.08836502581834793,1.6774460506314384,1.0,10,50
A_baseline,1023,139,1.8123987913131714,0.08836502581834793,1.675592075793842,1.0,11,50
A_baseline,1023,140,1.8123987913131714,0.08836502581834793,1.6634811340634916,1.0,12,50
A_baseline,1023,141,1.8123987913131714,0.08836502581834793,1.6594111784456174,1.0,13,50
A_baseline,1023,142,1.8123987913131714,0.08836502581834793,1.6484924561946968,1.0,14,50
A_baseline,1023,143,1.8123987913131714,0.08836502581834793,1.6587053870457784,1.0,15,50
A_baseline,1023,144,1.8123987913131714,0.08836502581834793,1.640209596848195,1.0,16,50
A_baseline,1023,145,1.8123987913131714,0.08836502581834793,1.6337398771975673,1.0,17,50
A_baseline,1023,146,1.8123987913131714,0.08836502581834793,1.6431774510682353,1.0,18,50
A_baseline,1023,147,1.8123987913131714,0.08836502581834793,1.6252140498802556,1.0,19,50
A_baseline,1023,148,1.8123987913131714,0.08836502581834793,1.6598921451359827,1.0,0,50
A_baseline,1023,149,1.8123987913131714,0.08836502581834793,1.6454074452104968,1.0,1,50
A_baseline,1023,150,1.8123987913131714,0.08836502581834793,1.62876666581708,1.0,2,50
A_baseline,1023,151,1.8123987913131714,0.08836502581834793,1.6498862421674103,1.0,3,50
A_baseline,1023,152,1.8123987913131714,0.08836502581834793,1.638734471274517,1.0,4,50
A_baseline,1023,153,1.8123987913131714,0.08836502581834793,1.6538823152659734,1.0,5,50
A_baseline,1023,154,1.8123987913131714,0.08836502581834793,1.6638682331244667,1.0,6,50
A_baseline,1023,155,1.8123987913131714,0.08836502581834793,1.6416997542725889,1.0,7,50
A_baseline,1023,156,1.8123987913131714,0.08836502581834793,1.6491576886148227,1.0,8,50
A_baseline,1023,157,1.8123987913131714,0.08836502581834793,1.661920656606976,1.0,9,50
A_baseline,1023,158,1.8123987913131714,0.08836502581834793,1.6758004426370077,1.0,10,50
A_baseline,1023,159,1.8123987913131714,0.08836502581834793,1.649953368435626,1.0,11,50
A_baseline,1023,160,1.8123987913131714,0.08836502581834793,1.663752095784682,1.0,12,50
A_baseline,1023,161,1.8123987913131714,0.08836502581834793,1.658432900335052,1.0,13,50
A_baseline,1023,162,1.8123987913131714,0.08836502581834793,1.627522907471207,1.0,14,50
A_baseline,1023,163,1.8123987913131714,0.08836502581834793,1.608305429577849,1.0,15,50
A_baseline,1023,164,1.8123987913131714,0.08836502581834793,1.5758630735045938,1.0,16,50
A_baseline,1023,165,1.8123987913131714,0.08836502581834793,1.5622992749642246,1.0,17,50
A_baseline,1023,166,1.8123987913131714,0.08836502581834793,1.5554116084009666,1.0,18,50
A_baseline,1023,167,1.8123987913131714,0.08836502581834793,1.5866493843735174,1.0,19,50
A_baseline,1023,168,1.8123987913131714,0.08836502581834793,1.607736061310552,1.0,0,50
A_baseline,1023,169,1.8123987913131714,0.08836502581834793,1.615225030902937,1.0,1,50
A_baseline,1023,170,1.8123987913131714,0.08836502581834793,1.593685102359985,1.0,2,50
A_baseline,1023,171,1.8123987913131714,0.08836502581834793,1.5751346876527275,1.0,3,50
A_baseline,1023,172,1.8123987913131714,0.08836502581834793,1.606648498385456,1.0,4,50
A_baseline,1023,173,1.8123987913131714,0.08836502581834793,1.6301723577540377,1.0,5,50
A_baseline,1023,174,1.8123987913131714,0.08836502581834793,1.6224026250697676,1.0,6,50
A_baseline,1023,175,1.8123987913131714,0.08836502581834793,1.6337854672448677,1.0,7,50
A_baseline,1023,176,1.8123987913131714,0.08836502581834793,1.6160402756920098,1.0,8,50
A_baseline,1023,177,1.8123987913131714,0.08836502581834793,1.6266025695737512,1.0,9,50
A_baseline,1023,178,1.8123987913131714,0.08836502581834793,1.6255417208371463,1.0,10,50
A_baseline,1023,179,1.8123987913131714,0.08836502581834793,1.6111873405843504,1.0,11,50
A_baseline,1023,180,1.8123987913131714,0.08836502581834793,1.608031809668255,1.0,12,50
A_baseline,1023,181,1.8123987913131714,0.08836502581834793,1.6266958313471822,1.0,13,50
A_baseline,1023,182,1.8123987913131714,0.08836502581834793,1.613439629692757,1.0,14,50
A_baseline,1023,183,1.8123987913131714,0.08836502581834793,1.5913321456263303,1.0,15,50
A_baseline,1023,184,1.8123987913131714,0.08836502581834793,1.590260152811713,1.0,16,50
A_baseline,1023,185,1.8123987913131714,0.08836502581834793,1.5769462898478386,1.0,17,50
A_baseline,1023,186,1.8123987913131714,0.08836502581834793,1.583864680613115,1.0,18,50
A_baseline,1023,187,1.8123987913131714,0.08836502581834793,1.5969589446726549,1.0,19,50
A_baseline,1023,188,1.8123987913131714,0.08836502581834793,1.6311683925550904,1.0,0,50
A_baseline,1023,189,1.8123987913131714,0.08836502581834793,1.62865853409972,1.0,1,50
A_baseline,1023,190,1.8123987913131714,0.08836502581834793,1.6283201461498458,1.0,2,50
A_baseline,1023,191,1.8123987913131714,0.08836502581834793,1.616566934085114,1.0,3,50
A_baseline,1023,192,1.8123987913131714,0.08836502581834793,1.6104402418745547,1.0,4,50
A_baseline,1023,193,1.8123987913131714,0.08836502581834793,1.6138214538973026,1.0,5,50
A_baseline,1023,194,1.8123987913131714,0.08836502581834793,1.5892613024004991,1.0,6,50
A_baseline,1023,195,1.8123987913131714,0.08836502581834793,1.5743028439879136,1.0,7,50
A_baseline,1023,196,1.8123987913131714,0.08836502581834793,1.5704985977630253,1.0,8,50
A_baseline,1023,197,1.8123987913131714,0.08836502581834793,1.5700912708416512,1.0,9,50
A_baseline,1023,198,1.8123987913131714,0.08836502581834793,1.5570053064949814,1.0,10,50
A_baseline,1023,199,1.8123987913131714,0.08836502581834793,1.5776066909683024,1.0,11,50
A_baseline,1023,200,1.8123987913131714,0.08836502581834793,1.5907227408702214,1.0,12,50
A_baseline,1023,201,1.8123987913131714,0.08836502581834793,1.601000853915723,1.0,13,50
A_baseline,1023,202,1.8123987913131714,0.08836502581834793,1.6231305348767404,1.0,14,50
A_baseline,1023,203,1.8123987913131714,0.08836502581834793,1.6160035101566426,1.0,15,50
A_baseline,1023,204,1.8123987913131714,0.08836502581834793,1.630423600341638,1.0,16,50
A_baseline,1023,205,1.8123987913131714,0.08836502581834793,1.6250532528832051,1.0,17,50
A_baseline,1023,206,1.8123987913131714,0.08836502581834793,1.6053118999577356,1.0,18,50
A_baseline,1023,207,1.8123987913131714,0.08836502581834793,1.6086788266053988,1.0,19,50
A_baseline,1023,208,1.8123987913131714,0.08836502581834793,1.6349225266619754,1.0,0,50
A_baseline,1023,209,1.8123987913131714,0.08836502581834793,1.6406212554941273,1.0,1,50
A_baseline,1023,210,1.8123987913131714,0.08836502581834793,1.613561856650805,1.0,2,50
A_baseline,1023,211,1.8123987913131714,0.08836502581834793,1.58179992400311,1.0,3,50
A_baseline,1023,212,1.8123987913131714,0.08836502581834793,1.5738547295419345,1.0,4,50
A_baseline,1023,213,1.8123987913131714,0.08836502581834793,1.5654990282035164,1.0,5,50
A_baseline,1023,214,1.8123987913131714,0.08836502581834793,1.5568563318381912,1.0,6,50
A_baseline,1023,215,1.8123987913131714,0.08836502581834793,1.552626485144931,1.0,7,50
A_baseline,1023,216,1.8123987913131714,0.08836502581834793,1.5396544796463822,1.0,8,50
A_baseline,1023,217,1.8123987913131714,0.08836502581834793,1.5326321201260187,1.0,9,50
A_baseline,1023,218,1.8123987913131714,0.08836502581834793,1.5263175474769204,1.0,10,50
A_baseline,1023,219,1.8123987913131714,0.08836502581834793,1.5045660509605256,1.0,11,50
A_baseline,1023,220,1.8123987913131714,0.08836502581834793,1.5162485170998905,1.0,12,50
A_baseline,1023,221,1.8123987913131714,0.08836502581834793,1.521352704986444,1.0,13,50
A_baseline,1023,222,1.8123987913131714,0.08836502581834793,1.5299431303173094,1.0,14,50
A_baseline,1023,223,1.8123987913131714,0.08836502581834793,1.5195799124002167,1.0,15,50
A_baseline,1023,224,1.8123987913131714,0.08836502581834793,1.5106456518586335,1.0,16,50
A_baseline,1023,225,1.8123987913131714,0.08836502581834793,1.537888610500248,1.0,17,50
A_baseline,1023,226,1.8123987913131714,0.08836502581834793,1.5310833379186155,1.0,18,50
A_baseline,1023,227,1.8123987913131714,0.08836502581834793,1.5281644580673437,1.0,19,50
A_baseline,1023,228,1.8123987913131714,0.08836502581834793,1.5709224324085769,1.0,0,50
A_baseline,1023,229,1.8123987913131714,0.08836502581834793,1.5812769393096096,1.0,1,50
A_baseline,1023,230,1.8123987913131714,0.08836502581834793,1.5876959962555222,1.0,2,50
A_baseline,1023,231,1.8123987913131714,0.08836502581834793,1.5696423460632647,1.0,3,50
A_baseline,1023,232,1.8123987913131714,0.08836502581834793,1.5544217739196098,1.0,4,50
A_baseline,1023,233,1.8123987913131714,0.08836502581834793,1.5388533452715447,1.0,5,50
A_baseline,1023,234,1.8123987913131714,0.08836502581834793,1.5063466617163181,1.0,6,50
A_baseline,1023,235,1.8123987913131714,0.08836502581834793,1.508571967620424,1.0,7,50
A_baseline,1023,236,1.8123987913131714,0.08836502581834793,1.5190374577959727,1.0,8,50
A_baseline,1023,237,1.8123987913131714,0.08836502581834793,1.5446603013568754,1.0,9,50
A_baseline,1023,238,1.8123987913131714,0.08836502581834793,1.5454294373799928,1.0,10,50
A_baseline,1023,239,1.8123987913131714,0.08836502581834793,1.5778755764044248,1.0,11,50
A_baseline,1023,240,1.8123987913131714,0.08836502581834793,1.5733067922966508,1.0,12,50
A_baseline,1023,241,1.8123987913131714,0.08836502581834793,1.557989598577697,1.0,13,50
A_baseline,1023,242,1.8123987913131714,0.08836502581834793,1.5383038829756948,1.0,14,50
A_baseline,1023,243,1.8123987913131714,0.08836502581834793,1.5268346541098363,1.0,15,50
A_baseline,1023,244,1.8123987913131714,0.08836502581834793,1.5095805500164154,1.0,16,50
A_baseline,1023,245,1.8123987913131714,0.08836502581834793,1.5005930063040245,1.0,17,50
A_baseline,1023,246,1.8123987913131714,0.08836502581834793,1.4942229370711593,1.0,18,50
A_baseline,1023,247,1.8123987913131714,0.08836502581834793,1.47856988938554,1.0,19,50
A_baseline,1023,248,1.8123987913131714,0.08836502581834793,1.5162876180512295,1.0,0,50
A_baseline,1023,249,1.8123987913131714,0.08836502581834793,1.5026836001914543,1.0,1,50
A_baseline,1023,250,1.8123987913131714,0.08836502581834793,1.4913607890304506,1.0,2,50
B_sens_al_score,42,1,1.9377565383911133,0.05011105164885521,1.7424998491545223,1.0,1,23
B_sens_al_score,42,2,1.8874074220657349,0.06166454032063484,1.7318574601311403,1.0,0,46
B_sens_al_score,42,3,1.882959246635437,0.059344302862882614,1.7195500055489557,1.0,0,50
B_sens_al_score,42,4,1.847784161567688,0.06326457858085632,1.7297674994977585,1.0,0,50
B_sens_al_score,42,5,1.847784161567688,0.06326457858085632,1.7377921088333363,1.0,1,50
B_sens_al_score,42,6,1.8357428312301636,0.0754595696926117,1.7422846865964783,1.0,0,50
B_sens_al_score,42,7,1.8357428312301636,0.0754595696926117,1.7100921983190682,1.0,1,50
B_sens_al_score,42,8,1.8357428312301636,0.0754595696926117,1.7027716192317202,1.0,2,50
B_sens_al_score,42,9,1.8357428312301636,0.0754595696926117,1.6997095972556377,1.0,3,50
B_sens_al_score,42,10,1.8357428312301636,0.0754595696926117,1.7075937506595822,1.0,4,50
B_sens_al_score,42,11,1.7398083209991455,0.05819258838891983,1.716694025798898,1.0,0,50
B_sens_al_score,42,12,1.7398083209991455,0.05819258838891983,1.706653440747107,1.0,1,50
B_sens_al_score,42,13,1.7398083209991455,0.05819258838891983,1.710336457712024,1.0,2,50
B_sens_al_score,42,14,1.7398083209991455,0.05819258838891983,1.6823559380408108,1.0,3,50
B_sens_al_score,42,15,1.7398083209991455,0.05819258838891983,1.6808786799490296,1.0,4,50
B_sens_al_score,42,16,1.7398083209991455,0.05819258838891983,1.6932275177598564,1.0,5,50
B_sens_al_score,42,17,1.7398083209991455,0.05819258838891983,1.7210531539904597,1.0,6,50
B_sens_al_score,42,18,1.7398083209991455,0.05819258838891983,1.6921925232178692,1.0,7,50
B_sens_al_score,42,19,1.7398083209991455,0.05819258838891983,1.7007840175457414,1.0,8,50
B_sens_al_score,42,20,1.7398083209991455,0.05819258838891983,1.7126337706073622,1.0,9,50
B_sens_al_score,42,21,1.7398083209991455,0.05819258838891983,1.7072065888338057,1.0,10,50
B_sens_al_score,42,22,1.7398083209991455,0.05819258838891983,1.6995521714594364,1.0,11,50
B_sens_al_score,42,23,1.7398083209991455,0.05819258838891983,1.6979403997175397,1.0,12,50
B_sens_al_score,42,24,1.7398083209991455,0.05819258838891983,1.6917310450865861,1.0,13,50
B_sens_al_score,42,25,1.7398083209991455,0.05819258838891983,1.6848371236047022,1.0,14,50
B_sens_al_score,42,26,1.7398083209991455,0.05819258838891983,1.687276823286245,1.0,15,50
B_sens_al_score,42,27,1.7398083209991455,0.05819258838891983,1.683439929933424,1.0,16,50
B_sens_al_score,42,28,1.7398083209991455,0.05819258838891983,1.6884580188023584,1.0,17,50
B_sens_al_score,42,29,1.7398083209991455,0.05819258838891983,1.6866799525290557,1.0,18,50
B_sens_al_score,42,30,1.7398083209991455,0.05819258838891983,1.6767009319047506,1.0,19,50
B_sens_al_score,42,31,1.7398083209991455,0.05819258838891983,1.7248437003042465,1.0,0,50
B_sens_al_score,42,32,1.7398083209991455,0.05819258838891983,1.7143009133389722,1.0,1,50
B_sens_al_score,42,33,1.7398083209991455,0.05819258838891983,1.7263005062737076,1.0,2,50
B_sens_al_score,42,34,1.7398083209991455,0.05819258838891983,1.713378493832582,1.0,3,50
B_sens_al_score,42,35,1.7398083209991455,0.05819258838891983,1.6994428282691698,1.0,4,50
B_sens_al_score,42,36,1.7398083209991455,0.05819258838891983,1.707963313629676,1.0,5,50
B_sens_al_score,42,37,1.7398083209991455,0.05819258838891983,1.7298985867848458,1.0,6,50
B_sens_al_score,42,38,1.7398083209991455,0.05819258838891983,1.7206787083787973,1.0,7,50
B_sens_al_score,42,39,1.7398083209991455,0.05819258838891983,1.6897258435402243,1.0,8,50
B_sens_al_score,42,40,1.7398083209991455,0.05819258838891983,1.677283327955349,1.0,9,50
B_sens_al_score,42,41,1.7398083209991455,0.05819258838891983,1.7087898378845598,1.0,10,50
B_sens_al_score,42,42,1.7398083209991455,0.05819258838891983,1.707144123120734,1.0,11,50
B_sens_al_score,42,43,1.7398083209991455,0.05819258838891983,1.704043056937057,1.0,12,50
B_sens_al_score,42,44,1.7398083209991455,0.05819258838891983,1.6773596580986312,1.0,13,50
B_sens_al_score,42,45,1.7398083209991455,0.05819258838891983,1.692941592014056,1.0,14,50
B_sens_al_score,42,46,1.7398083209991455,0.05819258838891983,1.7208312853546288,1.0,15,50
B_sens_al_score,42,47,1.7398083209991455,0.05819258838891983,1.701950718491057,1.0,16,50
B_sens_al_score,42,48,1.7398083209991455,0.05819258838891983,1.6971003311466535,1.0,17,50
B_sens_al_score,42,49,1.7398083209991455,0.05819258838891983,1.6901159553781053,1.0,18,50
B_sens_al_score,42,50,1.7398083209991455,0.05819258838891983,1.7040654929927819,1.0,19,50
B_sens_al_score,42,51,1.7398083209991455,0.05819258838891983,1.72587257446811,1.0,0,50
B_sens_al_score,42,52,1.7398083209991455,0.05819258838891983,1.7426477533929705,1.0,1,50
B_sens_al_score,42,53,1.7398083209991455,0.05819258838891983,1.742042613767235,1.0,2,50
B_sens_al_score,42,54,1.7398083209991455,0.05819258838891983,1.7374781430524824,1.0,3,50
B_sens_al_score,42,55,1.7398083209991455,0.05819258838891983,1.7318032753553203,1.0,4,50
B_sens_al_score,42,56,1.7398083209991455,0.05819258838891983,1.7284151589723133,1.0,5,50
B_sens_al_score,42,57,1.7398083209991455,0.05819258838891983,1.7006164358847016,1.0,6,50
B_sens_al_score,42,58,1.7398083209991455,0.05819258838891983,1.694788117109644,1.0,7,50
B_sens_al_score,42,59,1.7398083209991455,0.05819258838891983,1.7058248838086374,1.0,8,50
B_sens_al_score,42,60,1.7398083209991455,0.05819258838891983,1.728712053272666,1.0,9,50
B_sens_al_score,42,61,1.7398083209991455,0.05819258838891983,1.7301624907764634,1.0,10,50
B_sens_al_score,42,62,1.7398083209991455,0.05819258838891983,1.7213066023273007,1.0,11,50
B_sens_al_score,42,63,1.7398083209991455,0.05819258838891983,1.6847965220761447,1.0,12,50
B_sens_al_score,42,64,1.7398083209991455,0.05819258838891983,1.7038600924773453,1.0,13,50
B_sens_al_score,42,65,1.7398083209991455,0.05819258838891983,1.6938317213454168,1.0,14,50
B_sens_al_score,42,66,1.7398083209991455,0.05819258838891983,1.7081058494791586,1.0,15,50
B_sens_al_score,42,67,1.7398083209991455,0.05819258838891983,1.696329063028135,1.0,16,50
B_sens_al_score,42,68,1.7398083209991455,0.05819258838891983,1.689419596567114,1.0,17,50
B_sens_al_score,42,69,1.7398083209991455,0.05819258838891983,1.7022960725753853,1.0,18,50
B_sens_al_score,42,70,1.7398083209991455,0.05819258838891983,1.7101763850535818,1.0,19,50
B_sens_al_score,42,71,1.7398083209991455,0.05819258838891983,1.7202928210994415,1.0,0,50
B_sens_al_score,42,72,1.7398083209991455,0.05819258838891983,1.6715216872940932,1.0,1,50
B_sens_al_score,42,73,1.7398083209991455,0.05819258838891983,1.6555773510094836,1.0,2,50
B_sens_al_score,42,74,1.7398083209991455,0.05819258838891983,1.6543827947272598,1.0,3,50
B_sens_al_score,42,75,1.7398083209991455,0.05819258838891983,1.684806792655605,1.0,4,50
B_sens_al_score,42,76,1.7398083209991455,0.05819258838891983,1.6854236139877898,1.0,5,50
B_sens_al_score,42,77,1.7398083209991455,0.05819258838891983,1.6853131107262036,1.0,6,50
B_sens_al_score,42,78,1.7398083209991455,0.05819258838891983,1.6974523491773343,1.0,7,50
B_sens_al_score,42,79,1.7398083209991455,0.05819258838891983,1.7229314188428375,1.0,8,50
B_sens_al_score,42,80,1.7398083209991455,0.05819258838891983,1.7113721329647356,1.0,9,50
B_sens_al_score,42,81,1.7398083209991455,0.05819258838891983,1.6839138394492832,1.0,10,50
B_sens_al_score,42,82,1.7398083209991455,0.05819258838891983,1.6968248141835625,1.0,11,50
B_sens_al_score,42,83,1.7398083209991455,0.05819258838891983,1.7180694635810392,1.0,12,50
B_sens_al_score,42,84,1.7398083209991455,0.05819258838891983,1.702743521921336,1.0,13,50
B_sens_al_score,42,85,1.7360634803771973,0.0678510069847107,1.678690854396658,1.0,0,50
B_sens_al_score,42,86,1.7360634803771973,0.0678510069847107,1.6851969745541682,1.0,1,50
B_sens_al_score,42,87,1.7360634803771973,0.0678510069847107,1.6862165299684848,1.0,2,50
B_sens_al_score,42,88,1.7360634803771973,0.0678510069847107,1.7044296596273227,1.0,3,50
B_sens_al_score,42,89,1.7360634803771973,0.0678510069847107,1.7103181787165693,1.0,4,50
B_sens_al_score,42,90,1.7360634803771973,0.0678510069847107,1.6818125893590496,1.0,5,50
B_sens_al_score,42,91,1.7360634803771973,0.0678510069847107,1.6834195643702514,1.0,6,50
B_sens_al_score,42,92,1.7360634803771973,0.0678510069847107,1.682509613014482,1.0,7,50
B_sens_al_score,42,93,1.7360634803771973,0.0678510069847107,1.6893149720016347,1.0,8,50
B_sens_al_score,42,94,1.7360634803771973,0.0678510069847107,1.647247590084281,1.0,9,50
B_sens_al_score,42,95,1.7360634803771973,0.0678510069847107,1.6542142109964648,1.0,10,50
B_sens_al_score,42,96,1.7360634803771973,0.0678510069847107,1.65687875236255,1.0,11,50
B_sens_al_score,42,97,1.7360634803771973,0.0678510069847107,1.677766190194813,1.0,12,50
B_sens_al_score,42,98,1.7360634803771973,0.0678510069847107,1.6819747604517603,1.0,13,50
B_sens_al_score,42,99,1.7360634803771973,0.0678510069847107,1.6817203310301243,1.0,14,50
B_sens_al_score,42,100,1.7360634803771973,0.0678510069847107,1.6497669074818315,1.0,15,50
B_sens_al_score,42,101,1.7360634803771973,0.0678510069847107,1.6469687705544578,1.0,16,50
B_sens_al_score,42,102,1.7360634803771973,0.0678510069847107,1.6567779597779702,1.0,17,50
B_sens_al_score,42,103,1.7360634803771973,0.0678510069847107,1.6383870313565496,1.0,18,50
B_sens_al_score,42,104,1.7360634803771973,0.0678510069847107,1.6321653116227184,1.0,19,50
B_sens_al_score,42,105,1.7360634803771973,0.0678510069847107,1.6737588204224365,1.0,0,50
B_sens_al_score,42,106,1.7360634803771973,0.0678510069847107,1.6633225227679735,1.0,1,50
B_sens_al_score,42,107,1.7360634803771973,0.0678510069847107,1.665382981938706,1.0,2,50
B_sens_al_score,42,108,1.7360634803771973,0.0678510069847107,1.663378578320172,1.0,3,50
B_sens_al_score,42,109,1.7360634803771973,0.0678510069847107,1.6548835822441974,1.0,4,50
B_sens_al_score,42,110,1.7360634803771973,0.0678510069847107,1.6377324745899942,1.0,5,50
B_sens_al_score,42,111,1.7360634803771973,0.0678510069847107,1.6389388123138928,1.0,6,50
B_sens_al_score,42,112,1.7360634803771973,0.0678510069847107,1.6485561814890322,1.0,7,50
B_sens_al_score,42,113,1.7360634803771973,0.0678510069847107,1.6275688076369283,1.0,8,50
B_sens_al_score,42,114,1.7360634803771973,0.0678510069847107,1.6172765681702148,1.0,9,50
B_sens_al_score,42,115,1.7360634803771973,0.0678510069847107,1.6278971359233054,1.0,10,50
B_sens_al_score,42,116,1.7360634803771973,0.0678510069847107,1.6398632145533938,1.0,11,50
B_sens_al_score,42,117,1.7360634803771973,0.0678510069847107,1.6608070821980903,1.0,12,50
B_sens_al_score,42,118,1.7360634803771973,0.0678510069847107,1.6733333732746634,1.0,13,50
B_sens_al_score,42,119,1.7360634803771973,0.0678510069847107,1.6760817872312825,1.0,14,50
B_sens_al_score,42,120,1.7360634803771973,0.0678510069847107,1.6740443476951836,1.0,15,50
B_sens_al_score,42,121,1.7360634803771973,0.0678510069847107,1.6828405579160557,1.0,16,50
B_sens_al_score,42,122,1.7360634803771973,0.0678510069847107,1.706639344596375,1.0,17,50
B_sens_al_score,42,123,1.7360634803771973,0.0678510069847107,1.7140083169190174,1.0,18,50
B_sens_al_score,42,124,1.7360634803771973,0.0678510069847107,1.6932212326372664,1.0,19,50
B_sens_al_score,42,125,1.7360634803771973,0.0678510069847107,1.7004189197861819,1.0,0,50
B_sens_al_score,42,126,1.7360634803771973,0.0678510069847107,1.7017716870935318,1.0,1,50
B_sens_al_score,42,127,1.7360634803771973,0.0678510069847107,1.7085665928994576,1.0,2,50
B_sens_al_score,42,128,1.7360634803771973,0.0678510069847107,1.7042774903917373,1.0,3,50
B_sens_al_score,42,129,1.7360634803771973,0.0678510069847107,1.6755032144150943,1.0,4,50
B_sens_al_score,42,130,1.7360634803771973,0.0678510069847107,1.6606220142102486,1.0,5,50
B_sens_al_score,42,131,1.7360634803771973,0.0678510069847107,1.6653438209872673,1.0,6,50
B_sens_al_score,42,132,1.7360634803771973,0.0678510069847107,1.6689823463268463,1.0,7,50
B_sens_al_score,42,133,1.7360634803771973,0.0678510069847107,1.6545052993791647,1.0,8,50
B_sens_al_score,42,134,1.7360634803771973,0.0678510069847107,1.645881773288422,1.0,9,50
B_sens_al_score,42,135,1.7360634803771973,0.0678510069847107,1.6218838693125763,1.0,10,50
B_sens_al_score,42,136,1.7360634803771973,0.0678510069847107,1.619192887367633,1.0,11,50
B_sens_al_score,42,137,1.7360634803771973,0.0678510069847107,1.6154295696891912,1.0,12,50
B_sens_al_score,42,138,1.7360634803771973,0.0678510069847107,1.6164259391960156,1.0,13,50
B_sens_al_score,42,139,1.7360634803771973,0.0678510069847107,1.6297503527501795,1.0,14,50
B_sens_al_score,42,140,1.7360634803771973,0.0678510069847107,1.640799355325187,1.0,15,50
B_sens_al_score,42,141,1.7360634803771973,0.0678510069847107,1.6569145819827429,1.0,16,50
B_sens_al_score,42,142,1.7360634803771973,0.0678510069847107,1.6561778664896007,1.0,17,50
B_sens_al_score,42,143,1.7360634803771973,0.0678510069847107,1.666429206283788,1.0,18,50
B_sens_al_score,42,144,1.7360634803771973,0.0678510069847107,1.6318127838177703,1.0,19,50
B_sens_al_score,42,145,1.7360634803771973,0.0678510069847107,1.684271279158542,1.0,0,50
B_sens_al_score,42,146,1.7360634803771973,0.0678510069847107,1.683825676850121,1.0,1,50
B_sens_al_score,42,147,1.7360634803771973,0.0678510069847107,1.676792651027886,1.0,2,50
B_sens_al_score,42,148,1.7360634803771973,0.0678510069847107,1.6651816642727786,1.0,3,50
B_sens_al_score,42,149,1.7360634803771973,0.0678510069847107,1.6490906637374874,1.0,4,50
B_sens_al_score,42,150,1.7360634803771973,0.0678510069847107,1.6371787912796125,1.0,5,50
B_sens_al_score,42,151,1.7360634803771973,0.0678510069847107,1.6264968068522867,1.0,6,50
B_sens_al_score,42,152,1.7360634803771973,0.0678510069847107,1.6312060387399625,1.0,7,50
B_sens_al_score,42,153,1.7360634803771973,0.0678510069847107,1.6135291899175073,1.0,8,50
B_sens_al_score,42,154,1.7360634803771973,0.0678510069847107,1.6177508061503985,1.0,9,50
B_sens_al_score,42,155,1.7360634803771973,0.0678510069847107,1.6082157442422154,1.0,10,50
B_sens_al_score,42,156,1.7360634803771973,0.0678510069847107,1.5971201955916046,1.0,11,50
B_sens_al_score,42,157,1.7360634803771973,0.0678510069847107,1.6207743863780708,1.0,12,50
B_sens_al_score,42,158,1.7360634803771973,0.0678510069847107,1.616539215677771,1.0,13,50
B_sens_al_score,42,159,1.7360634803771973,0.0678510069847107,1.6294480801123723,1.0,14,50
B_sens_al_score,42,160,1.7360634803771973,0.0678510069847107,1.6303274330995539,1.0,15,50
B_sens_al_score,42,161,1.7360634803771973,0.0678510069847107,1.630913819858202,1.0,16,50
B_sens_al_score,42,162,1.7360634803771973,0.0678510069847107,1.647370197747218,1.0,17,50
B_sens_al_score,42,163,1.7360634803771973,0.0678510069847107,1.634472437784949,1.0,18,50
B_sens_al_score,42,164,1.7360634803771973,0.0678510069847107,1.6406255806590533,1.0,19,50
B_sens_al_score,42,165,1.7360634803771973,0.0678510069847107,1.6709691652205334,1.0,0,50
B_sens_al_score,42,166,1.7360634803771973,0.0678510069847107,1.6858359030736565,1.0,1,50
B_sens_al_score,42,167,1.7360634803771973,0.0678510069847107,1.6564703462973638,1.0,2,50
B_sens_al_score,42,168,1.7360634803771973,0.0678510069847107,1.625554990841447,1.0,3,50
B_sens_al_score,42,169,1.7360634803771973,0.0678510069847107,1.6138299731608776,1.0,4,50
B_sens_al_score,42,170,1.7360634803771973,0.0678510069847107,1.5901816301513907,1.0,5,50
B_sens_al_score,42,171,1.7360634803771973,0.0678510069847107,1.6270107166145924,1.0,6,50
B_sens_al_score,42,172,1.7360634803771973,0.0678510069847107,1.6400688094417866,1.0,7,50
B_sens_al_score,42,173,1.7360634803771973,0.0678510069847107,1.6530686789250657,1.0,8,50
B_sens_al_score,42,174,1.7360634803771973,0.0678510069847107,1.6692418458759428,1.0,9,50
B_sens_al_score,42,175,1.7360634803771973,0.0678510069847107,1.6894735396836937,1.0,10,50
B_sens_al_score,42,176,1.7360634803771973,0.0678510069847107,1.6922006532980058,1.0,11,50
B_sens_al_score,42,177,1.7360634803771973,0.0678510069847107,1.6860416608292625,1.0,12,50
B_sens_al_score,42,178,1.7360634803771973,0.0678510069847107,1.657893502488402,1.0,13,50
B_sens_al_score,42,179,1.7360634803771973,0.0678510069847107,1.6237627073232672,1.0,14,50
B_sens_al_score,42,180,1.7360634803771973,0.0678510069847107,1.6314420553960722,1.0,15,50
B_sens_al_score,42,181,1.7360634803771973,0.0678510069847107,1.6367126412685369,1.0,16,50
B_sens_al_score,42,182,1.7360634803771973,0.0678510069847107,1.6285940595787227,1.0,17,50
B_sens_al_score,42,183,1.7360634803771973,0.0678510069847107,1.6218080738634548,1.0,18,50
B_sens_al_score,42,184,1.7360634803771973,0.0678510069847107,1.6311149956403586,1.0,19,50
B_sens_al_score,42,185,1.7360634803771973,0.0678510069847107,1.6762764395280623,1.0,0,50
B_sens_al_score,42,186,1.7360634803771973,0.0678510069847107,1.671404345285904,1.0,1,50
B_sens_al_score,42,187,1.7360634803771973,0.0678510069847107,1.662808795109416,1.0,2,50
B_sens_al_score,42,188,1.7360634803771973,0.0678510069847107,1.6573953247366626,1.0,3,50
B_sens_al_score,42,189,1.7360634803771973,0.0678510069847107,1.6466130272679498,1.0,4,50
B_sens_al_score,42,190,1.7360634803771973,0.0678510069847107,1.6344015300251509,1.0,5,50
B_sens_al_score,42,191,1.7360634803771973,0.0678510069847107,1.647225770141858,1.0,6,50
B_sens_al_score,42,192,1.7360634803771973,0.0678510069847107,1.6681109817765605,1.0,7,50
B_sens_al_score,42,193,1.7360634803771973,0.0678510069847107,1.6509465763095776,1.0,8,50
B_sens_al_score,42,194,1.7360634803771973,0.0678510069847107,1.638626619031181,1.0,9,50
B_sens_al_score,42,195,1.7360634803771973,0.0678510069847107,1.6112400395469983,1.0,10,50
B_sens_al_score,42,196,1.7360634803771973,0.0678510069847107,1.623945799509336,1.0,11,50
B_sens_al_score,42,197,1.7360634803771973,0.0678510069847107,1.6227223123084598,1.0,12,50
B_sens_al_score,42,198,1.7360634803771973,0.0678510069847107,1.6273096061699859,1.0,13,50
B_sens_al_score,42,199,1.7360634803771973,0.0678510069847107,1.6295250929118856,1.0,14,50
B_sens_al_score,42,200,1.7360634803771973,0.0678510069847107,1.6421476382250586,1.0,15,50
B_sens_al_score,42,201,1.7360634803771973,0.0678510069847107,1.6262943860240482,1.0,16,50
B_sens_al_score,42,202,1.7360634803771973,0.0678510069847107,1.6336151482281724,1.0,17,50
B_sens_al_score,42,203,1.7360634803771973,0.0678510069847107,1.632348935765154,1.0,18,50
B_sens_al_score,42,204,1.7360634803771973,0.0678510069847107,1.6500485999544847,1.0,19,50
B_sens_al_score,42,205,1.7360634803771973,0.0678510069847107,1.632101435808445,1.0,0,50
B_sens_al_score,42,206,1.7360634803771973,0.0678510069847107,1.61900003516932,1.0,1,50
B_sens_al_score,42,207,1.7360634803771973,0.0678510069847107,1.5942066580898013,1.0,2,50
B_sens_al_score,42,208,1.7360634803771973,0.0678510069847107,1.5840590512807498,1.0,3,50
B_sens_al_score,42,209,1.7360634803771973,0.0678510069847107,1.5877252634702532,1.0,4,50
B_sens_al_score,42,210,1.7360634803771973,0.0678510069847107,1.581630185494975,1.0,5,50
B_sens_al_score,42,211,1.7360634803771973,0.0678510069847107,1.5687584698031865,1.0,6,50
B_sens_al_score,42,212,1.7360634803771973,0.0678510069847107,1.5670542212226757,1.0,7,50
B_sens_al_score,42,213,1.7360634803771973,0.0678510069847107,1.5685794545452874,1.0,8,50
B_sens_al_score,42,214,1.7360634803771973,0.0678510069847107,1.5455361131040615,1.0,9,50
B_sens_al_score,42,215,1.7360634803771973,0.0678510069847107,1.567417639305745,1.0,10,50
B_sens_al_score,42,216,1.7360634803771973,0.0678510069847107,1.5819847855662774,1.0,11,50
B_sens_al_score,42,217,1.7360634803771973,0.0678510069847107,1.5639835570015195,1.0,12,50
B_sens_al_score,42,218,1.7360634803771973,0.0678510069847107,1.5496264284907815,1.0,13,50
B_sens_al_score,42,219,1.7360634803771973,0.0678510069847107,1.5440211177622978,1.0,14,50
B_sens_al_score,42,220,1.7360634803771973,0.0678510069847107,1.54139244236668,1.0,15,50
B_sens_al_score,42,221,1.7360634803771973,0.0678510069847107,1.540209790656156,1.0,16,50
B_sens_al_score,42,222,1.7360634803771973,0.0678510069847107,1.544573167846229,1.0,17,50
B_sens_al_score,42,223,1.7360634803771973,0.0678510069847107,1.5158385692484615,1.0,18,50
B_sens_al_score,42,224,1.7360634803771973,0.0678510069847107,1.5293284256829582,1.0,19,50
B_sens_al_score,42,225,1.7360634803771973,0.0678510069847107,1.59014541956428,1.0,0,50
B_sens_al_score,42,226,1.7360634803771973,0.0678510069847107,1.5853465390729957,1.0,1,50
B_sens_al_score,42,227,1.7360634803771973,0.0678510069847107,1.569793468408331,1.0,2,50
B_sens_al_score,42,228,1.7360634803771973,0.0678510069847107,1.5698407758628212,1.0,3,50
B_sens_al_score,42,229,1.7360634803771973,0.0678510069847107,1.5672211736809223,1.0,4,50
B_sens_al_score,42,230,1.7360634803771973,0.0678510069847107,1.5632046648174327,1.0,5,50
B_sens_al_score,42,231,1.7360634803771973,0.0678510069847107,1.5795283026218188,1.0,6,50
B_sens_al_score,42,232,1.7360634803771973,0.0678510069847107,1.555320208577801,1.0,7,50
B_sens_al_score,42,233,1.7360634803771973,0.0678510069847107,1.5761890247301846,1.0,8,50
B_sens_al_score,42,234,1.7360634803771973,0.0678510069847107,1.5745818871479826,1.0,9,50
B_sens_al_score,42,235,1.7360634803771973,0.0678510069847107,1.5595056594095438,1.0,10,50
B_sens_al_score,42,236,1.7360634803771973,0.0678510069847107,1.5505395644346727,1.0,11,50
B_sens_al_score,42,237,1.7360634803771973,0.0678510069847107,1.5504293502980397,1.0,12,50
B_sens_al_score,42,238,1.7360634803771973,0.0678510069847107,1.531165334939487,1.0,13,50
B_sens_al_score,42,239,1.7360634803771973,0.0678510069847107,1.529472217141619,1.0,14,50
B_sens_al_score,42,240,1.7360634803771973,0.0678510069847107,1.5213175459266954,1.0,15,50
B_sens_al_score,42,241,1.7360634803771973,0.0678510069847107,1.494617980356968,1.0,16,50
B_sens_al_score,42,242,1.7360634803771973,0.0678510069847107,1.5014623979862998,1.0,17,50
B_sens_al_score,42,243,1.7360634803771973,0.0678510069847107,1.4988218188440336,1.0,18,50
B_sens_al_score,42,244,1.7360634803771973,0.0678510069847107,1.4895765629164075,1.0,19,50
B_sens_al_score,42,245,1.7360634803771973,0.0678510069847107,1.5078748340294732,1.0,0,50
B_sens_al_score,42,246,1.7360634803771973,0.0678510069847107,1.4990353766433937,1.0,1,50
B_sens_al_score,42,247,1.7360634803771973,0.0678510069847107,1.4562412620879126,1.0,2,50
B_sens_al_score,42,248,1.7360634803771973,0.0678510069847107,1.4542594441740175,1.0,3,50
B_sens_al_score,42,249,1.7360634803771973,0.0678510069847107,1.4406249062503425,1.0,4,50
B_sens_al_score,42,250,1.7360634803771973,0.0678510069847107,1.4557749249483332,1.0,5,50
B_sens_al_score,137,1,1.903954029083252,0.051165539771318436,1.7336269555286585,1.0,1,24
B_sens_al_score,137,2,1.903954029083252,0.051165539771318436,1.726229044711256,1.0,2,46
B_sens_al_score,137,3,1.8302781581878662,0.07012252509593964,1.7088749301760215,1.0,0,50
B_sens_al_score,137,4,1.8302781581878662,0.07012252509593964,1.7200270199475454,1.0,1,50
B_sens_al_score,137,5,1.8302781581878662,0.07012252509593964,1.7023728523910369,1.0,2,50
B_sens_al_score,137,6,1.8302781581878662,0.07012252509593964,1.682077142950736,1.0,3,50
B_sens_al_score,137,7,1.8302781581878662,0.07012252509593964,1.7096674902826967,1.0,4,50
B_sens_al_score,137,8,1.8302781581878662,0.07012252509593964,1.7069379842510988,1.0,5,50
B_sens_al_score,137,9,1.8302781581878662,0.07012252509593964,1.6893224889987335,1.0,6,50
B_sens_al_score,137,10,1.8302781581878662,0.07012252509593964,1.6783422930124696,1.0,7,50
B_sens_al_score,137,11,1.8244541883468628,0.052924592047929764,1.6670832000840818,1.0,0,50
B_sens_al_score,137,12,1.8244541883468628,0.052924592047929764,1.6861356935429719,1.0,1,50
B_sens_al_score,137,13,1.8244541883468628,0.052924592047929764,1.701303060386898,1.0,2,50
B_sens_al_score,137,14,1.8244541883468628,0.052924592047929764,1.7127662891033677,1.0,3,50
B_sens_al_score,137,15,1.8244541883468628,0.052924592047929764,1.6735146944858443,1.0,4,50
B_sens_al_score,137,16,1.8244541883468628,0.052924592047929764,1.6713593992575297,1.0,5,50
B_sens_al_score,137,17,1.8244541883468628,0.052924592047929764,1.681880608253899,1.0,6,50
B_sens_al_score,137,18,1.8244541883468628,0.052924592047929764,1.670741044424405,1.0,7,50
B_sens_al_score,137,19,1.8244541883468628,0.052924592047929764,1.6614433364300596,1.0,8,50
B_sens_al_score,137,20,1.8244541883468628,0.052924592047929764,1.700980243075596,1.0,9,50
B_sens_al_score,137,21,1.8244541883468628,0.052924592047929764,1.7107888092598673,1.0,10,50
B_sens_al_score,137,22,1.8244541883468628,0.052924592047929764,1.7135338573227803,1.0,11,50
B_sens_al_score,137,23,1.8244541883468628,0.052924592047929764,1.7190497017179198,1.0,12,50
B_sens_al_score,137,24,1.8244541883468628,0.052924592047929764,1.7064520177363403,1.0,13,50
B_sens_al_score,137,25,1.8244541883468628,0.052924592047929764,1.7259402271804807,1.0,14,50
B_sens_al_score,137,26,1.8244541883468628,0.052924592047929764,1.7251841896276707,1.0,15,50
B_sens_al_score,137,27,1.8244541883468628,0.052924592047929764,1.7131103101804686,1.0,16,50
B_sens_al_score,137,28,1.8244541883468628,0.052924592047929764,1.6974898180011155,1.0,17,50
B_sens_al_score,137,29,1.8244541883468628,0.052924592047929764,1.7278356362894933,1.0,18,50
B_sens_al_score,137,30,1.8244541883468628,0.052924592047929764,1.6898746211653557,1.0,19,50
B_sens_al_score,137,31,1.8244541883468628,0.052924592047929764,1.6845379005728691,1.0,0,50
B_sens_al_score,137,32,1.8244541883468628,0.052924592047929764,1.6832861203218246,1.0,1,50
B_sens_al_score,137,33,1.8244541883468628,0.052924592047929764,1.7043279221320347,1.0,2,50
B_sens_al_score,137,34,1.8244541883468628,0.052924592047929764,1.6920498016101297,1.0,3,50
B_sens_al_score,137,35,1.8244541883468628,0.052924592047929764,1.6963852261285064,1.0,4,50
B_sens_al_score,137,36,1.8244541883468628,0.052924592047929764,1.7006297039176155,1.0,5,50
B_sens_al_score,137,37,1.8244541883468628,0.052924592047929764,1.6905126138308633,1.0,6,50
B_sens_al_score,137,38,1.8244541883468628,0.052924592047929764,1.6827149406558435,1.0,7,50
B_sens_al_score,137,39,1.8244541883468628,0.052924592047929764,1.6817008109773353,1.0,8,50
B_sens_al_score,137,40,1.8244541883468628,0.052924592047929764,1.6942555281396436,1.0,9,50
B_sens_al_score,137,41,1.8244541883468628,0.052924592047929764,1.6725330311499176,1.0,10,50
B_sens_al_score,137,42,1.8244541883468628,0.052924592047929764,1.6920142753741054,1.0,11,50
B_sens_al_score,137,43,1.8244541883468628,0.052924592047929764,1.6934326836708937,1.0,12,50
B_sens_al_score,137,44,1.8244541883468628,0.052924592047929764,1.695437611673464,1.0,13,50
B_sens_al_score,137,45,1.8244541883468628,0.052924592047929764,1.6975306672649522,1.0,14,50
B_sens_al_score,137,46,1.8244541883468628,0.052924592047929764,1.7110114229588012,1.0,15,50
B_sens_al_score,137,47,1.8244541883468628,0.052924592047929764,1.6897192843143736,1.0,16,50
B_sens_al_score,137,48,1.8244541883468628,0.052924592047929764,1.690803868915365,1.0,17,50
B_sens_al_score,137,49,1.8244541883468628,0.052924592047929764,1.7002188563179736,1.0,18,50
B_sens_al_score,137,50,1.8244541883468628,0.052924592047929764,1.6949014539858953,1.0,19,50
B_sens_al_score,137,51,1.8244541883468628,0.052924592047929764,1.7194779497971244,1.0,0,50
B_sens_al_score,137,52,1.8244541883468628,0.052924592047929764,1.7004679800499107,1.0,1,50
B_sens_al_score,137,53,1.8244541883468628,0.052924592047929764,1.6658853044788549,1.0,2,50
B_sens_al_score,137,54,1.8244541883468628,0.052924592047929764,1.6830970603344904,1.0,3,50
B_sens_al_score,137,55,1.8244541883468628,0.052924592047929764,1.7091142012352822,1.0,4,50
B_sens_al_score,137,56,1.8244541883468628,0.052924592047929764,1.710674399976713,1.0,5,50
B_sens_al_score,137,57,1.8244541883468628,0.052924592047929764,1.7267239326036834,1.0,6,50
B_sens_al_score,137,58,1.8244541883468628,0.052924592047929764,1.7174029312297807,1.0,7,50
B_sens_al_score,137,59,1.8244541883468628,0.052924592047929764,1.7106070747907647,1.0,8,50
B_sens_al_score,137,60,1.8244541883468628,0.052924592047929764,1.696352726224646,1.0,9,50
B_sens_al_score,137,61,1.8244541883468628,0.052924592047929764,1.6788203375698114,1.0,10,50
B_sens_al_score,137,62,1.8244541883468628,0.052924592047929764,1.66405318650608,1.0,11,50
B_sens_al_score,137,63,1.8244541883468628,0.052924592047929764,1.6574477513707873,1.0,12,50
B_sens_al_score,137,64,1.8244541883468628,0.052924592047929764,1.6646515716391126,1.0,13,50
B_sens_al_score,137,65,1.8244541883468628,0.052924592047929764,1.6597590068477868,1.0,14,50
B_sens_al_score,137,66,1.8244541883468628,0.052924592047929764,1.6690579330304731,1.0,15,50
B_sens_al_score,137,67,1.8244541883468628,0.052924592047929764,1.6803830237545165,1.0,16,50
B_sens_al_score,137,68,1.8244541883468628,0.052924592047929764,1.6901832586577126,1.0,17,50
B_sens_al_score,137,69,1.8244541883468628,0.052924592047929764,1.6738430921218603,1.0,18,50
B_sens_al_score,137,70,1.8244541883468628,0.052924592047929764,1.6769687443449341,1.0,19,50
B_sens_al_score,137,71,1.8244541883468628,0.052924592047929764,1.7037978388672754,1.0,0,50
B_sens_al_score,137,72,1.8244541883468628,0.052924592047929764,1.7135448619986817,1.0,1,50
B_sens_al_score,137,73,1.8244541883468628,0.052924592047929764,1.6997159817664258,1.0,2,50
B_sens_al_score,137,74,1.8244541883468628,0.052924592047929764,1.68258297619067,1.0,3,50
B_sens_al_score,137,75,1.8244541883468628,0.052924592047929764,1.694182059996772,1.0,4,50
B_sens_al_score,137,76,1.8044143915176392,0.05691838264465332,1.7060200815162136,1.0,0,50
B_sens_al_score,137,77,1.8044143915176392,0.05691838264465332,1.6758504482707306,1.0,1,50
B_sens_al_score,137,78,1.8044143915176392,0.05691838264465332,1.688741115717692,1.0,2,50
B_sens_al_score,137,79,1.8044143915176392,0.05691838264465332,1.7080257356325077,1.0,3,50
B_sens_al_score,137,80,1.8044143915176392,0.05691838264465332,1.7000685270410518,1.0,4,50
B_sens_al_score,137,81,1.8044143915176392,0.05691838264465332,1.7012999212238826,1.0,5,50
B_sens_al_score,137,82,1.8044143915176392,0.05691838264465332,1.6812229183896807,1.0,6,50
B_sens_al_score,137,83,1.8044143915176392,0.05691838264465332,1.684636249978711,1.0,7,50
B_sens_al_score,137,84,1.8044143915176392,0.05691838264465332,1.6998756539639455,1.0,8,50
B_sens_al_score,137,85,1.8044143915176392,0.05691838264465332,1.6950383521939352,1.0,9,50
B_sens_al_score,137,86,1.8044143915176392,0.05691838264465332,1.6865214204114611,1.0,10,50
B_sens_al_score,137,87,1.8044143915176392,0.05691838264465332,1.718961217031641,1.0,11,50
B_sens_al_score,137,88,1.8044143915176392,0.05691838264465332,1.7081692725166773,1.0,12,50
B_sens_al_score,137,89,1.8044143915176392,0.05691838264465332,1.6741089950155095,1.0,13,50
B_sens_al_score,137,90,1.8044143915176392,0.05691838264465332,1.6681059894750807,1.0,14,50
B_sens_al_score,137,91,1.8044143915176392,0.05691838264465332,1.6972094502530142,1.0,15,50
B_sens_al_score,137,92,1.8044143915176392,0.05691838264465332,1.6858197430833783,1.0,16,50
B_sens_al_score,137,93,1.8044143915176392,0.05691838264465332,1.664790341156224,1.0,17,50
B_sens_al_score,137,94,1.8044143915176392,0.05691838264465332,1.667806712410789,1.0,18,50
B_sens_al_score,137,95,1.8044143915176392,0.05691838264465332,1.6820707974821134,1.0,19,50
B_sens_al_score,137,96,1.8044143915176392,0.05691838264465332,1.6859065721746478,1.0,0,50
B_sens_al_score,137,97,1.8044143915176392,0.05691838264465332,1.6631219799847012,1.0,1,50
B_sens_al_score,137,98,1.8044143915176392,0.05691838264465332,1.6473603426749495,1.0,2,50
B_sens_al_score,137,99,1.8044143915176392,0.05691838264465332,1.6629619288118047,1.0,3,50
B_sens_al_score,137,100,1.8044143915176392,0.05691838264465332,1.6783923096994369,1.0,4,50
B_sens_al_score,137,101,1.8044143915176392,0.05691838264465332,1.6572483215703593,1.0,5,50
B_sens_al_score,137,102,1.8044143915176392,0.05691838264465332,1.6560022596674646,1.0,6,50
B_sens_al_score,137,103,1.8044143915176392,0.05691838264465332,1.652579063672338,1.0,7,50
B_sens_al_score,137,104,1.8044143915176392,0.05691838264465332,1.6470258902459474,1.0,8,50
B_sens_al_score,137,105,1.8044143915176392,0.05691838264465332,1.6517864600640173,1.0,9,50
B_sens_al_score,137,106,1.8044143915176392,0.05691838264465332,1.6508077082876764,1.0,10,50
B_sens_al_score,137,107,1.8044143915176392,0.05691838264465332,1.6599844741074066,1.0,11,50
B_sens_al_score,137,108,1.8044143915176392,0.05691838264465332,1.6532609276454717,1.0,12,50
B_sens_al_score,137,109,1.8044143915176392,0.05691838264465332,1.6577410399118957,1.0,13,50
B_sens_al_score,137,110,1.8044143915176392,0.05691838264465332,1.6423929173990355,1.0,14,50
B_sens_al_score,137,111,1.8044143915176392,0.05691838264465332,1.6355643342640838,1.0,15,50
B_sens_al_score,137,112,1.8044143915176392,0.05691838264465332,1.659358554039519,1.0,16,50
B_sens_al_score,137,113,1.8044143915176392,0.05691838264465332,1.6908176430536233,1.0,17,50
B_sens_al_score,137,114,1.8044143915176392,0.05691838264465332,1.6892880086696755,1.0,18,50
B_sens_al_score,137,115,1.8044143915176392,0.05691838264465332,1.6745187107480273,1.0,19,50
B_sens_al_score,137,116,1.8044143915176392,0.05691838264465332,1.6902587093008687,1.0,0,50
B_sens_al_score,137,117,1.8044143915176392,0.05691838264465332,1.696337679936191,1.0,1,50
B_sens_al_score,137,118,1.8044143915176392,0.05691838264465332,1.6953105076919628,1.0,2,50
B_sens_al_score,137,119,1.8044143915176392,0.05691838264465332,1.6963426997318882,1.0,3,50
B_sens_al_score,137,120,1.8044143915176392,0.05691838264465332,1.6894956613323495,1.0,4,50
B_sens_al_score,137,121,1.8044143915176392,0.05691838264465332,1.6933231740833592,1.0,5,50
B_sens_al_score,137,122,1.8044143915176392,0.05691838264465332,1.6908492939094142,1.0,6,50
B_sens_al_score,137,123,1.8044143915176392,0.05691838264465332,1.6598805925972866,1.0,7,50
B_sens_al_score,137,124,1.8044143915176392,0.05691838264465332,1.6674063159227928,1.0,8,50
B_sens_al_score,137,125,1.798750638961792,0.07028187811374664,1.6503959396136794,1.0,0,50
B_sens_al_score,137,126,1.798750638961792,0.07028187811374664,1.6775661738061445,1.0,1,50
B_sens_al_score,137,127,1.798750638961792,0.07028187811374664,1.6764141219574031,1.0,2,50
B_sens_al_score,137,128,1.798750638961792,0.07028187811374664,1.653801829039771,1.0,3,50
B_sens_al_score,137,129,1.798750638961792,0.07028187811374664,1.6452201033148084,1.0,4,50
B_sens_al_score,137,130,1.798750638961792,0.07028187811374664,1.6292839590655412,1.0,5,50
B_sens_al_score,137,131,1.798750638961792,0.07028187811374664,1.6376717277788984,1.0,6,50
B_sens_al_score,137,132,1.798750638961792,0.07028187811374664,1.6207964546116833,1.0,7,50
B_sens_al_score,137,133,1.798750638961792,0.07028187811374664,1.6510686955396419,1.0,8,50
B_sens_al_score,137,134,1.798750638961792,0.07028187811374664,1.635028457261671,1.0,9,50
B_sens_al_score,137,135,1.798750638961792,0.07028187811374664,1.6277457953336,1.0,10,50
B_sens_al_score,137,136,1.798750638961792,0.07028187811374664,1.6225498708423614,1.0,11,50
B_sens_al_score,137,137,1.798750638961792,0.07028187811374664,1.612886280648538,1.0,12,50
B_sens_al_score,137,138,1.798750638961792,0.07028187811374664,1.6326245182053494,1.0,13,50
B_sens_al_score,137,139,1.798750638961792,0.07028187811374664,1.6288072876298025,1.0,14,50
B_sens_al_score,137,140,1.798750638961792,0.07028187811374664,1.6407507703530355,1.0,15,50
B_sens_al_score,137,141,1.798750638961792,0.07028187811374664,1.6411570363818535,1.0,16,50
B_sens_al_score,137,142,1.798750638961792,0.07028187811374664,1.6515181017505205,1.0,17,50
B_sens_al_score,137,143,1.798750638961792,0.07028187811374664,1.657702812885846,1.0,18,50
B_sens_al_score,137,144,1.798750638961792,0.07028187811374664,1.6563501362907957,1.0,19,50
B_sens_al_score,137,145,1.798750638961792,0.07028187811374664,1.671566277802777,1.0,0,50
B_sens_al_score,137,146,1.798750638961792,0.07028187811374664,1.6525097238537134,1.0,1,50
B_sens_al_score,137,147,1.798750638961792,0.07028187811374664,1.6417314132529761,1.0,2,50
B_sens_al_score,137,148,1.798750638961792,0.07028187811374664,1.6602253161504672,1.0,3,50
B_sens_al_score,137,149,1.798750638961792,0.07028187811374664,1.643974790040468,1.0,4,50
B_sens_al_score,137,150,1.798750638961792,0.07028187811374664,1.6518290712884516,1.0,5,50
B_sens_al_score,137,151,1.798750638961792,0.07028187811374664,1.6701191352593008,1.0,6,50
B_sens_al_score,137,152,1.798750638961792,0.07028187811374664,1.672846860701806,1.0,7,50
B_sens_al_score,137,153,1.798750638961792,0.07028187811374664,1.6716859873574224,1.0,8,50
B_sens_al_score,137,154,1.798750638961792,0.07028187811374664,1.655547365123127,1.0,9,50
B_sens_al_score,137,155,1.798750638961792,0.07028187811374664,1.6693884174263498,1.0,10,50
B_sens_al_score,137,156,1.798750638961792,0.07028187811374664,1.6574788671035006,1.0,11,50
B_sens_al_score,137,157,1.798750638961792,0.07028187811374664,1.6444053570796144,1.0,12,50
B_sens_al_score,137,158,1.798750638961792,0.07028187811374664,1.6520027674271789,1.0,13,50
B_sens_al_score,137,159,1.7896981239318848,0.06996331363916397,1.6254107084460354,1.0,0,50
B_sens_al_score,137,160,1.7896981239318848,0.06996331363916397,1.6486299337727894,1.0,1,50
B_sens_al_score,137,161,1.7896981239318848,0.06996331363916397,1.6343800455632513,1.0,2,50
B_sens_al_score,137,162,1.7896981239318848,0.06996331363916397,1.6264445150407525,1.0,3,50
B_sens_al_score,137,163,1.7896981239318848,0.06996331363916397,1.6462318194333083,1.0,4,50
B_sens_al_score,137,164,1.7896981239318848,0.06996331363916397,1.6509953783491416,1.0,5,50
B_sens_al_score,137,165,1.7896981239318848,0.06996331363916397,1.6587106924574213,1.0,6,50
B_sens_al_score,137,166,1.7896981239318848,0.06996331363916397,1.6555785554678275,1.0,7,50
B_sens_al_score,137,167,1.7896981239318848,0.06996331363916397,1.6608559840912003,1.0,8,50
B_sens_al_score,137,168,1.7896981239318848,0.06996331363916397,1.6387918209114378,1.0,9,50
B_sens_al_score,137,169,1.7896981239318848,0.06996331363916397,1.6472464752850897,1.0,10,50
B_sens_al_score,137,170,1.7896981239318848,0.06996331363916397,1.6352501425423143,1.0,11,50
B_sens_al_score,137,171,1.7896981239318848,0.06996331363916397,1.6680979104203202,1.0,12,50
B_sens_al_score,137,172,1.7896981239318848,0.06996331363916397,1.6484760289090163,1.0,13,50
B_sens_al_score,137,173,1.7896981239318848,0.06996331363916397,1.6377281046756458,1.0,14,50
B_sens_al_score,137,174,1.7896981239318848,0.06996331363916397,1.6574366595474446,1.0,15,50
B_sens_al_score,137,175,1.7896981239318848,0.06996331363916397,1.655971489459703,1.0,16,50
B_sens_al_score,137,176,1.7896981239318848,0.06996331363916397,1.634434690687349,1.0,17,50
B_sens_al_score,137,177,1.7896981239318848,0.06996331363916397,1.619452873345933,1.0,18,50
B_sens_al_score,137,178,1.7896981239318848,0.06996331363916397,1.6141436267883487,1.0,19,50
B_sens_al_score,137,179,1.7896981239318848,0.06996331363916397,1.666703961305795,1.0,0,50
B_sens_al_score,137,180,1.7896981239318848,0.06996331363916397,1.662432676312521,1.0,1,50
B_sens_al_score,137,181,1.7896981239318848,0.06996331363916397,1.665035718474623,1.0,2,50
B_sens_al_score,137,182,1.7896981239318848,0.06996331363916397,1.6533912124362078,1.0,3,50
B_sens_al_score,137,183,1.7896981239318848,0.06996331363916397,1.6511368876087416,1.0,4,50
B_sens_al_score,137,184,1.7896981239318848,0.06996331363916397,1.6378841986055828,1.0,5,50
B_sens_al_score,137,185,1.7896981239318848,0.06996331363916397,1.6131358206107533,1.0,6,50
B_sens_al_score,137,186,1.7896981239318848,0.06996331363916397,1.6106915783614049,1.0,7,50
B_sens_al_score,137,187,1.7896981239318848,0.06996331363916397,1.609626132063717,1.0,8,50
B_sens_al_score,137,188,1.7896981239318848,0.06996331363916397,1.6236037478184386,1.0,9,50
B_sens_al_score,137,189,1.7896981239318848,0.06996331363916397,1.6187652393640277,1.0,10,50
B_sens_al_score,137,190,1.7896981239318848,0.06996331363916397,1.6113148944832292,1.0,11,50
B_sens_al_score,137,191,1.7896981239318848,0.06996331363916397,1.5993235382477995,1.0,12,50
B_sens_al_score,137,192,1.7896981239318848,0.06996331363916397,1.5858902084549535,1.0,13,50
B_sens_al_score,137,193,1.7896981239318848,0.06996331363916397,1.5987978111224257,1.0,14,50
B_sens_al_score,137,194,1.7896981239318848,0.06996331363916397,1.595846043378345,1.0,15,50
B_sens_al_score,137,195,1.7896981239318848,0.06996331363916397,1.570908303262526,1.0,16,50
B_sens_al_score,137,196,1.7896981239318848,0.06996331363916397,1.587852818419125,1.0,17,50
B_sens_al_score,137,197,1.7896981239318848,0.06996331363916397,1.577890016925216,1.0,18,50
B_sens_al_score,137,198,1.7896981239318848,0.06996331363916397,1.5605082115469466,1.0,19,50
B_sens_al_score,137,199,1.7896981239318848,0.06996331363916397,1.5897578358977345,1.0,0,50
B_sens_al_score,137,200,1.7896981239318848,0.06996331363916397,1.5960553597567761,1.0,1,50
B_sens_al_score,137,201,1.7896981239318848,0.06996331363916397,1.5703826483635732,1.0,2,50
B_sens_al_score,137,202,1.7896981239318848,0.06996331363916397,1.5678466398093833,1.0,3,50
B_sens_al_score,137,203,1.7896981239318848,0.06996331363916397,1.5475413040143156,1.0,4,50
B_sens_al_score,137,204,1.7896981239318848,0.06996331363916397,1.4987296087866377,1.0,5,50
B_sens_al_score,137,205,1.7896981239318848,0.06996331363916397,1.5082263879712936,1.0,6,50
B_sens_al_score,137,206,1.7896981239318848,0.06996331363916397,1.5116600737624784,1.0,7,50
B_sens_al_score,137,207,1.7896981239318848,0.06996331363916397,1.5314143601167467,1.0,8,50
B_sens_al_score,137,208,1.7896981239318848,0.06996331363916397,1.5237577365489077,1.0,9,50
B_sens_al_score,137,209,1.7896981239318848,0.06996331363916397,1.5254558802872666,1.0,10,50
B_sens_al_score,137,210,1.7896981239318848,0.06996331363916397,1.5116383980520183,1.0,11,50
B_sens_al_score,137,211,1.7896981239318848,0.06996331363916397,1.4813242070645882,1.0,12,50
B_sens_al_score,137,212,1.7896981239318848,0.06996331363916397,1.4507092216296749,1.0,13,50
B_sens_al_score,137,213,1.7896981239318848,0.06996331363916397,1.4482415060087233,1.0,14,50
B_sens_al_score,137,214,1.7896981239318848,0.06996331363916397,1.4377640796893674,1.0,15,50
B_sens_al_score,137,215,1.7896981239318848,0.06996331363916397,1.4368847472754598,1.0,16,50
B_sens_al_score,137,216,1.7896981239318848,0.06996331363916397,1.4335133109637597,1.0,17,50
B_sens_al_score,137,217,1.7896981239318848,0.06996331363916397,1.4759624767083448,1.0,18,50
B_sens_al_score,137,218,1.7896981239318848,0.06996331363916397,1.4851015834912462,1.0,19,50
B_sens_al_score,137,219,1.7896981239318848,0.06996331363916397,1.5238909470693154,1.0,0,50
B_sens_al_score,137,220,1.7896981239318848,0.06996331363916397,1.5301166784761848,1.0,1,50
B_sens_al_score,137,221,1.7896981239318848,0.06996331363916397,1.5206533322265197,1.0,2,50
B_sens_al_score,137,222,1.7896981239318848,0.06996331363916397,1.539121010678163,1.0,3,50
B_sens_al_score,137,223,1.7896981239318848,0.06996331363916397,1.5279201341888304,1.0,4,50
B_sens_al_score,137,224,1.7896981239318848,0.06996331363916397,1.5261803044184958,1.0,5,50
B_sens_al_score,137,225,1.7896981239318848,0.06996331363916397,1.5245811134288545,1.0,6,50
B_sens_al_score,137,226,1.7896981239318848,0.06996331363916397,1.5206915534827081,1.0,7,50
B_sens_al_score,137,227,1.7896981239318848,0.06996331363916397,1.5328890372406898,1.0,8,50
B_sens_al_score,137,228,1.7896981239318848,0.06996331363916397,1.5008836516678632,1.0,9,50
B_sens_al_score,137,229,1.7896981239318848,0.06996331363916397,1.4948945476444815,1.0,10,50
B_sens_al_score,137,230,1.7896981239318848,0.06996331363916397,1.5049218696183895,1.0,11,50
B_sens_al_score,137,231,1.7896981239318848,0.06996331363916397,1.4876824309901426,1.0,12,50
B_sens_al_score,137,232,1.7896981239318848,0.06996331363916397,1.4688967208031034,1.0,13,50
B_sens_al_score,137,233,1.7896981239318848,0.06996331363916397,1.4745118977007254,1.0,14,50
B_sens_al_score,137,234,1.7896981239318848,0.06996331363916397,1.464150675038864,1.0,15,50
B_sens_al_score,137,235,1.7896981239318848,0.06996331363916397,1.4376454545265966,1.0,16,50
B_sens_al_score,137,236,1.7896981239318848,0.06996331363916397,1.4432631257767041,1.0,17,50
B_sens_al_score,137,237,1.7896981239318848,0.06996331363916397,1.4507686992642639,1.0,18,50
B_sens_al_score,137,238,1.7896981239318848,0.06996331363916397,1.4546739349853395,1.0,19,50
B_sens_al_score,137,239,1.7896981239318848,0.06996331363916397,1.4987687110040318,1.0,0,50
B_sens_al_score,137,240,1.7896981239318848,0.06996331363916397,1.4789160810206003,1.0,1,50
B_sens_al_score,137,241,1.7896981239318848,0.06996331363916397,1.456919620456392,1.0,2,50
B_sens_al_score,137,242,1.7896981239318848,0.06996331363916397,1.442389571175867,1.0,3,50
B_sens_al_score,137,243,1.7896981239318848,0.06996331363916397,1.443352000203537,1.0,4,50
B_sens_al_score,137,244,1.7896981239318848,0.06996331363916397,1.4402630724653864,1.0,5,50
B_sens_al_score,137,245,1.7896981239318848,0.06996331363916397,1.4226756820115558,1.0,6,50
B_sens_al_score,137,246,1.7896981239318848,0.06996331363916397,1.4315682844712159,1.0,7,50
B_sens_al_score,137,247,1.7896981239318848,0.06996331363916397,1.451509295504138,1.0,8,50
B_sens_al_score,137,248,1.7896981239318848,0.06996331363916397,1.4615109649481874,1.0,9,50
B_sens_al_score,137,249,1.7896981239318848,0.06996331363916397,1.4594086390850138,1.0,10,50
B_sens_al_score,137,250,1.7896981239318848,0.06996331363916397,1.4508176268858346,1.0,11,50
B_sens_al_score,271,1,1.9186018705368042,0.07138538360595703,1.7210367048200328,1.0,1,23
B_sens_al_score,271,2,1.9186018705368042,0.07138538360595703,1.7315255489995687,1.0,2,47
B_sens_al_score,271,3,1.9003986120224,0.07120712101459503,1.7209039940746498,1.0,0,50
B_sens_al_score,271,4,1.8740179538726807,0.05111706256866455,1.715882494426177,1.0,0,50
B_sens_al_score,271,5,1.8740179538726807,0.05111706256866455,1.7093985205821225,1.0,1,50
B_sens_al_score,271,6,1.8255813121795654,0.06374973058700562,1.7055020667605933,1.0,0,50
B_sens_al_score,271,7,1.8255813121795654,0.06374973058700562,1.7119452878794403,1.0,1,50
B_sens_al_score,271,8,1.8255813121795654,0.06374973058700562,1.7003243115911222,1.0,2,50
B_sens_al_score,271,9,1.8255813121795654,0.06374973058700562,1.7054423479305514,1.0,3,50
B_sens_al_score,271,10,1.8255813121795654,0.06374973058700562,1.7229481388423307,1.0,4,50
B_sens_al_score,271,11,1.8255813121795654,0.06374973058700562,1.7137852829194056,1.0,5,50
B_sens_al_score,271,12,1.8255813121795654,0.06374973058700562,1.7125661480287622,1.0,6,50
B_sens_al_score,271,13,1.8255813121795654,0.06374973058700562,1.7406816569519798,1.0,7,50
B_sens_al_score,271,14,1.8255813121795654,0.06374973058700562,1.7259210930178983,1.0,8,50
B_sens_al_score,271,15,1.8255813121795654,0.06374973058700562,1.711654555183189,1.0,9,50
B_sens_al_score,271,16,1.8255813121795654,0.06374973058700562,1.7150581115403907,1.0,10,50
B_sens_al_score,271,17,1.8255813121795654,0.06374973058700562,1.6937612842231444,1.0,11,50
B_sens_al_score,271,18,1.8255813121795654,0.06374973058700562,1.7196444225883443,1.0,12,50
B_sens_al_score,271,19,1.8255813121795654,0.06374973058700562,1.7030226350658912,1.0,13,50
B_sens_al_score,271,20,1.8255813121795654,0.06374973058700562,1.6858298928607984,1.0,14,50
B_sens_al_score,271,21,1.8255813121795654,0.06374973058700562,1.6702627455119468,1.0,15,50
B_sens_al_score,271,22,1.8255813121795654,0.06374973058700562,1.6473167616437676,1.0,16,50
B_sens_al_score,271,23,1.8255813121795654,0.06374973058700562,1.670938077906262,1.0,17,50
B_sens_al_score,271,24,1.8255813121795654,0.06374973058700562,1.6910735981498957,1.0,18,50
B_sens_al_score,271,25,1.8255813121795654,0.06374973058700562,1.6906553896920207,1.0,19,50
B_sens_al_score,271,26,1.8255813121795654,0.06374973058700562,1.7291204284947876,1.0,0,50
B_sens_al_score,271,27,1.8255813121795654,0.06374973058700562,1.7304064069008904,1.0,1,50
B_sens_al_score,271,28,1.8255813121795654,0.06374973058700562,1.7283676474586667,1.0,2,50
B_sens_al_score,271,29,1.8255813121795654,0.06374973058700562,1.7096385763405175,1.0,3,50
B_sens_al_score,271,30,1.8255813121795654,0.06374973058700562,1.7124230781210565,1.0,4,50
B_sens_al_score,271,31,1.8255813121795654,0.06374973058700562,1.7288344925464347,1.0,5,50
B_sens_al_score,271,32,1.8255813121795654,0.06374973058700562,1.7110050905814864,1.0,6,50
B_sens_al_score,271,33,1.8255813121795654,0.06374973058700562,1.706266530920317,1.0,7,50
B_sens_al_score,271,34,1.8255813121795654,0.06374973058700562,1.7023806935277623,1.0,8,50
B_sens_al_score,271,35,1.8255813121795654,0.06374973058700562,1.7304660581183646,1.0,9,50
B_sens_al_score,271,36,1.8255813121795654,0.06374973058700562,1.7057725825724401,1.0,10,50
B_sens_al_score,271,37,1.8255813121795654,0.06374973058700562,1.7180854804782475,1.0,11,50
B_sens_al_score,271,38,1.8255813121795654,0.06374973058700562,1.723752947985574,1.0,12,50
B_sens_al_score,271,39,1.8255813121795654,0.06374973058700562,1.7134037078951339,1.0,13,50
B_sens_al_score,271,40,1.8255813121795654,0.06374973058700562,1.7277552437022534,1.0,14,50
B_sens_al_score,271,41,1.8255813121795654,0.06374973058700562,1.710242275705162,1.0,15,50
B_sens_al_score,271,42,1.8255813121795654,0.06374973058700562,1.6952706103829407,1.0,16,50
B_sens_al_score,271,43,1.8255813121795654,0.06374973058700562,1.6821043762827725,1.0,17,50
B_sens_al_score,271,44,1.8255813121795654,0.06374973058700562,1.6893451033402307,1.0,18,50
B_sens_al_score,271,45,1.8255813121795654,0.06374973058700562,1.7033619591848022,1.0,19,50
B_sens_al_score,271,46,1.8255813121795654,0.06374973058700562,1.7268992079551106,1.0,0,50
B_sens_al_score,271,47,1.8255813121795654,0.06374973058700562,1.7144430621051123,1.0,1,50
B_sens_al_score,271,48,1.8255813121795654,0.06374973058700562,1.7072281785910122,1.0,2,50
B_sens_al_score,271,49,1.8255813121795654,0.06374973058700562,1.6995837716199111,1.0,3,50
B_sens_al_score,271,50,1.8255813121795654,0.06374973058700562,1.7255707076719986,1.0,4,50
B_sens_al_score,271,51,1.8255813121795654,0.06374973058700562,1.7178452414075807,1.0,5,50
B_sens_al_score,271,52,1.8255813121795654,0.06374973058700562,1.7347208370250882,1.0,6,50
B_sens_al_score,271,53,1.8255813121795654,0.06374973058700562,1.724452907658584,1.0,7,50
B_sens_al_score,271,54,1.8255813121795654,0.06374973058700562,1.6913513307028072,1.0,8,50
B_sens_al_score,271,55,1.8255813121795654,0.06374973058700562,1.7036236359770942,1.0,9,50
B_sens_al_score,271,56,1.8255813121795654,0.06374973058700562,1.6705627778397212,1.0,10,50
B_sens_al_score,271,57,1.8255813121795654,0.06374973058700562,1.6836411125930844,1.0,11,50
B_sens_al_score,271,58,1.8255813121795654,0.06374973058700562,1.6970377722312315,1.0,12,50
B_sens_al_score,271,59,1.8255813121795654,0.06374973058700562,1.7165115082224025,1.0,13,50
B_sens_al_score,271,60,1.8255813121795654,0.06374973058700562,1.7168121892859713,1.0,14,50
B_sens_al_score,271,61,1.8255813121795654,0.06374973058700562,1.700735546412262,1.0,15,50
B_sens_al_score,271,62,1.8255813121795654,0.06374973058700562,1.7039126154521589,1.0,16,50
B_sens_al_score,271,63,1.8255813121795654,0.06374973058700562,1.6967350049836325,1.0,17,50
B_sens_al_score,271,64,1.8255813121795654,0.06374973058700562,1.7060943390127266,1.0,18,50
B_sens_al_score,271,65,1.8255813121795654,0.06374973058700562,1.70390361594682,1.0,19,50
B_sens_al_score,271,66,1.8255813121795654,0.06374973058700562,1.6952621384819146,1.0,0,50
B_sens_al_score,271,67,1.8255813121795654,0.06374973058700562,1.6764808593556946,1.0,1,50
B_sens_al_score,271,68,1.8255813121795654,0.06374973058700562,1.681581501309317,1.0,2,50
B_sens_al_score,271,69,1.8255813121795654,0.06374973058700562,1.6510441489765415,1.0,3,50
B_sens_al_score,271,70,1.8255813121795654,0.06374973058700562,1.6732768443945383,1.0,4,50
B_sens_al_score,271,71,1.8255813121795654,0.06374973058700562,1.6723068967668249,1.0,5,50
B_sens_al_score,271,72,1.8255813121795654,0.06374973058700562,1.6933868575817352,1.0,6,50
B_sens_al_score,271,73,1.8255813121795654,0.06374973058700562,1.6999461881245066,1.0,7,50
B_sens_al_score,271,74,1.8255813121795654,0.06374973058700562,1.7112850569611961,1.0,8,50
B_sens_al_score,271,75,1.8255813121795654,0.06374973058700562,1.6842060457995318,1.0,9,50
B_sens_al_score,271,76,1.8255813121795654,0.06374973058700562,1.6494636240529992,1.0,10,50
B_sens_al_score,271,77,1.8255813121795654,0.06374973058700562,1.6620590313445118,1.0,11,50
B_sens_al_score,271,78,1.8255813121795654,0.06374973058700562,1.6676572074647515,1.0,12,50
B_sens_al_score,271,79,1.8255813121795654,0.06374973058700562,1.677746814064162,1.0,13,50
B_sens_al_score,271,80,1.8255813121795654,0.06374973058700562,1.661625450209194,1.0,14,50
B_sens_al_score,271,81,1.8255813121795654,0.06374973058700562,1.6563207969683669,1.0,15,50
B_sens_al_score,271,82,1.8255813121795654,0.06374973058700562,1.6481658717022218,1.0,16,50
B_sens_al_score,271,83,1.8255813121795654,0.06374973058700562,1.6594513280103278,1.0,17,50
B_sens_al_score,271,84,1.8255813121795654,0.06374973058700562,1.69516353668372,1.0,18,50
B_sens_al_score,271,85,1.8255813121795654,0.06374973058700562,1.702981414039746,1.0,19,50
B_sens_al_score,271,86,1.8255813121795654,0.06374973058700562,1.7006564940541904,1.0,0,50
B_sens_al_score,271,87,1.8255813121795654,0.06374973058700562,1.6906892641770286,1.0,1,50
B_sens_al_score,271,88,1.8255813121795654,0.06374973058700562,1.6830468774329208,1.0,2,50
B_sens_al_score,271,89,1.8255813121795654,0.06374973058700562,1.6782254506262477,1.0,3,50
B_sens_al_score,271,90,1.8255813121795654,0.06374973058700562,1.6669479862024386,1.0,4,50
B_sens_al_score,271,91,1.8255813121795654,0.06374973058700562,1.6584475362277322,1.0,5,50
B_sens_al_score,271,92,1.8255813121795654,0.06374973058700562,1.6592481676296185,1.0,6,50
B_sens_al_score,271,93,1.8255813121795654,0.06374973058700562,1.6579607038928468,1.0,7,50
B_sens_al_score,271,94,1.8255813121795654,0.06374973058700562,1.6412572902573914,1.0,8,50
B_sens_al_score,271,95,1.8255813121795654,0.06374973058700562,1.6627207603126783,1.0,9,50
B_sens_al_score,271,96,1.8255813121795654,0.06374973058700562,1.6379773938243114,1.0,10,50
B_sens_al_score,271,97,1.8255813121795654,0.06374973058700562,1.6320416484570974,1.0,11,50
B_sens_al_score,271,98,1.8255813121795654,0.06374973058700562,1.6434718511070456,1.0,12,50
B_sens_al_score,271,99,1.8255813121795654,0.06374973058700562,1.6759237389612696,1.0,13,50
B_sens_al_score,271,100,1.8255813121795654,0.06374973058700562,1.6735373131898776,1.0,14,50
B_sens_al_score,271,101,1.8255813121795654,0.06374973058700562,1.6859504873814053,1.0,15,50
B_sens_al_score,271,102,1.8255813121795654,0.06374973058700562,1.6883672448366347,1.0,16,50
B_sens_al_score,271,103,1.8255813121795654,0.06374973058700562,1.6771300033015863,1.0,17,50
B_sens_al_score,271,104,1.8255813121795654,0.06374973058700562,1.6910927185615725,1.0,18,50
B_sens_al_score,271,105,1.8255813121795654,0.06374973058700562,1.6590571450327516,1.0,19,50
B_sens_al_score,271,106,1.8255813121795654,0.06374973058700562,1.670939620373437,1.0,0,50
B_sens_al_score,271,107,1.8255813121795654,0.06374973058700562,1.6806870736422765,1.0,1,50
B_sens_al_score,271,108,1.7992401123046875,0.06861277669668198,1.6594886355367764,1.0,0,50
B_sens_al_score,271,109,1.7992401123046875,0.06861277669668198,1.6827852461630373,1.0,1,50
B_sens_al_score,271,110,1.7992401123046875,0.06861277669668198,1.6526587473879981,1.0,2,50
B_sens_al_score,271,111,1.7992401123046875,0.06861277669668198,1.6523248417385112,1.0,3,50
B_sens_al_score,271,112,1.7992401123046875,0.06861277669668198,1.6845669594852266,1.0,4,50
B_sens_al_score,271,113,1.7992401123046875,0.06861277669668198,1.6804914725756626,1.0,5,50
B_sens_al_score,271,114,1.7992401123046875,0.06861277669668198,1.6685769163461577,1.0,6,50
B_sens_al_score,271,115,1.7992401123046875,0.06861277669668198,1.650856395385548,1.0,7,50
B_sens_al_score,271,116,1.7992401123046875,0.06861277669668198,1.669987168774315,1.0,8,50
B_sens_al_score,271,117,1.7992401123046875,0.06861277669668198,1.6541347911889215,1.0,9,50
B_sens_al_score,271,118,1.7992401123046875,0.06861277669668198,1.652791699290584,1.0,10,50
B_sens_al_score,271,119,1.7992401123046875,0.06861277669668198,1.6565438223234046,1.0,11,50
B_sens_al_score,271,120,1.7992401123046875,0.06861277669668198,1.621605676130999,1.0,12,50
B_sens_al_score,271,121,1.7992401123046875,0.06861277669668198,1.6295049979986291,1.0,13,50
B_sens_al_score,271,122,1.7992401123046875,0.06861277669668198,1.6352295719191992,1.0,14,50
B_sens_al_score,271,123,1.7992401123046875,0.06861277669668198,1.6468005805303205,1.0,15,50
B_sens_al_score,271,124,1.7992401123046875,0.06861277669668198,1.650862038700943,1.0,16,50
B_sens_al_score,271,125,1.7992401123046875,0.06861277669668198,1.642501995714752,1.0,17,50
B_sens_al_score,271,126,1.7992401123046875,0.06861277669668198,1.6489964135576318,1.0,18,50
B_sens_al_score,271,127,1.7992401123046875,0.06861277669668198,1.658611423460825,1.0,19,50
B_sens_al_score,271,128,1.7992401123046875,0.06861277669668198,1.6774848360627266,1.0,0,50
B_sens_al_score,271,129,1.7992401123046875,0.06861277669668198,1.66569215160612,1.0,1,50
B_sens_al_score,271,130,1.7992401123046875,0.06861277669668198,1.6761713019424826,1.0,2,50
B_sens_al_score,271,131,1.7992401123046875,0.06861277669668198,1.6942283992825793,1.0,3,50
B_sens_al_score,271,132,1.7992401123046875,0.06861277669668198,1.697236972798458,1.0,4,50
B_sens_al_score,271,133,1.7992401123046875,0.06861277669668198,1.7002384075703905,1.0,5,50
B_sens_al_score,271,134,1.7992401123046875,0.06861277669668198,1.6707941029791316,1.0,6,50
B_sens_al_score,271,135,1.7992401123046875,0.06861277669668198,1.6698135741343176,1.0,7,50
B_sens_al_score,271,136,1.7992401123046875,0.06861277669668198,1.6983821868767859,1.0,8,50
B_sens_al_score,271,137,1.7992401123046875,0.06861277669668198,1.6742096928689167,1.0,9,50
B_sens_al_score,271,138,1.7992401123046875,0.06861277669668198,1.6886642046189082,1.0,10,50
B_sens_al_score,271,139,1.7992401123046875,0.06861277669668198,1.6876902537685072,1.0,11,50
B_sens_al_score,271,140,1.7992401123046875,0.06861277669668198,1.6759231710812603,1.0,12,50
B_sens_al_score,271,141,1.7992401123046875,0.06861277669668198,1.661245875384426,1.0,13,50
B_sens_al_score,271,142,1.7992401123046875,0.06861277669668198,1.6448180891045479,1.0,14,50
B_sens_al_score,271,143,1.7992401123046875,0.06861277669668198,1.64220240430014,1.0,15,50
B_sens_al_score,271,144,1.7992401123046875,0.06861277669668198,1.6304141004470472,1.0,16,50
B_sens_al_score,271,145,1.7992401123046875,0.06861277669668198,1.6157328688580292,1.0,17,50
B_sens_al_score,271,146,1.7992401123046875,0.06861277669668198,1.6049534516490367,1.0,18,50
B_sens_al_score,271,147,1.7992401123046875,0.06861277669668198,1.6042597626709232,1.0,19,50
B_sens_al_score,271,148,1.7992401123046875,0.06861277669668198,1.6417595780344652,1.0,0,50
B_sens_al_score,271,149,1.7992401123046875,0.06861277669668198,1.6340705850202566,1.0,1,50
B_sens_al_score,271,150,1.7992401123046875,0.06861277669668198,1.6269919705204645,1.0,2,50
B_sens_al_score,271,151,1.7992401123046875,0.06861277669668198,1.611826442230422,1.0,3,50
B_sens_al_score,271,152,1.7992401123046875,0.06861277669668198,1.6338548850977466,1.0,4,50
B_sens_al_score,271,153,1.7992401123046875,0.06861277669668198,1.634323361736961,1.0,5,50
B_sens_al_score,271,154,1.7992401123046875,0.06861277669668198,1.648483968106858,1.0,6,50
B_sens_al_score,271,155,1.7992401123046875,0.06861277669668198,1.635951078806948,1.0,7,50
B_sens_al_score,271,156,1.7992401123046875,0.06861277669668198,1.6272566625956415,1.0,8,50
B_sens_al_score,271,157,1.7992401123046875,0.06861277669668198,1.626211165322176,1.0,9,50
B_sens_al_score,271,158,1.7992401123046875,0.06861277669668198,1.6485423579246852,1.0,10,50
B_sens_al_score,271,159,1.7992401123046875,0.06861277669668198,1.6480892126843603,1.0,11,50
B_sens_al_score,271,160,1.7992401123046875,0.06861277669668198,1.6454582557840822,1.0,12,50
B_sens_al_score,271,161,1.7992401123046875,0.06861277669668198,1.645206473024229,1.0,13,50
B_sens_al_score,271,162,1.7992401123046875,0.06861277669668198,1.6572891155443634,1.0,14,50
B_sens_al_score,271,163,1.7992401123046875,0.06861277669668198,1.646070441239433,1.0,15,50
B_sens_al_score,271,164,1.7992401123046875,0.06861277669668198,1.6595825152305272,1.0,16,50
B_sens_al_score,271,165,1.7992401123046875,0.06861277669668198,1.6378805203626203,1.0,17,50
B_sens_al_score,271,166,1.7992401123046875,0.06861277669668198,1.6335112286285565,1.0,18,50
B_sens_al_score,271,167,1.7992401123046875,0.06861277669668198,1.6397819856957487,1.0,19,50
B_sens_al_score,271,168,1.7992401123046875,0.06861277669668198,1.6523999857945575,1.0,0,50
B_sens_al_score,271,169,1.7992401123046875,0.06861277669668198,1.6400008541793396,1.0,1,50
B_sens_al_score,271,170,1.7992401123046875,0.06861277669668198,1.6365869168659946,1.0,2,50
B_sens_al_score,271,171,1.7992401123046875,0.06861277669668198,1.6343289599886999,1.0,3,50
B_sens_al_score,271,172,1.7992401123046875,0.06861277669668198,1.6529149900992581,1.0,4,50
B_sens_al_score,271,173,1.7992401123046875,0.06861277669668198,1.6329707105186428,1.0,5,50
B_sens_al_score,271,174,1.7992401123046875,0.06861277669668198,1.6121406670834688,1.0,6,50
B_sens_al_score,271,175,1.7992401123046875,0.06861277669668198,1.6007890430846359,1.0,7,50
B_sens_al_score,271,176,1.7992401123046875,0.06861277669668198,1.6151846827004814,1.0,8,50
B_sens_al_score,271,177,1.7992401123046875,0.06861277669668198,1.6135527772787852,1.0,9,50
B_sens_al_score,271,178,1.7992401123046875,0.06861277669668198,1.6155709112693157,1.0,10,50
B_sens_al_score,271,179,1.7992401123046875,0.06861277669668198,1.6230693404264125,1.0,11,50
B_sens_al_score,271,180,1.7992401123046875,0.06861277669668198,1.6206333374158342,1.0,12,50
B_sens_al_score,271,181,1.7992401123046875,0.06861277669668198,1.5631148187194615,1.0,13,50
B_sens_al_score,271,182,1.7992401123046875,0.06861277669668198,1.5567050653020056,1.0,14,50
B_sens_al_score,271,183,1.7992401123046875,0.06861277669668198,1.5831345629001146,1.0,15,50
B_sens_al_score,271,184,1.7992401123046875,0.06861277669668198,1.5837665600702708,1.0,16,50
B_sens_al_score,271,185,1.7992401123046875,0.06861277669668198,1.615404634072264,1.0,17,50
B_sens_al_score,271,186,1.7992401123046875,0.06861277669668198,1.614573750535608,1.0,18,50
B_sens_al_score,271,187,1.7992401123046875,0.06861277669668198,1.5932891938795846,1.0,19,50
B_sens_al_score,271,188,1.7992401123046875,0.06861277669668198,1.623157560934982,1.0,0,50
B_sens_al_score,271,189,1.7992401123046875,0.06861277669668198,1.5884173284765033,1.0,1,50
B_sens_al_score,271,190,1.7992401123046875,0.06861277669668198,1.5854372449880243,1.0,2,50
B_sens_al_score,271,191,1.7992401123046875,0.06861277669668198,1.5941184020594974,1.0,3,50
B_sens_al_score,271,192,1.7992401123046875,0.06861277669668198,1.620372586916995,1.0,4,50
B_sens_al_score,271,193,1.7992401123046875,0.06861277669668198,1.5873373438255185,1.0,5,50
B_sens_al_score,271,194,1.7992401123046875,0.06861277669668198,1.5714034020486893,1.0,6,50
B_sens_al_score,271,195,1.7992401123046875,0.06861277669668198,1.585471298204034,1.0,7,50
B_sens_al_score,271,196,1.7992401123046875,0.06861277669668198,1.5643693905729368,1.0,8,50
B_sens_al_score,271,197,1.7992401123046875,0.06861277669668198,1.5585734325279312,1.0,9,50
B_sens_al_score,271,198,1.7992401123046875,0.06861277669668198,1.5390469677487166,1.0,10,50
B_sens_al_score,271,199,1.7992401123046875,0.06861277669668198,1.5631665918331303,1.0,11,50
B_sens_al_score,271,200,1.7992401123046875,0.06861277669668198,1.585934389875369,1.0,12,50
B_sens_al_score,271,201,1.7992401123046875,0.06861277669668198,1.5932684106933048,1.0,13,50
B_sens_al_score,271,202,1.7992401123046875,0.06861277669668198,1.5684257006898308,1.0,14,50
B_sens_al_score,271,203,1.7992401123046875,0.06861277669668198,1.5667364755513602,1.0,15,50
B_sens_al_score,271,204,1.7992401123046875,0.06861277669668198,1.5618682774538266,1.0,16,50
B_sens_al_score,271,205,1.7992401123046875,0.06861277669668198,1.5752643464800744,1.0,17,50
B_sens_al_score,271,206,1.7992401123046875,0.06861277669668198,1.5653585775433663,1.0,18,50
B_sens_al_score,271,207,1.7992401123046875,0.06861277669668198,1.5626390234426653,1.0,19,50
B_sens_al_score,271,208,1.7992401123046875,0.06861277669668198,1.6076736286948965,1.0,0,50
B_sens_al_score,271,209,1.7992401123046875,0.06861277669668198,1.5919930123808053,1.0,1,50
B_sens_al_score,271,210,1.7992401123046875,0.06861277669668198,1.5875050996423712,1.0,2,50
B_sens_al_score,271,211,1.7992401123046875,0.06861277669668198,1.5923802813230903,1.0,3,50
B_sens_al_score,271,212,1.7992401123046875,0.06861277669668198,1.5936440276084385,1.0,4,50
B_sens_al_score,271,213,1.7992401123046875,0.06861277669668198,1.615501484062111,1.0,5,50
B_sens_al_score,271,214,1.7992401123046875,0.06861277669668198,1.6026026056579434,1.0,6,50
B_sens_al_score,271,215,1.7992401123046875,0.06861277669668198,1.5827580666952235,1.0,7,50
B_sens_al_score,271,216,1.7992401123046875,0.06861277669668198,1.595617200964197,1.0,8,50
B_sens_al_score,271,217,1.7992401123046875,0.06861277669668198,1.6054985885777557,1.0,9,50
B_sens_al_score,271,218,1.7992401123046875,0.06861277669668198,1.6078824830986356,1.0,10,50
B_sens_al_score,271,219,1.7992401123046875,0.06861277669668198,1.624891553515427,1.0,11,50
B_sens_al_score,271,220,1.7992401123046875,0.06861277669668198,1.6052559192437519,1.0,12,50
B_sens_al_score,271,221,1.7992401123046875,0.06861277669668198,1.5757743142786707,1.0,13,50
B_sens_al_score,271,222,1.7992401123046875,0.06861277669668198,1.5761878403309055,1.0,14,50
B_sens_al_score,271,223,1.7992401123046875,0.06861277669668198,1.5831187217691611,1.0,15,50
B_sens_al_score,271,224,1.7992401123046875,0.06861277669668198,1.6070680587641961,1.0,16,50
B_sens_al_score,271,225,1.7992401123046875,0.06861277669668198,1.6148768532213766,1.0,17,50
B_sens_al_score,271,226,1.7992401123046875,0.06861277669668198,1.6285346719319014,1.0,18,50
B_sens_al_score,271,227,1.7992401123046875,0.06861277669668198,1.630412347630925,1.0,19,50
B_sens_al_score,271,228,1.7992401123046875,0.06861277669668198,1.6284054977051339,1.0,0,50
B_sens_al_score,271,229,1.7992401123046875,0.06861277669668198,1.640063205517973,1.0,1,50
B_sens_al_score,271,230,1.7992401123046875,0.06861277669668198,1.6157509602945395,1.0,2,50
B_sens_al_score,271,231,1.7992401123046875,0.06861277669668198,1.6040310523572094,1.0,3,50
B_sens_al_score,271,232,1.7992401123046875,0.06861277669668198,1.5767801253199962,1.0,4,50
B_sens_al_score,271,233,1.7992401123046875,0.06861277669668198,1.555760308485526,1.0,5,50
B_sens_al_score,271,234,1.7992401123046875,0.06861277669668198,1.5426607712049152,1.0,6,50
B_sens_al_score,271,235,1.7992401123046875,0.06861277669668198,1.537173139483747,1.0,7,50
B_sens_al_score,271,236,1.7992401123046875,0.06861277669668198,1.5369339982124217,1.0,8,50
B_sens_al_score,271,237,1.7992401123046875,0.06861277669668198,1.5360995747027717,1.0,9,50
B_sens_al_score,271,238,1.7992401123046875,0.06861277669668198,1.5336401657982,1.0,10,50
B_sens_al_score,271,239,1.7992401123046875,0.06861277669668198,1.552879993312646,1.0,11,50
B_sens_al_score,271,240,1.7992401123046875,0.06861277669668198,1.535795976933955,1.0,12,50
B_sens_al_score,271,241,1.7992401123046875,0.06861277669668198,1.5463397549286082,1.0,13,50
B_sens_al_score,271,242,1.7992401123046875,0.06861277669668198,1.5284252312142044,1.0,14,50
B_sens_al_score,271,243,1.7992401123046875,0.06861277669668198,1.5489005810496417,1.0,15,50
B_sens_al_score,271,244,1.7992401123046875,0.06861277669668198,1.551735257914098,1.0,16,50
B_sens_al_score,271,245,1.7992401123046875,0.06861277669668198,1.5514032057629228,1.0,17,50
B_sens_al_score,271,246,1.7992401123046875,0.06861277669668198,1.5329787388098735,1.0,18,50
B_sens_al_score,271,247,1.7992401123046875,0.06861277669668198,1.526357756702264,1.0,19,50
B_sens_al_score,271,248,1.7992401123046875,0.06861277669668198,1.550672337584584,1.0,0,50
B_sens_al_score,271,249,1.7992401123046875,0.06861277669668198,1.551906143212079,1.0,1,50
B_sens_al_score,271,250,1.7992401123046875,0.06861277669668198,1.5361085537867913,1.0,2,50
B_sens_al_score,509,1,1.8895071744918823,0.06234956160187721,1.7461054829075366,1.0,0,23
B_sens_al_score,509,2,1.8895071744918823,0.06234956160187721,1.7077842311906986,1.0,1,47
B_sens_al_score,509,3,1.8895071744918823,0.06234956160187721,1.6736915334989872,1.0,2,50
B_sens_al_score,509,4,1.8895071744918823,0.06234956160187721,1.6958656111605275,1.0,3,50
B_sens_al_score,509,5,1.8895071744918823,0.06234956160187721,1.7096418684503691,1.0,4,50
B_sens_al_score,509,6,1.8167767524719238,0.04731496423482895,1.7072532155330347,1.0,0,50
B_sens_al_score,509,7,1.8167767524719238,0.04731496423482895,1.6979367878365028,1.0,1,50
B_sens_al_score,509,8,1.8167767524719238,0.04731496423482895,1.7530350023158219,1.0,2,50
B_sens_al_score,509,9,1.8119615316390991,0.05400768294930458,1.7308429513378123,1.0,0,50
B_sens_al_score,509,10,1.8119615316390991,0.05400768294930458,1.726332282391889,1.0,1,50
B_sens_al_score,509,11,1.8119615316390991,0.05400768294930458,1.7212940882957066,1.0,2,50
B_sens_al_score,509,12,1.8119615316390991,0.05400768294930458,1.7099206646654432,1.0,3,50
B_sens_al_score,509,13,1.8119615316390991,0.05400768294930458,1.7218194792033599,1.0,4,50
B_sens_al_score,509,14,1.8119615316390991,0.05400768294930458,1.7290901759147237,1.0,5,50
B_sens_al_score,509,15,1.8119615316390991,0.05400768294930458,1.7186993735512106,1.0,6,50
B_sens_al_score,509,16,1.8119615316390991,0.05400768294930458,1.7234597726059417,1.0,7,50
B_sens_al_score,509,17,1.8119615316390991,0.05400768294930458,1.7081027944478802,1.0,8,50
B_sens_al_score,509,18,1.8119615316390991,0.05400768294930458,1.689202075717928,1.0,9,50
B_sens_al_score,509,19,1.8119615316390991,0.05400768294930458,1.6754683145296783,1.0,10,50
B_sens_al_score,509,20,1.8119615316390991,0.05400768294930458,1.713794375780555,1.0,11,50
B_sens_al_score,509,21,1.8119615316390991,0.05400768294930458,1.6796971637200004,1.0,12,50
B_sens_al_score,509,22,1.8119615316390991,0.05400768294930458,1.6767521997177577,1.0,13,50
B_sens_al_score,509,23,1.8119615316390991,0.05400768294930458,1.674041054591808,1.0,14,50
B_sens_al_score,509,24,1.8119615316390991,0.05400768294930458,1.7002897551595317,1.0,15,50
B_sens_al_score,509,25,1.8119615316390991,0.05400768294930458,1.7260801427273182,1.0,16,50
B_sens_al_score,509,26,1.8119615316390991,0.05400768294930458,1.754900895159433,1.0,17,50
B_sens_al_score,509,27,1.8119615316390991,0.05400768294930458,1.740173008787724,1.0,18,50
B_sens_al_score,509,28,1.8119615316390991,0.05400768294930458,1.715475703161615,1.0,19,50
B_sens_al_score,509,29,1.8119615316390991,0.05400768294930458,1.7467772129710881,1.0,0,50
B_sens_al_score,509,30,1.8119615316390991,0.05400768294930458,1.728324014370445,1.0,1,50
B_sens_al_score,509,31,1.8119615316390991,0.05400768294930458,1.7226593187737738,1.0,2,50
B_sens_al_score,509,32,1.8119615316390991,0.05400768294930458,1.7228110258719034,1.0,3,50
B_sens_al_score,509,33,1.8119615316390991,0.05400768294930458,1.72230732561299,1.0,4,50
B_sens_al_score,509,34,1.8119615316390991,0.05400768294930458,1.7242670958769486,1.0,5,50
B_sens_al_score,509,35,1.8119615316390991,0.05400768294930458,1.705437270695296,1.0,6,50
B_sens_al_score,509,36,1.8119615316390991,0.05400768294930458,1.7083057862897288,1.0,7,50
B_sens_al_score,509,37,1.8119615316390991,0.05400768294930458,1.6975496414055868,1.0,8,50
B_sens_al_score,509,38,1.8119615316390991,0.05400768294930458,1.7088677701913835,1.0,9,50
B_sens_al_score,509,39,1.7928383350372314,0.0739961639046669,1.6909126853228542,1.0,0,50
B_sens_al_score,509,40,1.7928383350372314,0.0739961639046669,1.700402036621531,1.0,1,50
B_sens_al_score,509,41,1.7928383350372314,0.0739961639046669,1.6874484524067717,1.0,2,50
B_sens_al_score,509,42,1.7928383350372314,0.0739961639046669,1.7002155013369633,1.0,3,50
B_sens_al_score,509,43,1.7928383350372314,0.0739961639046669,1.708322161713921,1.0,4,50
B_sens_al_score,509,44,1.7928383350372314,0.0739961639046669,1.7148899414595036,1.0,5,50
B_sens_al_score,509,45,1.7928383350372314,0.0739961639046669,1.7235402457884055,1.0,6,50
B_sens_al_score,509,46,1.7928383350372314,0.0739961639046669,1.7150673756595571,1.0,7,50
B_sens_al_score,509,47,1.7928383350372314,0.0739961639046669,1.7161941368005844,1.0,8,50
B_sens_al_score,509,48,1.7928383350372314,0.0739961639046669,1.694264209028043,1.0,9,50
B_sens_al_score,509,49,1.7928383350372314,0.0739961639046669,1.7117763179536123,1.0,10,50
B_sens_al_score,509,50,1.7928383350372314,0.0739961639046669,1.7009859074558564,1.0,11,50
B_sens_al_score,509,51,1.7928383350372314,0.0739961639046669,1.709336018503463,1.0,12,50
B_sens_al_score,509,52,1.7928383350372314,0.0739961639046669,1.7131920005980261,1.0,13,50
B_sens_al_score,509,53,1.7928383350372314,0.0739961639046669,1.6854226476770957,1.0,14,50
B_sens_al_score,509,54,1.7928383350372314,0.0739961639046669,1.6762405196196521,1.0,15,50
B_sens_al_score,509,55,1.7928383350372314,0.0739961639046669,1.6730936468327047,1.0,16,50
B_sens_al_score,509,56,1.7928383350372314,0.0739961639046669,1.6728628922409163,1.0,17,50
B_sens_al_score,509,57,1.7928383350372314,0.0739961639046669,1.6806279333278165,1.0,18,50
B_sens_al_score,509,58,1.7928383350372314,0.0739961639046669,1.7026266542478057,1.0,19,50
B_sens_al_score,509,59,1.7928383350372314,0.0739961639046669,1.7351694499892523,1.0,0,50
B_sens_al_score,509,60,1.7928383350372314,0.0739961639046669,1.6953030326142429,1.0,1,50
B_sens_al_score,509,61,1.7928383350372314,0.0739961639046669,1.7124089380128078,1.0,2,50
B_sens_al_score,509,62,1.7928383350372314,0.0739961639046669,1.7294801061134846,1.0,3,50
B_sens_al_score,509,63,1.7928383350372314,0.0739961639046669,1.739148948492013,1.0,4,50
B_sens_al_score,509,64,1.7928383350372314,0.0739961639046669,1.6981767769311993,1.0,5,50
B_sens_al_score,509,65,1.7928383350372314,0.0739961639046669,1.7036159893979101,1.0,6,50
B_sens_al_score,509,66,1.7928383350372314,0.0739961639046669,1.7124606391687092,1.0,7,50
B_sens_al_score,509,67,1.7928383350372314,0.0739961639046669,1.6922418453066792,1.0,8,50
B_sens_al_score,509,68,1.7928383350372314,0.0739961639046669,1.6974981970062655,1.0,9,50
B_sens_al_score,509,69,1.7928383350372314,0.0739961639046669,1.7179896355808817,1.0,10,50
B_sens_al_score,509,70,1.7928383350372314,0.0739961639046669,1.7117189189643323,1.0,11,50
B_sens_al_score,509,71,1.7928383350372314,0.0739961639046669,1.7256760488166443,1.0,12,50
B_sens_al_score,509,72,1.7928383350372314,0.0739961639046669,1.7093317116470241,1.0,13,50
B_sens_al_score,509,73,1.7928383350372314,0.0739961639046669,1.7386508579897701,1.0,14,50
B_sens_al_score,509,74,1.7928383350372314,0.0739961639046669,1.749171916932579,1.0,15,50
B_sens_al_score,509,75,1.7928383350372314,0.0739961639046669,1.7371357572469914,1.0,16,50
B_sens_al_score,509,76,1.7928383350372314,0.0739961639046669,1.7298964475359946,1.0,17,50
B_sens_al_score,509,77,1.7928383350372314,0.0739961639046669,1.71454705870433,1.0,18,50
B_sens_al_score,509,78,1.7928383350372314,0.0739961639046669,1.7268869222755732,1.0,19,50
B_sens_al_score,509,79,1.7928383350372314,0.0739961639046669,1.697822461181799,1.0,0,50
B_sens_al_score,509,80,1.7928383350372314,0.0739961639046669,1.6806648523354286,1.0,1,50
B_sens_al_score,509,81,1.7928383350372314,0.0739961639046669,1.690225658837551,1.0,2,50
B_sens_al_score,509,82,1.7928383350372314,0.0739961639046669,1.6837417533289802,1.0,3,50
B_sens_al_score,509,83,1.7928383350372314,0.0739961639046669,1.6938522754090442,1.0,4,50
B_sens_al_score,509,84,1.7928383350372314,0.0739961639046669,1.6917376001706041,1.0,5,50
B_sens_al_score,509,85,1.7928383350372314,0.0739961639046669,1.6713220809623381,1.0,6,50
B_sens_al_score,509,86,1.7928383350372314,0.0739961639046669,1.6752518113481705,1.0,7,50
B_sens_al_score,509,87,1.7928383350372314,0.0739961639046669,1.6895464281311228,1.0,8,50
B_sens_al_score,509,88,1.7928383350372314,0.0739961639046669,1.6591240812885755,1.0,9,50
B_sens_al_score,509,89,1.7928383350372314,0.0739961639046669,1.6829619715535982,1.0,10,50
B_sens_al_score,509,90,1.7928383350372314,0.0739961639046669,1.6726685204901868,1.0,11,50
B_sens_al_score,509,91,1.7928383350372314,0.0739961639046669,1.6810978260434781,1.0,12,50
B_sens_al_score,509,92,1.7928383350372314,0.0739961639046669,1.668360083059747,1.0,13,50
B_sens_al_score,509,93,1.7928383350372314,0.0739961639046669,1.6559445337870773,1.0,14,50
B_sens_al_score,509,94,1.7928383350372314,0.0739961639046669,1.6769724151418293,1.0,15,50
B_sens_al_score,509,95,1.7928383350372314,0.0739961639046669,1.6803908919966934,1.0,16,50
B_sens_al_score,509,96,1.7928383350372314,0.0739961639046669,1.6911385484553048,1.0,17,50
B_sens_al_score,509,97,1.7928383350372314,0.0739961639046669,1.7230207630399552,1.0,18,50
B_sens_al_score,509,98,1.7928383350372314,0.0739961639046669,1.690575217220166,1.0,19,50
B_sens_al_score,509,99,1.7928383350372314,0.0739961639046669,1.7223446750856353,1.0,0,50
B_sens_al_score,509,100,1.7928383350372314,0.0739961639046669,1.7160888855640943,1.0,1,50
B_sens_al_score,509,101,1.7928383350372314,0.0739961639046669,1.734730661030238,1.0,2,50
B_sens_al_score,509,102,1.7928383350372314,0.0739961639046669,1.7066134105911042,1.0,3,50
B_sens_al_score,509,103,1.7928383350372314,0.0739961639046669,1.686698947779904,1.0,4,50
B_sens_al_score,509,104,1.7928383350372314,0.0739961639046669,1.6803831650876733,1.0,5,50
B_sens_al_score,509,105,1.7928383350372314,0.0739961639046669,1.6711359157035934,1.0,6,50
B_sens_al_score,509,106,1.7928383350372314,0.0739961639046669,1.6518245244163936,1.0,7,50
B_sens_al_score,509,107,1.7928383350372314,0.0739961639046669,1.6798909379777531,1.0,8,50
B_sens_al_score,509,108,1.7928383350372314,0.0739961639046669,1.682562201802618,1.0,9,50
B_sens_al_score,509,109,1.7928383350372314,0.0739961639046669,1.6850387997690832,1.0,10,50
B_sens_al_score,509,110,1.7928383350372314,0.0739961639046669,1.6656586833635756,1.0,11,50
B_sens_al_score,509,111,1.7928383350372314,0.0739961639046669,1.6695248155938733,1.0,12,50
B_sens_al_score,509,112,1.7928383350372314,0.0739961639046669,1.6804037983039788,1.0,13,50
B_sens_al_score,509,113,1.7928383350372314,0.0739961639046669,1.6551501822794144,1.0,14,50
B_sens_al_score,509,114,1.7928383350372314,0.0739961639046669,1.6435547511448,1.0,15,50
B_sens_al_score,509,115,1.7928383350372314,0.0739961639046669,1.6517682470296913,1.0,16,50
B_sens_al_score,509,116,1.7928383350372314,0.0739961639046669,1.6763202245782076,1.0,17,50
B_sens_al_score,509,117,1.7928383350372314,0.0739961639046669,1.6629118513404062,1.0,18,50
B_sens_al_score,509,118,1.7928383350372314,0.0739961639046669,1.6882779835398631,1.0,19,50
B_sens_al_score,509,119,1.7928383350372314,0.0739961639046669,1.7059724118373993,1.0,0,50
B_sens_al_score,509,120,1.7928383350372314,0.0739961639046669,1.7010243491197523,1.0,1,50
B_sens_al_score,509,121,1.7928383350372314,0.0739961639046669,1.7100164442293042,1.0,2,50
B_sens_al_score,509,122,1.7928383350372314,0.0739961639046669,1.706185014683591,1.0,3,50
B_sens_al_score,509,123,1.7928383350372314,0.0739961639046669,1.6826504610830713,1.0,4,50
B_sens_al_score,509,124,1.7928383350372314,0.0739961639046669,1.6700828177515437,1.0,5,50
B_sens_al_score,509,125,1.7928383350372314,0.0739961639046669,1.6693141200071535,1.0,6,50
B_sens_al_score,509,126,1.7928383350372314,0.0739961639046669,1.666647909403504,1.0,7,50
B_sens_al_score,509,127,1.7928383350372314,0.0739961639046669,1.6651366498009463,1.0,8,50
B_sens_al_score,509,128,1.7928383350372314,0.0739961639046669,1.6550190744297213,1.0,9,50
B_sens_al_score,509,129,1.7928383350372314,0.0739961639046669,1.6536228332734553,1.0,10,50
B_sens_al_score,509,130,1.7928383350372314,0.0739961639046669,1.684073033249151,1.0,11,50
B_sens_al_score,509,131,1.7928383350372314,0.0739961639046669,1.6513249646058994,1.0,12,50
B_sens_al_score,509,132,1.7928383350372314,0.0739961639046669,1.6499543622179773,1.0,13,50
B_sens_al_score,509,133,1.7928383350372314,0.0739961639046669,1.6583584005766072,1.0,14,50
B_sens_al_score,509,134,1.7928383350372314,0.0739961639046669,1.6403272194773932,1.0,15,50
B_sens_al_score,509,135,1.7928383350372314,0.0739961639046669,1.6396974077699897,1.0,16,50
B_sens_al_score,509,136,1.7928383350372314,0.0739961639046669,1.6384962319634495,1.0,17,50
B_sens_al_score,509,137,1.7928383350372314,0.0739961639046669,1.6742135071567188,1.0,18,50
B_sens_al_score,509,138,1.7928383350372314,0.0739961639046669,1.6416284155904504,1.0,19,50
B_sens_al_score,509,139,1.7928383350372314,0.0739961639046669,1.6947709745085493,1.0,0,50
B_sens_al_score,509,140,1.7928383350372314,0.0739961639046669,1.692419199626541,1.0,1,50
B_sens_al_score,509,141,1.7928383350372314,0.0739961639046669,1.6737719814111687,1.0,2,50
B_sens_al_score,509,142,1.7928383350372314,0.0739961639046669,1.654828108433231,1.0,3,50
B_sens_al_score,509,143,1.7928383350372314,0.0739961639046669,1.6478555632150536,1.0,4,50
B_sens_al_score,509,144,1.7928383350372314,0.0739961639046669,1.6583462442130181,1.0,5,50
B_sens_al_score,509,145,1.7928383350372314,0.0739961639046669,1.6554506683650463,1.0,6,50
B_sens_al_score,509,146,1.7928383350372314,0.0739961639046669,1.6413670425010483,1.0,7,50
B_sens_al_score,509,147,1.7928383350372314,0.0739961639046669,1.6564190367311413,1.0,8,50
B_sens_al_score,509,148,1.7928383350372314,0.0739961639046669,1.6668939410512151,1.0,9,50
B_sens_al_score,509,149,1.7928383350372314,0.0739961639046669,1.6692886504756386,1.0,10,50
B_sens_al_score,509,150,1.7928383350372314,0.0739961639046669,1.686334201599158,1.0,11,50
B_sens_al_score,509,151,1.7928383350372314,0.0739961639046669,1.6733498068170694,1.0,12,50
B_sens_al_score,509,152,1.7928383350372314,0.0739961639046669,1.66571355336769,1.0,13,50
B_sens_al_score,509,153,1.7928383350372314,0.0739961639046669,1.6704855902019142,1.0,14,50
B_sens_al_score,509,154,1.7928383350372314,0.0739961639046669,1.6700343621794695,1.0,15,50
B_sens_al_score,509,155,1.7928383350372314,0.0739961639046669,1.6494506377122642,1.0,16,50
B_sens_al_score,509,156,1.7928383350372314,0.0739961639046669,1.6565809724072589,1.0,17,50
B_sens_al_score,509,157,1.7928383350372314,0.0739961639046669,1.6607860318766399,1.0,18,50
B_sens_al_score,509,158,1.7928383350372314,0.0739961639046669,1.6635911536506314,1.0,19,50
B_sens_al_score,509,159,1.7928383350372314,0.0739961639046669,1.6737169036815367,1.0,0,50
B_sens_al_score,509,160,1.7928383350372314,0.0739961639046669,1.6576276488977726,1.0,1,50
B_sens_al_score,509,161,1.7928383350372314,0.0739961639046669,1.6472245489525632,1.0,2,50
B_sens_al_score,509,162,1.7928383350372314,0.0739961639046669,1.6438160255594945,1.0,3,50
B_sens_al_score,509,163,1.7928383350372314,0.0739961639046669,1.6565762503358115,1.0,4,50
B_sens_al_score,509,164,1.7928383350372314,0.0739961639046669,1.666141845036121,1.0,5,50
B_sens_al_score,509,165,1.7928383350372314,0.0739961639046669,1.6398839246275874,1.0,6,50
B_sens_al_score,509,166,1.7928383350372314,0.0739961639046669,1.6258689155395618,1.0,7,50
B_sens_al_score,509,167,1.7928383350372314,0.0739961639046669,1.6205343786851567,1.0,8,50
B_sens_al_score,509,168,1.7928383350372314,0.0739961639046669,1.6228828567714066,1.0,9,50
B_sens_al_score,509,169,1.7928383350372314,0.0739961639046669,1.6174046754153377,1.0,10,50
B_sens_al_score,509,170,1.7928383350372314,0.0739961639046669,1.6241437470841094,1.0,11,50
B_sens_al_score,509,171,1.7928383350372314,0.0739961639046669,1.6198906123949322,1.0,12,50
B_sens_al_score,509,172,1.7928383350372314,0.0739961639046669,1.6221340568607645,1.0,13,50
B_sens_al_score,509,173,1.7928383350372314,0.0739961639046669,1.6378153099702053,1.0,14,50
B_sens_al_score,509,174,1.7928383350372314,0.0739961639046669,1.6185838146063105,1.0,15,50
B_sens_al_score,509,175,1.7928383350372314,0.0739961639046669,1.5987003622109817,1.0,16,50
B_sens_al_score,509,176,1.7928383350372314,0.0739961639046669,1.6268625798385383,1.0,17,50
B_sens_al_score,509,177,1.7928383350372314,0.0739961639046669,1.648535405044323,1.0,18,50
B_sens_al_score,509,178,1.7928383350372314,0.0739961639046669,1.6391483410582255,1.0,19,50
B_sens_al_score,509,179,1.7928383350372314,0.0739961639046669,1.6521419731036142,1.0,0,50
B_sens_al_score,509,180,1.7928383350372314,0.0739961639046669,1.6462178338673386,1.0,1,50
B_sens_al_score,509,181,1.7928383350372314,0.0739961639046669,1.6514797306438191,1.0,2,50
B_sens_al_score,509,182,1.7928383350372314,0.0739961639046669,1.6565400091450964,1.0,3,50
B_sens_al_score,509,183,1.7928383350372314,0.0739961639046669,1.6425008669754169,1.0,4,50
B_sens_al_score,509,184,1.7928383350372314,0.0739961639046669,1.6238241874702977,1.0,5,50
B_sens_al_score,509,185,1.7928383350372314,0.0739961639046669,1.6168885332979173,1.0,6,50
B_sens_al_score,509,186,1.7928383350372314,0.0739961639046669,1.6242341366267974,1.0,7,50
B_sens_al_score,509,187,1.7928383350372314,0.0739961639046669,1.623090957707248,1.0,8,50
B_sens_al_score,509,188,1.7928383350372314,0.0739961639046669,1.6237998277845125,1.0,9,50
B_sens_al_score,509,189,1.7928383350372314,0.0739961639046669,1.6286653298755118,1.0,10,50
B_sens_al_score,509,190,1.7928383350372314,0.0739961639046669,1.6317609442991035,1.0,11,50
B_sens_al_score,509,191,1.7928383350372314,0.0739961639046669,1.6504249994082842,1.0,12,50
B_sens_al_score,509,192,1.7928383350372314,0.0739961639046669,1.6508097471378596,1.0,13,50
B_sens_al_score,509,193,1.7928383350372314,0.0739961639046669,1.6277889088009685,1.0,14,50
B_sens_al_score,509,194,1.7928383350372314,0.0739961639046669,1.627522947674493,1.0,15,50
B_sens_al_score,509,195,1.7928383350372314,0.0739961639046669,1.6499572783947813,1.0,16,50
B_sens_al_score,509,196,1.7928383350372314,0.0739961639046669,1.641553477664229,1.0,17,50
B_sens_al_score,509,197,1.7928383350372314,0.0739961639046669,1.630414995994607,1.0,18,50
B_sens_al_score,509,198,1.7928383350372314,0.0739961639046669,1.6170473378341215,1.0,19,50
B_sens_al_score,509,199,1.7928383350372314,0.0739961639046669,1.6294047346043081,1.0,0,50
B_sens_al_score,509,200,1.7928383350372314,0.0739961639046669,1.6064552349386945,1.0,1,50
B_sens_al_score,509,201,1.7928383350372314,0.0739961639046669,1.599226971600193,1.0,2,50
B_sens_al_score,509,202,1.7928383350372314,0.0739961639046669,1.5874467534167094,1.0,3,50
B_sens_al_score,509,203,1.7928383350372314,0.0739961639046669,1.6098062675900642,1.0,4,50
B_sens_al_score,509,204,1.7928383350372314,0.0739961639046669,1.5955952916921514,1.0,5,50
B_sens_al_score,509,205,1.7928383350372314,0.0739961639046669,1.5951981983159642,1.0,6,50
B_sens_al_score,509,206,1.7928383350372314,0.0739961639046669,1.582704137172513,1.0,7,50
B_sens_al_score,509,207,1.7928383350372314,0.0739961639046669,1.5740882794721813,1.0,8,50
B_sens_al_score,509,208,1.7928383350372314,0.0739961639046669,1.5463506771294857,1.0,9,50
B_sens_al_score,509,209,1.7928383350372314,0.0739961639046669,1.533344362362581,1.0,10,50
B_sens_al_score,509,210,1.7928383350372314,0.0739961639046669,1.553416936067723,1.0,11,50
B_sens_al_score,509,211,1.7928383350372314,0.0739961639046669,1.5644879643487966,1.0,12,50
B_sens_al_score,509,212,1.7928383350372314,0.0739961639046669,1.592188264753793,1.0,13,50
B_sens_al_score,509,213,1.7928383350372314,0.0739961639046669,1.5946338006109848,1.0,14,50
B_sens_al_score,509,214,1.7928383350372314,0.0739961639046669,1.611363171279739,1.0,15,50
B_sens_al_score,509,215,1.7928383350372314,0.0739961639046669,1.5865453520732233,1.0,16,50
B_sens_al_score,509,216,1.7928383350372314,0.0739961639046669,1.5709387706236988,1.0,17,50
B_sens_al_score,509,217,1.7928383350372314,0.0739961639046669,1.5664084171753385,1.0,18,50
B_sens_al_score,509,218,1.7928383350372314,0.0739961639046669,1.571834386003884,1.0,19,50
B_sens_al_score,509,219,1.7928383350372314,0.0739961639046669,1.6103063946651366,1.0,0,50
B_sens_al_score,509,220,1.7928383350372314,0.0739961639046669,1.5633590985504588,1.0,1,50
B_sens_al_score,509,221,1.7928383350372314,0.0739961639046669,1.554155181653409,1.0,2,50
B_sens_al_score,509,222,1.7928383350372314,0.0739961639046669,1.5879307308627644,1.0,3,50
B_sens_al_score,509,223,1.7928383350372314,0.0739961639046669,1.5810182604544756,1.0,4,50
B_sens_al_score,509,224,1.7928383350372314,0.0739961639046669,1.5506888034494564,1.0,5,50
B_sens_al_score,509,225,1.7928383350372314,0.0739961639046669,1.5633877399582288,1.0,6,50
B_sens_al_score,509,226,1.7928383350372314,0.0739961639046669,1.5506046389070194,1.0,7,50
B_sens_al_score,509,227,1.7928383350372314,0.0739961639046669,1.564501363204641,1.0,8,50
B_sens_al_score,509,228,1.7928383350372314,0.0739961639046669,1.550579218826957,1.0,9,50
B_sens_al_score,509,229,1.7928383350372314,0.0739961639046669,1.536930584746054,1.0,10,50
B_sens_al_score,509,230,1.7928383350372314,0.0739961639046669,1.5453109500052826,1.0,11,50
B_sens_al_score,509,231,1.7928383350372314,0.0739961639046669,1.5464261952771803,1.0,12,50
B_sens_al_score,509,232,1.7928383350372314,0.0739961639046669,1.5561523599414018,1.0,13,50
B_sens_al_score,509,233,1.7928383350372314,0.0739961639046669,1.5577525494080566,1.0,14,50
B_sens_al_score,509,234,1.7928383350372314,0.0739961639046669,1.5644889316983346,1.0,15,50
B_sens_al_score,509,235,1.7928383350372314,0.0739961639046669,1.559576328930883,1.0,16,50
B_sens_al_score,509,236,1.7928383350372314,0.0739961639046669,1.5643231578327972,1.0,17,50
B_sens_al_score,509,237,1.7928383350372314,0.0739961639046669,1.527681027457997,1.0,18,50
B_sens_al_score,509,238,1.7928383350372314,0.0739961639046669,1.5179208618685491,1.0,19,50
B_sens_al_score,509,239,1.7928383350372314,0.0739961639046669,1.530952018726329,1.0,0,50
B_sens_al_score,509,240,1.7928383350372314,0.0739961639046669,1.5226444503455125,1.0,1,50
B_sens_al_score,509,241,1.7928383350372314,0.0739961639046669,1.5327097895356598,1.0,2,50
B_sens_al_score,509,242,1.7928383350372314,0.0739961639046669,1.5422247578275128,1.0,3,50
B_sens_al_score,509,243,1.7928383350372314,0.0739961639046669,1.5422282413250394,1.0,4,50
B_sens_al_score,509,244,1.7928383350372314,0.0739961639046669,1.5548275707475954,1.0,5,50
B_sens_al_score,509,245,1.7928383350372314,0.0739961639046669,1.527161318670053,1.0,6,50
B_sens_al_score,509,246,1.7928383350372314,0.0739961639046669,1.5295634314423543,1.0,7,50
B_sens_al_score,509,247,1.7928383350372314,0.0739961639046669,1.5168239556622487,1.0,8,50
B_sens_al_score,509,248,1.7928383350372314,0.0739961639046669,1.4879744962139458,1.0,9,50
B_sens_al_score,509,249,1.7928383350372314,0.0739961639046669,1.462104089716877,1.0,10,50
B_sens_al_score,509,250,1.7928383350372314,0.0739961639046669,1.43688771687929,1.0,11,50
B_sens_al_score,1023,1,1.9337835311889648,0.0675339475274086,1.7354374286427523,1.0,1,20
B_sens_al_score,1023,2,1.8930343389511108,0.057709500193595886,1.7178094268142303,1.0,0,44
B_sens_al_score,1023,3,1.8930343389511108,0.057709500193595886,1.7085002694845188,1.0,1,50
B_sens_al_score,1023,4,1.8930343389511108,0.057709500193595886,1.6861036120168547,1.0,2,50
B_sens_al_score,1023,5,1.8930343389511108,0.057709500193595886,1.6983821963668175,1.0,3,50
B_sens_al_score,1023,6,1.8838595151901245,0.05803823098540306,1.6979919049352716,1.0,0,50
B_sens_al_score,1023,7,1.8838595151901245,0.05803823098540306,1.679142214945033,1.0,1,50
B_sens_al_score,1023,8,1.8838595151901245,0.05803823098540306,1.695976573885829,1.0,2,50
B_sens_al_score,1023,9,1.8838595151901245,0.05803823098540306,1.708541441689347,1.0,3,50
B_sens_al_score,1023,10,1.8838595151901245,0.05803823098540306,1.7108460809732935,1.0,4,50
B_sens_al_score,1023,11,1.8838595151901245,0.05803823098540306,1.7200118582788146,1.0,5,50
B_sens_al_score,1023,12,1.8691684007644653,0.05764706805348396,1.7358439169554079,1.0,0,50
B_sens_al_score,1023,13,1.8691684007644653,0.05764706805348396,1.7061138540680136,1.0,1,50
B_sens_al_score,1023,14,1.8691684007644653,0.05764706805348396,1.700462418927126,1.0,2,50
B_sens_al_score,1023,15,1.8691684007644653,0.05764706805348396,1.677784916219279,1.0,3,50
B_sens_al_score,1023,16,1.8691684007644653,0.05764706805348396,1.7123953543211867,1.0,4,50
B_sens_al_score,1023,17,1.7929255962371826,0.06798848509788513,1.6904466585518017,1.0,0,50
B_sens_al_score,1023,18,1.7929255962371826,0.06798848509788513,1.6971966318666964,1.0,1,50
B_sens_al_score,1023,19,1.7929255962371826,0.06798848509788513,1.712811850245802,1.0,2,50
B_sens_al_score,1023,20,1.7929255962371826,0.06798848509788513,1.7093519123615322,1.0,3,50
B_sens_al_score,1023,21,1.7929255962371826,0.06798848509788513,1.6959925634153745,1.0,4,50
B_sens_al_score,1023,22,1.7929255962371826,0.06798848509788513,1.719568673819528,1.0,5,50
B_sens_al_score,1023,23,1.7929255962371826,0.06798848509788513,1.717605971831144,1.0,6,50
B_sens_al_score,1023,24,1.7929255962371826,0.06798848509788513,1.7048726704983534,1.0,7,50
B_sens_al_score,1023,25,1.7929255962371826,0.06798848509788513,1.7204533917724583,1.0,8,50
B_sens_al_score,1023,26,1.7929255962371826,0.06798848509788513,1.7336695230320431,1.0,9,50
B_sens_al_score,1023,27,1.7929255962371826,0.06798848509788513,1.7198080505442985,1.0,10,50
B_sens_al_score,1023,28,1.7929255962371826,0.06798848509788513,1.675744292093873,1.0,11,50
B_sens_al_score,1023,29,1.7929255962371826,0.06798848509788513,1.68892053241418,1.0,12,50
B_sens_al_score,1023,30,1.7929255962371826,0.06798848509788513,1.6832938358233631,1.0,13,50
B_sens_al_score,1023,31,1.7929255962371826,0.06798848509788513,1.6907246799226023,1.0,14,50
B_sens_al_score,1023,32,1.7929255962371826,0.06798848509788513,1.7046931305903537,1.0,15,50
B_sens_al_score,1023,33,1.7929255962371826,0.06798848509788513,1.664196071940656,1.0,16,50
B_sens_al_score,1023,34,1.7929255962371826,0.06798848509788513,1.6567284627364072,1.0,17,50
B_sens_al_score,1023,35,1.7929255962371826,0.06798848509788513,1.6864562246072234,1.0,18,50
B_sens_al_score,1023,36,1.7929255962371826,0.06798848509788513,1.6737517704733291,1.0,19,50
B_sens_al_score,1023,37,1.7929255962371826,0.06798848509788513,1.681521907450917,1.0,0,50
B_sens_al_score,1023,38,1.7929255962371826,0.06798848509788513,1.6907424933239918,1.0,1,50
B_sens_al_score,1023,39,1.7929255962371826,0.06798848509788513,1.7045933179512782,1.0,2,50
B_sens_al_score,1023,40,1.7929255962371826,0.06798848509788513,1.7151961044834103,1.0,3,50
B_sens_al_score,1023,41,1.7929255962371826,0.06798848509788513,1.6990755301228477,1.0,4,50
B_sens_al_score,1023,42,1.7929255962371826,0.06798848509788513,1.6957853625204617,1.0,5,50
B_sens_al_score,1023,43,1.7929255962371826,0.06798848509788513,1.6966952191035185,1.0,6,50
B_sens_al_score,1023,44,1.7929255962371826,0.06798848509788513,1.673162902426754,1.0,7,50
B_sens_al_score,1023,45,1.7929255962371826,0.06798848509788513,1.6843993094869643,1.0,8,50
B_sens_al_score,1023,46,1.7929255962371826,0.06798848509788513,1.7101364711890574,1.0,9,50
B_sens_al_score,1023,47,1.7929255962371826,0.06798848509788513,1.6895820816613167,1.0,10,50
B_sens_al_score,1023,48,1.7929255962371826,0.06798848509788513,1.6991796647886739,1.0,11,50
B_sens_al_score,1023,49,1.7929255962371826,0.06798848509788513,1.6864674195097573,1.0,12,50
B_sens_al_score,1023,50,1.7929255962371826,0.06798848509788513,1.6868349975089316,1.0,13,50
B_sens_al_score,1023,51,1.7929255962371826,0.06798848509788513,1.696022310097892,1.0,14,50
B_sens_al_score,1023,52,1.7929255962371826,0.06798848509788513,1.7067510106680484,1.0,15,50
B_sens_al_score,1023,53,1.7929255962371826,0.06798848509788513,1.7137073326735979,1.0,16,50
B_sens_al_score,1023,54,1.7929255962371826,0.06798848509788513,1.6925401445935764,1.0,17,50
B_sens_al_score,1023,55,1.7929255962371826,0.06798848509788513,1.6920075902112834,1.0,18,50
B_sens_al_score,1023,56,1.7929255962371826,0.06798848509788513,1.7064888893962022,1.0,19,50
B_sens_al_score,1023,57,1.7929255962371826,0.06798848509788513,1.7059799380819582,1.0,0,50
B_sens_al_score,1023,58,1.7929255962371826,0.06798848509788513,1.6957857824280933,1.0,1,50
B_sens_al_score,1023,59,1.7929255962371826,0.06798848509788513,1.7121278039002337,1.0,2,50
B_sens_al_score,1023,60,1.7929255962371826,0.06798848509788513,1.707639897057228,1.0,3,50
B_sens_al_score,1023,61,1.7929255962371826,0.06798848509788513,1.7085465444804913,1.0,4,50
B_sens_al_score,1023,62,1.7929255962371826,0.06798848509788513,1.716799266196251,1.0,5,50
B_sens_al_score,1023,63,1.7929255962371826,0.06798848509788513,1.6936730467724337,1.0,6,50
B_sens_al_score,1023,64,1.7929255962371826,0.06798848509788513,1.6698705698990945,1.0,7,50
B_sens_al_score,1023,65,1.7929255962371826,0.06798848509788513,1.6737729340761243,1.0,8,50
B_sens_al_score,1023,66,1.7929255962371826,0.06798848509788513,1.6718607298334454,1.0,9,50
B_sens_al_score,1023,67,1.7929255962371826,0.06798848509788513,1.6769148089492687,1.0,10,50
B_sens_al_score,1023,68,1.7929255962371826,0.06798848509788513,1.6703809654649997,1.0,11,50
B_sens_al_score,1023,69,1.7929255962371826,0.06798848509788513,1.6693234467143625,1.0,12,50
B_sens_al_score,1023,70,1.7929255962371826,0.06798848509788513,1.6735993653709922,1.0,13,50
B_sens_al_score,1023,71,1.7929255962371826,0.06798848509788513,1.6819484824022615,1.0,14,50
B_sens_al_score,1023,72,1.7929255962371826,0.06798848509788513,1.6968973269689986,1.0,15,50
B_sens_al_score,1023,73,1.7929255962371826,0.06798848509788513,1.7047203153543133,1.0,16,50
B_sens_al_score,1023,74,1.7929255962371826,0.06798848509788513,1.69150221145416,1.0,17,50
B_sens_al_score,1023,75,1.7929255962371826,0.06798848509788513,1.6754779021876083,1.0,18,50
B_sens_al_score,1023,76,1.7929255962371826,0.06798848509788513,1.6856205972869032,1.0,19,50
B_sens_al_score,1023,77,1.7929255962371826,0.06798848509788513,1.6781501432765389,1.0,0,50
B_sens_al_score,1023,78,1.7929255962371826,0.06798848509788513,1.6818600802172008,1.0,1,50
B_sens_al_score,1023,79,1.7929255962371826,0.06798848509788513,1.6640319532582137,1.0,2,50
B_sens_al_score,1023,80,1.7929255962371826,0.06798848509788513,1.6791967643520789,1.0,3,50
B_sens_al_score,1023,81,1.7929255962371826,0.06798848509788513,1.6853284689285914,1.0,4,50
B_sens_al_score,1023,82,1.7929255962371826,0.06798848509788513,1.692840997031991,1.0,5,50
B_sens_al_score,1023,83,1.7929255962371826,0.06798848509788513,1.7194814241323428,1.0,6,50
B_sens_al_score,1023,84,1.7929255962371826,0.06798848509788513,1.7027892515256084,1.0,7,50
B_sens_al_score,1023,85,1.7929255962371826,0.06798848509788513,1.6907011400682868,1.0,8,50
B_sens_al_score,1023,86,1.7929255962371826,0.06798848509788513,1.6992107353018207,1.0,9,50
B_sens_al_score,1023,87,1.7929255962371826,0.06798848509788513,1.711894932460592,1.0,10,50
B_sens_al_score,1023,88,1.7929255962371826,0.06798848509788513,1.7000027082906652,1.0,11,50
B_sens_al_score,1023,89,1.7929255962371826,0.06798848509788513,1.7116400312350224,1.0,12,50
B_sens_al_score,1023,90,1.7929255962371826,0.06798848509788513,1.7109518006126356,1.0,13,50
B_sens_al_score,1023,91,1.7929255962371826,0.06798848509788513,1.7096281394325792,1.0,14,50
B_sens_al_score,1023,92,1.7929255962371826,0.06798848509788513,1.6981511889774399,1.0,15,50
B_sens_al_score,1023,93,1.7929255962371826,0.06798848509788513,1.6987056114625534,1.0,16,50
B_sens_al_score,1023,94,1.7929255962371826,0.06798848509788513,1.6826261436168086,1.0,17,50
B_sens_al_score,1023,95,1.7929255962371826,0.06798848509788513,1.6767168194131234,1.0,18,50
B_sens_al_score,1023,96,1.7929255962371826,0.06798848509788513,1.708934529367725,1.0,19,50
B_sens_al_score,1023,97,1.7929255962371826,0.06798848509788513,1.7162441676477578,1.0,0,50
B_sens_al_score,1023,98,1.7929255962371826,0.06798848509788513,1.7023136464824682,1.0,1,50
B_sens_al_score,1023,99,1.7929255962371826,0.06798848509788513,1.7035165664485226,1.0,2,50
B_sens_al_score,1023,100,1.7929255962371826,0.06798848509788513,1.6708810717924596,1.0,3,50
B_sens_al_score,1023,101,1.7929255962371826,0.06798848509788513,1.6634751701223347,1.0,4,50
B_sens_al_score,1023,102,1.7929255962371826,0.06798848509788513,1.6777507514134784,1.0,5,50
B_sens_al_score,1023,103,1.7929255962371826,0.06798848509788513,1.6957986405941106,1.0,6,50
B_sens_al_score,1023,104,1.7929255962371826,0.06798848509788513,1.6702716660804364,1.0,7,50
B_sens_al_score,1023,105,1.7929255962371826,0.06798848509788513,1.6723708162393227,1.0,8,50
B_sens_al_score,1023,106,1.7929255962371826,0.06798848509788513,1.6666600483794527,1.0,9,50
B_sens_al_score,1023,107,1.7929255962371826,0.06798848509788513,1.6434826920066619,1.0,10,50
B_sens_al_score,1023,108,1.7929255962371826,0.06798848509788513,1.6745270724489445,1.0,11,50
B_sens_al_score,1023,109,1.7929255962371826,0.06798848509788513,1.6610071771923,1.0,12,50
B_sens_al_score,1023,110,1.7929255962371826,0.06798848509788513,1.6915645650168782,1.0,13,50
B_sens_al_score,1023,111,1.7929255962371826,0.06798848509788513,1.6960512571428454,1.0,14,50
B_sens_al_score,1023,112,1.7929255962371826,0.06798848509788513,1.6945621546759813,1.0,15,50
B_sens_al_score,1023,113,1.7929255962371826,0.06798848509788513,1.6981148666114758,1.0,16,50
B_sens_al_score,1023,114,1.7929255962371826,0.06798848509788513,1.6955962702571308,1.0,17,50
B_sens_al_score,1023,115,1.7929255962371826,0.06798848509788513,1.6812802212448055,1.0,18,50
B_sens_al_score,1023,116,1.7929255962371826,0.06798848509788513,1.669055032469155,1.0,19,50
B_sens_al_score,1023,117,1.7929255962371826,0.06798848509788513,1.726547853555932,1.0,0,50
B_sens_al_score,1023,118,1.7929255962371826,0.06798848509788513,1.7130998085449802,1.0,1,50
B_sens_al_score,1023,119,1.7929255962371826,0.06798848509788513,1.701873139542468,1.0,2,50
B_sens_al_score,1023,120,1.7929255962371826,0.06798848509788513,1.6868244203099534,1.0,3,50
B_sens_al_score,1023,121,1.7929255962371826,0.06798848509788513,1.6730542814990201,1.0,4,50
B_sens_al_score,1023,122,1.7929255962371826,0.06798848509788513,1.6572404895783024,1.0,5,50
B_sens_al_score,1023,123,1.7929255962371826,0.06798848509788513,1.6347464601240902,1.0,6,50
B_sens_al_score,1023,124,1.7929255962371826,0.06798848509788513,1.6191628896665144,1.0,7,50
B_sens_al_score,1023,125,1.7929255962371826,0.06798848509788513,1.6376664275587212,1.0,8,50
B_sens_al_score,1023,126,1.7929255962371826,0.06798848509788513,1.6165539945841725,1.0,9,50
B_sens_al_score,1023,127,1.7929255962371826,0.06798848509788513,1.611265427391876,1.0,10,50
B_sens_al_score,1023,128,1.7929255962371826,0.06798848509788513,1.630535832607614,1.0,11,50
B_sens_al_score,1023,129,1.7929255962371826,0.06798848509788513,1.6338022826891754,1.0,12,50
B_sens_al_score,1023,130,1.7929255962371826,0.06798848509788513,1.6398637600803223,1.0,13,50
B_sens_al_score,1023,131,1.7929255962371826,0.06798848509788513,1.6453714142249298,1.0,14,50
B_sens_al_score,1023,132,1.7929255962371826,0.06798848509788513,1.625392412586881,1.0,15,50
B_sens_al_score,1023,133,1.7929255962371826,0.06798848509788513,1.6417345920709152,1.0,16,50
B_sens_al_score,1023,134,1.7929255962371826,0.06798848509788513,1.6539761545956568,1.0,17,50
B_sens_al_score,1023,135,1.7929255962371826,0.06798848509788513,1.6730781034521403,1.0,18,50
B_sens_al_score,1023,136,1.7929255962371826,0.06798848509788513,1.6812794523490684,1.0,19,50
B_sens_al_score,1023,137,1.7929255962371826,0.06798848509788513,1.6885093697987414,1.0,0,50
B_sens_al_score,1023,138,1.7929255962371826,0.06798848509788513,1.6665290666358548,1.0,1,50
B_sens_al_score,1023,139,1.7929255962371826,0.06798848509788513,1.6610275219977475,1.0,2,50
B_sens_al_score,1023,140,1.7929255962371826,0.06798848509788513,1.6808229169813511,1.0,3,50
B_sens_al_score,1023,141,1.7929255962371826,0.06798848509788513,1.6834307499890533,1.0,4,50
B_sens_al_score,1023,142,1.7929255962371826,0.06798848509788513,1.6795508131012384,1.0,5,50
B_sens_al_score,1023,143,1.7929255962371826,0.06798848509788513,1.6864713517873184,1.0,6,50
B_sens_al_score,1023,144,1.7929255962371826,0.06798848509788513,1.6581364222329735,1.0,7,50
B_sens_al_score,1023,145,1.7929255962371826,0.06798848509788513,1.6613780676012344,1.0,8,50
B_sens_al_score,1023,146,1.7929255962371826,0.06798848509788513,1.650776224551453,1.0,9,50
B_sens_al_score,1023,147,1.7929255962371826,0.06798848509788513,1.6298546827466074,1.0,10,50
B_sens_al_score,1023,148,1.7929255962371826,0.06798848509788513,1.6112426796487775,1.0,11,50
B_sens_al_score,1023,149,1.7929255962371826,0.06798848509788513,1.620031466802117,1.0,12,50
B_sens_al_score,1023,150,1.7929255962371826,0.06798848509788513,1.6197144093196003,1.0,13,50
B_sens_al_score,1023,151,1.7929255962371826,0.06798848509788513,1.5924542311325163,1.0,14,50
B_sens_al_score,1023,152,1.7929255962371826,0.06798848509788513,1.6347794473113588,1.0,15,50
B_sens_al_score,1023,153,1.7929255962371826,0.06798848509788513,1.6619643153585812,1.0,16,50
B_sens_al_score,1023,154,1.7929255962371826,0.06798848509788513,1.6537715218562388,1.0,17,50
B_sens_al_score,1023,155,1.7929255962371826,0.06798848509788513,1.6434896312871317,1.0,18,50
B_sens_al_score,1023,156,1.7929255962371826,0.06798848509788513,1.6325738886264485,1.0,19,50
B_sens_al_score,1023,157,1.7929255962371826,0.06798848509788513,1.6712240199528867,1.0,0,50
B_sens_al_score,1023,158,1.7929255962371826,0.06798848509788513,1.6562578763528752,1.0,1,50
B_sens_al_score,1023,159,1.7929255962371826,0.06798848509788513,1.6572555427769302,1.0,2,50
B_sens_al_score,1023,160,1.7929255962371826,0.06798848509788513,1.6281538512988603,1.0,3,50
B_sens_al_score,1023,161,1.7929255962371826,0.06798848509788513,1.6265409671415554,1.0,4,50
B_sens_al_score,1023,162,1.7929255962371826,0.06798848509788513,1.6187945808926423,1.0,5,50
B_sens_al_score,1023,163,1.7929255962371826,0.06798848509788513,1.621423807806295,1.0,6,50
B_sens_al_score,1023,164,1.7929255962371826,0.06798848509788513,1.5995315537385972,1.0,7,50
B_sens_al_score,1023,165,1.7929255962371826,0.06798848509788513,1.600882095161427,1.0,8,50
B_sens_al_score,1023,166,1.7929255962371826,0.06798848509788513,1.6249127913981332,1.0,9,50
B_sens_al_score,1023,167,1.7929255962371826,0.06798848509788513,1.6225482886694023,1.0,10,50
B_sens_al_score,1023,168,1.7929255962371826,0.06798848509788513,1.6219725205870497,1.0,11,50
B_sens_al_score,1023,169,1.7929255962371826,0.06798848509788513,1.6161659335158836,1.0,12,50
B_sens_al_score,1023,170,1.7929255962371826,0.06798848509788513,1.589391274025353,1.0,13,50
B_sens_al_score,1023,171,1.7929255962371826,0.06798848509788513,1.609044416315233,1.0,14,50
B_sens_al_score,1023,172,1.7929255962371826,0.06798848509788513,1.6145145565615724,1.0,15,50
B_sens_al_score,1023,173,1.7929255962371826,0.06798848509788513,1.635773240030965,1.0,16,50
B_sens_al_score,1023,174,1.7929255962371826,0.06798848509788513,1.6130489892788726,1.0,17,50
B_sens_al_score,1023,175,1.7929255962371826,0.06798848509788513,1.6105335991855623,1.0,18,50
B_sens_al_score,1023,176,1.7929255962371826,0.06798848509788513,1.621308305588326,1.0,19,50
B_sens_al_score,1023,177,1.7929255962371826,0.06798848509788513,1.6606464331973718,1.0,0,50
B_sens_al_score,1023,178,1.7929255962371826,0.06798848509788513,1.6633363333014846,1.0,1,50
B_sens_al_score,1023,179,1.7929255962371826,0.06798848509788513,1.6525702855108808,1.0,2,50
B_sens_al_score,1023,180,1.7929255962371826,0.06798848509788513,1.6386157440288838,1.0,3,50
B_sens_al_score,1023,181,1.7929255962371826,0.06798848509788513,1.6508002917974456,1.0,4,50
B_sens_al_score,1023,182,1.7929255962371826,0.06798848509788513,1.6271389026445249,1.0,5,50
B_sens_al_score,1023,183,1.7929255962371826,0.06798848509788513,1.6203437024405323,1.0,6,50
B_sens_al_score,1023,184,1.7929255962371826,0.06798848509788513,1.6063053399926566,1.0,7,50
B_sens_al_score,1023,185,1.7929255962371826,0.06798848509788513,1.5789263036358248,1.0,8,50
B_sens_al_score,1023,186,1.7929255962371826,0.06798848509788513,1.5699369080115055,1.0,9,50
B_sens_al_score,1023,187,1.7929255962371826,0.06798848509788513,1.5624837843715786,1.0,10,50
B_sens_al_score,1023,188,1.7929255962371826,0.06798848509788513,1.5563625871074438,1.0,11,50
B_sens_al_score,1023,189,1.7929255962371826,0.06798848509788513,1.6128815017463958,1.0,12,50
B_sens_al_score,1023,190,1.7929255962371826,0.06798848509788513,1.6004354916589119,1.0,13,50
B_sens_al_score,1023,191,1.7929255962371826,0.06798848509788513,1.5908212933402825,1.0,14,50
B_sens_al_score,1023,192,1.7929255962371826,0.06798848509788513,1.5666523022892316,1.0,15,50
B_sens_al_score,1023,193,1.7929255962371826,0.06798848509788513,1.5646115065684953,1.0,16,50
B_sens_al_score,1023,194,1.7929255962371826,0.06798848509788513,1.5685608854830566,1.0,17,50
B_sens_al_score,1023,195,1.7929255962371826,0.06798848509788513,1.5647100579741129,1.0,18,50
B_sens_al_score,1023,196,1.7929255962371826,0.06798848509788513,1.559293243868292,1.0,19,50
B_sens_al_score,1023,197,1.7929255962371826,0.06798848509788513,1.599631318367671,1.0,0,50
B_sens_al_score,1023,198,1.7929255962371826,0.06798848509788513,1.5621997159978542,1.0,1,50
B_sens_al_score,1023,199,1.7929255962371826,0.06798848509788513,1.562445181556865,1.0,2,50
B_sens_al_score,1023,200,1.7929255962371826,0.06798848509788513,1.5924709684430296,1.0,3,50
B_sens_al_score,1023,201,1.7929255962371826,0.06798848509788513,1.5345861017167477,1.0,4,50
B_sens_al_score,1023,202,1.7929255962371826,0.06798848509788513,1.5440222673118655,1.0,5,50
B_sens_al_score,1023,203,1.7929255962371826,0.06798848509788513,1.5179726292902553,1.0,6,50
B_sens_al_score,1023,204,1.7929255962371826,0.06798848509788513,1.4988815549896493,1.0,7,50
B_sens_al_score,1023,205,1.7929255962371826,0.06798848509788513,1.5209495101157497,1.0,8,50
B_sens_al_score,1023,206,1.7929255962371826,0.06798848509788513,1.5324642965579522,1.0,9,50
B_sens_al_score,1023,207,1.7929255962371826,0.06798848509788513,1.5365483483099516,1.0,10,50
B_sens_al_score,1023,208,1.7929255962371826,0.06798848509788513,1.5104519595279036,1.0,11,50
B_sens_al_score,1023,209,1.7929255962371826,0.06798848509788513,1.512351373624629,1.0,12,50
B_sens_al_score,1023,210,1.7929255962371826,0.06798848509788513,1.511697592450757,1.0,13,50
B_sens_al_score,1023,211,1.7929255962371826,0.06798848509788513,1.5230264300649607,1.0,14,50
B_sens_al_score,1023,212,1.7929255962371826,0.06798848509788513,1.5064988321812305,1.0,15,50
B_sens_al_score,1023,213,1.7929255962371826,0.06798848509788513,1.539030546257786,1.0,16,50
B_sens_al_score,1023,214,1.7929255962371826,0.06798848509788513,1.5431478036787787,1.0,17,50
B_sens_al_score,1023,215,1.7929255962371826,0.06798848509788513,1.5314274183361136,1.0,18,50
B_sens_al_score,1023,216,1.7929255962371826,0.06798848509788513,1.5449404826132218,1.0,19,50
B_sens_al_score,1023,217,1.7929255962371826,0.06798848509788513,1.6015839233395395,1.0,0,50
B_sens_al_score,1023,218,1.7929255962371826,0.06798848509788513,1.5797447764616894,1.0,1,50
B_sens_al_score,1023,219,1.7929255962371826,0.06798848509788513,1.5694972765419737,1.0,2,50
B_sens_al_score,1023,220,1.7929255962371826,0.06798848509788513,1.553800551504845,1.0,3,50
B_sens_al_score,1023,221,1.7929255962371826,0.06798848509788513,1.5411890064874911,1.0,4,50
B_sens_al_score,1023,222,1.7929255962371826,0.06798848509788513,1.540015760973591,1.0,5,50
B_sens_al_score,1023,223,1.7929255962371826,0.06798848509788513,1.524795167132649,1.0,6,50
B_sens_al_score,1023,224,1.7929255962371826,0.06798848509788513,1.519379451996801,1.0,7,50
B_sens_al_score,1023,225,1.7929255962371826,0.06798848509788513,1.5017491039324866,1.0,8,50
B_sens_al_score,1023,226,1.7929255962371826,0.06798848509788513,1.495060599687521,1.0,9,50
B_sens_al_score,1023,227,1.7929255962371826,0.06798848509788513,1.5076803876115425,1.0,10,50
B_sens_al_score,1023,228,1.7929255962371826,0.06798848509788513,1.536368041342117,1.0,11,50
B_sens_al_score,1023,229,1.7929255962371826,0.06798848509788513,1.551863166110008,1.0,12,50
B_sens_al_score,1023,230,1.7929255962371826,0.06798848509788513,1.5493294945850278,1.0,13,50
B_sens_al_score,1023,231,1.7929255962371826,0.06798848509788513,1.5159564502650633,1.0,14,50
B_sens_al_score,1023,232,1.7929255962371826,0.06798848509788513,1.5162927713457175,1.0,15,50
B_sens_al_score,1023,233,1.7929255962371826,0.06798848509788513,1.5200283979912483,1.0,16,50
B_sens_al_score,1023,234,1.7929255962371826,0.06798848509788513,1.5344453769739506,1.0,17,50
B_sens_al_score,1023,235,1.7929255962371826,0.06798848509788513,1.5400583125610625,1.0,18,50
B_sens_al_score,1023,236,1.7929255962371826,0.06798848509788513,1.5419009129382388,1.0,19,50
B_sens_al_score,1023,237,1.7929255962371826,0.06798848509788513,1.5929729696140402,1.0,0,50
B_sens_al_score,1023,238,1.7929255962371826,0.06798848509788513,1.5885357101789108,1.0,1,50
B_sens_al_score,1023,239,1.7929255962371826,0.06798848509788513,1.5922680348479292,1.0,2,50
B_sens_al_score,1023,240,1.7929255962371826,0.06798848509788513,1.588078925862647,1.0,3,50
B_sens_al_score,1023,241,1.7929255962371826,0.06798848509788513,1.5635859000255026,1.0,4,50
B_sens_al_score,1023,242,1.7929255962371826,0.06798848509788513,1.5615051004555243,1.0,5,50
B_sens_al_score,1023,243,1.7929255962371826,0.06798848509788513,1.5469314442877133,1.0,6,50
B_sens_al_score,1023,244,1.7929255962371826,0.06798848509788513,1.5258785684101026,1.0,7,50
B_sens_al_score,1023,245,1.7929255962371826,0.06798848509788513,1.5298275573573927,1.0,8,50
B_sens_al_score,1023,246,1.7929255962371826,0.06798848509788513,1.5371271410392005,1.0,9,50
B_sens_al_score,1023,247,1.7929255962371826,0.06798848509788513,1.5056011180269113,1.0,10,50
B_sens_al_score,1023,248,1.7929255962371826,0.06798848509788513,1.517228557661714,1.0,11,50
B_sens_al_score,1023,249,1.7929255962371826,0.06798848509788513,1.5116738251057074,1.0,12,50
B_sens_al_score,1023,250,1.7929255962371826,0.06798848509788513,1.505556957959297,1.0,13,50
