arm,seed,gen,best_ppf,sigma,best_fitness,h_sens_pop,div,stag,n_al
A_baseline,42,1,1.8583751916885376,0.061274800449609756,,1.718658390426175,1.0,1,18
A_baseline,42,2,1.8583751916885376,0.061274800449609756,,1.667806176480219,1.0,2,36
A_baseline,42,3,1.8583751916885376,0.061274800449609756,,1.6477796934161912,1.0,3,50
A_baseline,42,4,1.8583751916885376,0.061274800449609756,,1.6234763076816598,1.0,4,50
A_baseline,42,5,1.8583751916885376,0.061274800449609756,,1.6389512672321604,1.0,5,50
A_baseline,42,6,1.8583751916885376,0.061274800449609756,,1.659869298563418,1.0,6,50
A_baseline,42,7,1.8583751916885376,0.061274800449609756,,1.6750708458509862,1.0,7,50
A_baseline,42,8,1.8583751916885376,0.061274800449609756,,1.6762526956164008,1.0,8,50
A_baseline,42,9,1.8583751916885376,0.061274800449609756,,1.6819265889074901,1.0,9,50
A_baseline,42,10,1.8583751916885376,0.061274800449609756,,1.6423222530356945,1.0,10,50
A_baseline,42,11,1.8583751916885376,0.061274800449609756,,1.6664377623576259,1.0,11,50
A_baseline,42,12,1.8583751916885376,0.061274800449609756,,1.6406284273930523,1.0,12,50
A_baseline,42,13,1.8583751916885376,0.061274800449609756,,1.6509598996984942,1.0,13,50
A_baseline,42,14,1.8583751916885376,0.061274800449609756,,1.6700844065977776,1.0,14,50
A_baseline,42,15,1.8583751916885376,0.061274800449609756,,1.6913436780682565,1.0,15,50
A_baseline,42,16,1.8583751916885376,0.061274800449609756,,1.711790128298507,1.0,16,50
A_baseline,42,17,1.8583751916885376,0.061274800449609756,,1.7140378991704057,1.0,17,50
A_baseline,42,18,1.8583751916885376,0.061274800449609756,,1.6546848337238105,1.0,18,50
A_baseline,42,19,1.8583751916885376,0.061274800449609756,,1.6910641280684928,1.0,19,50
A_baseline,42,20,1.8583751916885376,0.061274800449609756,,1.683435766015543,1.0,0,50
A_baseline,42,21,1.8583751916885376,0.061274800449609756,,1.6747545609442274,1.0,1,50
A_baseline,42,22,1.8583751916885376,0.061274800449609756,,1.6528882215742138,1.0,2,50
A_baseline,42,23,1.8583751916885376,0.061274800449609756,,1.6634003055764461,1.0,3,50
A_baseline,42,24,1.8583751916885376,0.061274800449609756,,1.6523381976568543,1.0,4,50
A_baseline,42,25,1.8583751916885376,0.061274800449609756,,1.6559508873601958,1.0,5,50
A_baseline,42,26,1.8583751916885376,0.061274800449609756,,1.6590676033931289,1.0,6,50
A_baseline,42,27,1.8583751916885376,0.061274800449609756,,1.6736747485334866,1.0,7,50
A_baseline,42,28,1.8583751916885376,0.061274800449609756,,1.6657671876275941,1.0,8,50
A_baseline,42,29,1.8583751916885376,0.061274800449609756,,1.641087584107692,1.0,9,50
A_baseline,42,30,1.8583751916885376,0.061274800449609756,,1.6716774072648228,1.0,10,50
A_baseline,42,31,1.8583751916885376,0.061274800449609756,,1.6820768564002126,1.0,11,50
A_baseline,42,32,1.8583751916885376,0.061274800449609756,,1.6604843875040454,1.0,12,50
A_baseline,42,33,1.8583751916885376,0.061274800449609756,,1.660901649717165,1.0,13,50
A_baseline,42,34,1.8583751916885376,0.061274800449609756,,1.6674457273649295,1.0,14,50
A_baseline,42,35,1.8583751916885376,0.061274800449609756,,1.6534671696663459,1.0,15,50
A_baseline,42,36,1.8583751916885376,0.061274800449609756,,1.6554193807260582,1.0,16,50
A_baseline,42,37,1.8583751916885376,0.061274800449609756,,1.6041748683137822,1.0,17,50
A_baseline,42,38,1.8583751916885376,0.061274800449609756,,1.6206448332043746,1.0,18,50
A_baseline,42,39,1.8583751916885376,0.061274800449609756,,1.6597103963320945,1.0,19,50
A_baseline,42,40,1.8583751916885376,0.061274800449609756,,1.6855621984621905,1.0,0,50
A_baseline,42,41,1.8583751916885376,0.061274800449609756,,1.633417515701881,1.0,1,50
A_baseline,42,42,1.8583751916885376,0.061274800449609756,,1.641838213597344,1.0,2,50
A_baseline,42,43,1.848897933959961,0.04964352399110794,,1.636329304506872,1.0,0,50
A_baseline,42,44,1.848897933959961,0.04964352399110794,,1.63712906239904,1.0,1,50
A_baseline,42,45,1.848897933959961,0.04964352399110794,,1.6124483648194539,1.0,2,50
A_baseline,42,46,1.848897933959961,0.04964352399110794,,1.6235783591069985,1.0,3,50
A_baseline,42,47,1.848897933959961,0.04964352399110794,,1.65058740710246,1.0,4,50
A_baseline,42,48,1.848897933959961,0.04964352399110794,,1.639522610023031,1.0,5,50
A_baseline,42,49,1.848897933959961,0.04964352399110794,,1.6529098633403867,1.0,6,50
A_baseline,42,50,1.848897933959961,0.04964352399110794,,1.6710386387496163,1.0,7,50
A_baseline,42,51,1.848897933959961,0.04964352399110794,,1.6830043113621864,1.0,8,50
A_baseline,42,52,1.848897933959961,0.04964352399110794,,1.6375956571164823,1.0,9,50
A_baseline,42,53,1.848897933959961,0.04964352399110794,,1.6512621494971211,1.0,10,50
A_baseline,42,54,1.847588300704956,0.056825291365385056,,1.6686223049267326,1.0,0,50
A_baseline,42,55,1.847588300704956,0.056825291365385056,,1.6650703534991396,1.0,1,50
A_baseline,42,56,1.847588300704956,0.056825291365385056,,1.664956981644006,1.0,2,50
A_baseline,42,57,1.847588300704956,0.056825291365385056,,1.6609826207612175,1.0,3,50
A_baseline,42,58,1.847588300704956,0.056825291365385056,,1.664802860600589,1.0,4,50
A_baseline,42,59,1.847588300704956,0.056825291365385056,,1.6200719143855287,1.0,5,50
A_baseline,42,60,1.847588300704956,0.056825291365385056,,1.6385110702947634,1.0,6,50
A_baseline,42,61,1.847588300704956,0.056825291365385056,,1.6305868967653172,1.0,7,50
A_baseline,42,62,1.847588300704956,0.056825291365385056,,1.6556934957810665,1.0,8,50
A_baseline,42,63,1.847588300704956,0.056825291365385056,,1.598337600983763,1.0,9,50
A_baseline,42,64,1.847588300704956,0.056825291365385056,,1.6336675752148218,1.0,10,50
A_baseline,42,65,1.847588300704956,0.056825291365385056,,1.660412528599236,1.0,11,50
A_baseline,42,66,1.847588300704956,0.056825291365385056,,1.6268532433760636,1.0,12,50
A_baseline,42,67,1.847588300704956,0.056825291365385056,,1.6047815540063408,1.0,13,50
A_baseline,42,68,1.847588300704956,0.056825291365385056,,1.6471571475658564,1.0,14,50
A_baseline,42,69,1.847588300704956,0.056825291365385056,,1.6310351985910825,1.0,15,50
A_baseline,42,70,1.847588300704956,0.056825291365385056,,1.6485056912648783,1.0,16,50
A_baseline,42,71,1.847588300704956,0.056825291365385056,,1.624133701031826,1.0,17,50
A_baseline,42,72,1.847588300704956,0.056825291365385056,,1.6206492378841608,1.0,18,50
A_baseline,42,73,1.847588300704956,0.056825291365385056,,1.6783385609391408,1.0,19,50
A_baseline,42,74,1.847588300704956,0.056825291365385056,,1.6696688852117196,1.0,0,50
A_baseline,42,75,1.847588300704956,0.056825291365385056,,1.6453505678582636,1.0,1,50
A_baseline,42,76,1.847588300704956,0.056825291365385056,,1.5944309019989604,1.0,2,50
A_baseline,42,77,1.847588300704956,0.056825291365385056,,1.5625986486002552,1.0,3,50
A_baseline,42,78,1.847588300704956,0.056825291365385056,,1.5871241343505607,1.0,4,50
A_baseline,42,79,1.847588300704956,0.056825291365385056,,1.6047625062291,1.0,5,50
A_baseline,42,80,1.847588300704956,0.056825291365385056,,1.605239505004178,1.0,6,50
A_baseline,42,81,1.847588300704956,0.056825291365385056,,1.6172058427673734,1.0,7,50
A_baseline,42,82,1.847588300704956,0.056825291365385056,,1.6011370192193157,1.0,8,50
A_baseline,42,83,1.847588300704956,0.056825291365385056,,1.5964858348358717,1.0,9,50
A_baseline,42,84,1.847588300704956,0.056825291365385056,,1.5969666988402318,1.0,10,50
A_baseline,42,85,1.847588300704956,0.056825291365385056,,1.626063334384248,1.0,11,50
A_baseline,42,86,1.847588300704956,0.056825291365385056,,1.5935058333010117,1.0,12,50
A_baseline,42,87,1.847588300704956,0.056825291365385056,,1.5732440433458488,1.0,13,50
A_baseline,42,88,1.847588300704956,0.056825291365385056,,1.598595235926509,1.0,14,50
A_baseline,42,89,1.847588300704956,0.056825291365385056,,1.6059683572296357,1.0,15,50
A_baseline,42,90,1.847588300704956,0.056825291365385056,,1.588017531852513,1.0,16,50
A_baseline,42,91,1.847588300704956,0.056825291365385056,,1.565235186025541,1.0,17,50
A_baseline,42,92,1.847588300704956,0.056825291365385056,,1.5654972709794341,1.0,18,50
A_baseline,42,93,1.847588300704956,0.056825291365385056,,1.5749755950527518,1.0,19,50
A_baseline,42,94,1.847588300704956,0.056825291365385056,,1.622577717221371,1.0,0,50
A_baseline,42,95,1.847588300704956,0.056825291365385056,,1.6424788659669194,1.0,1,50
A_baseline,42,96,1.847588300704956,0.056825291365385056,,1.5816706667174418,1.0,2,50
A_baseline,42,97,1.847588300704956,0.056825291365385056,,1.552571993813272,1.0,3,50
A_baseline,42,98,1.847588300704956,0.056825291365385056,,1.5689576554673508,1.0,4,50
A_baseline,42,99,1.847588300704956,0.056825291365385056,,1.5511911547031998,1.0,5,50
A_baseline,42,100,1.847588300704956,0.056825291365385056,,1.5418698492476282,1.0,6,50
A_baseline,42,101,1.847588300704956,0.056825291365385056,,1.509870760071804,1.0,7,50
A_baseline,42,102,1.847588300704956,0.056825291365385056,,1.4795730051162337,1.0,8,50
A_baseline,42,103,1.847588300704956,0.056825291365385056,,1.5194361342654454,1.0,9,50
A_baseline,42,104,1.847588300704956,0.056825291365385056,,1.4731617583280527,1.0,10,50
A_baseline,42,105,1.847588300704956,0.056825291365385056,,1.4991273981802247,1.0,11,50
A_baseline,42,106,1.847588300704956,0.056825291365385056,,1.5113326985169417,1.0,12,50
A_baseline,42,107,1.847588300704956,0.056825291365385056,,1.5003219801352299,1.0,13,50
A_baseline,42,108,1.847588300704956,0.056825291365385056,,1.5028888264902478,1.0,14,50
A_baseline,42,109,1.847588300704956,0.056825291365385056,,1.4852859745436455,1.0,15,50
A_baseline,42,110,1.847588300704956,0.056825291365385056,,1.4922074567479728,1.0,16,50
A_baseline,42,111,1.847588300704956,0.056825291365385056,,1.4566162637982911,1.0,17,50
A_baseline,42,112,1.847588300704956,0.056825291365385056,,1.50907489979903,1.0,18,50
A_baseline,42,113,1.847588300704956,0.056825291365385056,,1.5190069244817006,1.0,19,50
A_baseline,42,114,1.847588300704956,0.056825291365385056,,1.549114752129472,1.0,0,50
A_baseline,42,115,1.847588300704956,0.056825291365385056,,1.541086575937935,1.0,1,50
A_baseline,42,116,1.847588300704956,0.056825291365385056,,1.5430847103453473,1.0,2,50
A_baseline,42,117,1.847588300704956,0.056825291365385056,,1.5213947497084905,1.0,3,50
A_baseline,42,118,1.847588300704956,0.056825291365385056,,1.505556891008235,1.0,4,50
A_baseline,42,119,1.847588300704956,0.056825291365385056,,1.4891642177910842,1.0,5,50
A_baseline,42,120,1.847588300704956,0.056825291365385056,,1.4884061143804697,1.0,6,50
A_baseline,42,121,1.847588300704956,0.056825291365385056,,1.4938985146864499,1.0,7,50
A_baseline,42,122,1.847588300704956,0.056825291365385056,,1.4640078193146617,1.0,8,50
A_baseline,42,123,1.847588300704956,0.056825291365385056,,1.4812415306072813,1.0,9,50
A_baseline,42,124,1.847588300704956,0.056825291365385056,,1.477846868390052,1.0,10,50
A_baseline,42,125,1.847588300704956,0.056825291365385056,,1.4834082427917652,1.0,11,50
A_baseline,42,126,1.847588300704956,0.056825291365385056,,1.5088260559995068,1.0,12,50
A_baseline,42,127,1.847588300704956,0.056825291365385056,,1.4395116276359077,1.0,13,50
A_baseline,42,128,1.847588300704956,0.056825291365385056,,1.4257893924425187,1.0,14,50
A_baseline,42,129,1.847588300704956,0.056825291365385056,,1.3575432793123003,1.0,15,50
A_baseline,42,130,1.847588300704956,0.056825291365385056,,1.3411878759914486,1.0,16,50
A_baseline,42,131,1.847588300704956,0.056825291365385056,,1.355885733440247,1.0,17,50
A_baseline,42,132,1.847588300704956,0.056825291365385056,,1.3661789318242843,1.0,18,50
A_baseline,42,133,1.847588300704956,0.056825291365385056,,1.4115101494456532,1.0,19,50
A_baseline,42,134,1.847588300704956,0.056825291365385056,,1.4649102435798869,1.0,0,50
A_baseline,42,135,1.847588300704956,0.056825291365385056,,1.493998513611815,1.0,1,50
A_baseline,42,136,1.847588300704956,0.056825291365385056,,1.4835529932234988,1.0,2,50
A_baseline,42,137,1.847588300704956,0.056825291365385056,,1.4344009241981877,1.0,3,50
A_baseline,42,138,1.847588300704956,0.056825291365385056,,1.396853811268114,1.0,4,50
A_baseline,42,139,1.847588300704956,0.056825291365385056,,1.4052298646359107,1.0,5,50
A_baseline,42,140,1.847588300704956,0.056825291365385056,,1.405100787362084,1.0,6,50
A_baseline,42,141,1.847588300704956,0.056825291365385056,,1.37417195217983,1.0,7,50
A_baseline,42,142,1.847588300704956,0.056825291365385056,,1.3888434344684342,1.0,8,50
A_baseline,42,143,1.847588300704956,0.056825291365385056,,1.3664806393452154,1.0,9,50
A_baseline,42,144,1.847588300704956,0.056825291365385056,,1.3423952581760752,1.0,10,50
A_baseline,42,145,1.847588300704956,0.056825291365385056,,1.340901105212957,1.0,11,50
A_baseline,42,146,1.847588300704956,0.056825291365385056,,1.307982362242829,1.0,12,50
A_baseline,42,147,1.847588300704956,0.056825291365385056,,1.2958585839954386,1.0,13,50
A_baseline,42,148,1.847588300704956,0.056825291365385056,,1.310454221629413,1.0,14,50
A_baseline,42,149,1.847588300704956,0.056825291365385056,,1.2763159801477397,1.0,15,50
A_baseline,42,150,1.847588300704956,0.056825291365385056,,1.2441229486709562,1.0,16,50
A_baseline,137,1,1.9456026554107666,0.04728320240974426,,1.6986961595053849,1.0,1,18
A_baseline,137,2,1.9171874523162842,0.06815093010663986,,1.693519910712289,1.0,0,36
A_baseline,137,3,1.9171874523162842,0.06815093010663986,,1.6882049642164727,1.0,1,50
A_baseline,137,4,1.9171874523162842,0.06815093010663986,,1.6600324013429713,1.0,2,50
A_baseline,137,5,1.9171874523162842,0.06815093010663986,,1.677581616753455,1.0,3,50
A_baseline,137,6,1.9171874523162842,0.06815093010663986,,1.631629754654405,1.0,4,50
A_baseline,137,7,1.8725335597991943,0.08152396976947784,,1.6557473660418853,1.0,0,50
A_baseline,137,8,1.8725335597991943,0.08152396976947784,,1.6545462788313088,1.0,1,50
A_baseline,137,9,1.8725335597991943,0.08152396976947784,,1.672149076656904,1.0,2,50
A_baseline,137,10,1.8725335597991943,0.08152396976947784,,1.6836935350735807,1.0,3,50
A_baseline,137,11,1.8609085083007812,0.04993422329425812,,1.6825998700639804,1.0,0,50
A_baseline,137,12,1.8609085083007812,0.04993422329425812,,1.6966944274018891,1.0,1,50
A_baseline,137,13,1.8609085083007812,0.04993422329425812,,1.684362996673879,1.0,2,50
A_baseline,137,14,1.8609085083007812,0.04993422329425812,,1.7114321807732784,1.0,3,50
A_baseline,137,15,1.8609085083007812,0.04993422329425812,,1.7247427013386565,1.0,4,50
A_baseline,137,16,1.8609085083007812,0.04993422329425812,,1.6481979405541751,1.0,5,50
A_baseline,137,17,1.8609085083007812,0.04993422329425812,,1.64907325403415,1.0,6,50
A_baseline,137,18,1.8441855907440186,0.0673370435833931,,1.7148848690693312,1.0,0,50
A_baseline,137,19,1.8441855907440186,0.0673370435833931,,1.687009651962629,1.0,1,50
A_baseline,137,20,1.8441855907440186,0.0673370435833931,,1.6770723997608776,1.0,2,50
A_baseline,137,21,1.8441855907440186,0.0673370435833931,,1.6949221304912943,1.0,3,50
A_baseline,137,22,1.8441855907440186,0.0673370435833931,,1.6937300858055524,1.0,4,50
A_baseline,137,23,1.8441855907440186,0.0673370435833931,,1.6940557795365314,1.0,5,50
A_baseline,137,24,1.8441855907440186,0.0673370435833931,,1.655590538857933,1.0,6,50
A_baseline,137,25,1.8441855907440186,0.0673370435833931,,1.657016060343055,1.0,7,50
A_baseline,137,26,1.8441855907440186,0.0673370435833931,,1.621684794261971,1.0,8,50
A_baseline,137,27,1.8441855907440186,0.0673370435833931,,1.630816082618439,1.0,9,50
A_baseline,137,28,1.8366308212280273,0.05633588507771492,,1.645217963377841,1.0,0,50
A_baseline,137,29,1.8366308212280273,0.05633588507771492,,1.6571886053531635,1.0,1,50
A_baseline,137,30,1.8366308212280273,0.05633588507771492,,1.6458954873712646,1.0,2,50
A_baseline,137,31,1.8366308212280273,0.05633588507771492,,1.6537571268251514,1.0,3,50
A_baseline,137,32,1.8366308212280273,0.05633588507771492,,1.6464055049948827,1.0,4,50
A_baseline,137,33,1.8366308212280273,0.05633588507771492,,1.6520985026310686,1.0,5,50
A_baseline,137,34,1.8366308212280273,0.05633588507771492,,1.6940355477979145,1.0,6,50
A_baseline,137,35,1.8366308212280273,0.05633588507771492,,1.69514853140748,1.0,7,50
A_baseline,137,36,1.8366308212280273,0.05633588507771492,,1.6702337688819826,1.0,8,50
A_baseline,137,37,1.8366308212280273,0.05633588507771492,,1.6634476465280308,1.0,9,50
A_baseline,137,38,1.8366308212280273,0.05633588507771492,,1.6427544341398288,1.0,10,50
A_baseline,137,39,1.8366308212280273,0.05633588507771492,,1.6404581240081517,1.0,11,50
A_baseline,137,40,1.8366308212280273,0.05633588507771492,,1.6195259652018719,1.0,12,50
A_baseline,137,41,1.8366308212280273,0.05633588507771492,,1.6454018390360567,1.0,13,50
A_baseline,137,42,1.8366308212280273,0.05633588507771492,,1.5836780938071102,1.0,14,50
A_baseline,137,43,1.8366308212280273,0.05633588507771492,,1.5913427472633976,1.0,15,50
A_baseline,137,44,1.8366308212280273,0.05633588507771492,,1.6203084483015069,1.0,16,50
A_baseline,137,45,1.8366308212280273,0.05633588507771492,,1.632257512390208,1.0,17,50
A_baseline,137,46,1.8366308212280273,0.05633588507771492,,1.6706238910204065,1.0,18,50
A_baseline,137,47,1.8366308212280273,0.05633588507771492,,1.6306251440253965,1.0,19,50
A_baseline,137,48,1.8366308212280273,0.05633588507771492,,1.619472460675005,1.0,0,50
A_baseline,137,49,1.8366308212280273,0.05633588507771492,,1.6329804719302623,1.0,1,50
A_baseline,137,50,1.8366308212280273,0.05633588507771492,,1.6252903129073695,1.0,2,50
A_baseline,137,51,1.8366308212280273,0.05633588507771492,,1.6222679306182999,1.0,3,50
A_baseline,137,52,1.8366308212280273,0.05633588507771492,,1.6087409597116995,1.0,4,50
A_baseline,137,53,1.8366308212280273,0.05633588507771492,,1.6030099782471405,1.0,5,50
A_baseline,137,54,1.8366308212280273,0.05633588507771492,,1.5939169152479067,1.0,6,50
A_baseline,137,55,1.8366308212280273,0.05633588507771492,,1.6140141232177483,1.0,7,50
A_baseline,137,56,1.8366308212280273,0.05633588507771492,,1.6158823311595756,1.0,8,50
A_baseline,137,57,1.8366308212280273,0.05633588507771492,,1.5805574682663128,1.0,9,50
A_baseline,137,58,1.8366308212280273,0.05633588507771492,,1.540186492409077,1.0,10,50
A_baseline,137,59,1.8366308212280273,0.05633588507771492,,1.614398546721254,1.0,11,50
A_baseline,137,60,1.8366308212280273,0.05633588507771492,,1.625080985711748,1.0,12,50
A_baseline,137,61,1.8366308212280273,0.05633588507771492,,1.6114896591393413,1.0,13,50
A_baseline,137,62,1.8366308212280273,0.05633588507771492,,1.5912633794707456,1.0,14,50
A_baseline,137,63,1.8366308212280273,0.05633588507771492,,1.6096664254035822,1.0,15,50
A_baseline,137,64,1.8366308212280273,0.05633588507771492,,1.5862749212891205,1.0,16,50
A_baseline,137,65,1.8366308212280273,0.05633588507771492,,1.6097253230738935,1.0,17,50
A_baseline,137,66,1.8366308212280273,0.05633588507771492,,1.6512442064637893,1.0,18,50
A_baseline,137,67,1.8366308212280273,0.05633588507771492,,1.6081441247429407,1.0,19,50
A_baseline,137,68,1.8366308212280273,0.05633588507771492,,1.6219891170731688,1.0,0,50
A_baseline,137,69,1.8366308212280273,0.05633588507771492,,1.5922238854048767,1.0,1,50
A_baseline,137,70,1.8366308212280273,0.05633588507771492,,1.6046098803122444,1.0,2,50
A_baseline,137,71,1.8366308212280273,0.05633588507771492,,1.6300443551794028,1.0,3,50
A_baseline,137,72,1.8366308212280273,0.05633588507771492,,1.639113651219098,1.0,4,50
A_baseline,137,73,1.8366308212280273,0.05633588507771492,,1.6265118799405855,1.0,5,50
A_baseline,137,74,1.8366308212280273,0.05633588507771492,,1.6189015808797647,1.0,6,50
A_baseline,137,75,1.8366308212280273,0.05633588507771492,,1.5853229171600673,1.0,7,50
A_baseline,137,76,1.8366308212280273,0.05633588507771492,,1.6100797248587149,1.0,8,50
A_baseline,137,77,1.8366308212280273,0.05633588507771492,,1.6474434358756,1.0,9,50
A_baseline,137,78,1.8366308212280273,0.05633588507771492,,1.6419266113071853,1.0,10,50
A_baseline,137,79,1.8366308212280273,0.05633588507771492,,1.6255926149135902,1.0,11,50
A_baseline,137,80,1.8366308212280273,0.05633588507771492,,1.6762328820545112,1.0,12,50
A_baseline,137,81,1.8366308212280273,0.05633588507771492,,1.6896963921247818,1.0,13,50
A_baseline,137,82,1.8366308212280273,0.05633588507771492,,1.66371564528926,1.0,14,50
A_baseline,137,83,1.8366308212280273,0.05633588507771492,,1.6075399002227708,1.0,15,50
A_baseline,137,84,1.8366308212280273,0.05633588507771492,,1.6317529959057147,1.0,16,50
A_baseline,137,85,1.8366308212280273,0.05633588507771492,,1.6037168379265843,1.0,17,50
A_baseline,137,86,1.8366308212280273,0.05633588507771492,,1.620962578326121,1.0,18,50
A_baseline,137,87,1.8366308212280273,0.05633588507771492,,1.5883842821252565,1.0,19,50
A_baseline,137,88,1.8366308212280273,0.05633588507771492,,1.6262208977263357,1.0,0,50
A_baseline,137,89,1.8366308212280273,0.05633588507771492,,1.6172278571700964,1.0,1,50
A_baseline,137,90,1.8366308212280273,0.05633588507771492,,1.5954655462189389,1.0,2,50
A_baseline,137,91,1.8366308212280273,0.05633588507771492,,1.5689008284583001,1.0,3,50
A_baseline,137,92,1.8366308212280273,0.05633588507771492,,1.5560916575348296,1.0,4,50
A_baseline,137,93,1.8366308212280273,0.05633588507771492,,1.5219026207268518,1.0,5,50
A_baseline,137,94,1.8366308212280273,0.05633588507771492,,1.5094634994163616,1.0,6,50
A_baseline,137,95,1.8366308212280273,0.05633588507771492,,1.5137871766219975,1.0,7,50
A_baseline,137,96,1.8366308212280273,0.05633588507771492,,1.4725158241899543,1.0,8,50
A_baseline,137,97,1.8366308212280273,0.05633588507771492,,1.4663262724798618,1.0,9,50
A_baseline,137,98,1.8366308212280273,0.05633588507771492,,1.5278094850393265,1.0,10,50
A_baseline,137,99,1.8366308212280273,0.05633588507771492,,1.5306016898103716,1.0,11,50
A_baseline,137,100,1.8366308212280273,0.05633588507771492,,1.5758850329347012,1.0,12,50
A_baseline,137,101,1.8366308212280273,0.05633588507771492,,1.5618964209721624,1.0,13,50
A_baseline,137,102,1.8366308212280273,0.05633588507771492,,1.5507728624368067,1.0,14,50
A_baseline,137,103,1.8366308212280273,0.05633588507771492,,1.5670792759920993,1.0,15,50
A_baseline,137,104,1.8366308212280273,0.05633588507771492,,1.5710181485773802,1.0,16,50
A_baseline,137,105,1.8366308212280273,0.05633588507771492,,1.5144195675717749,1.0,17,50
A_baseline,137,106,1.8366308212280273,0.05633588507771492,,1.4872548362459304,1.0,18,50
A_baseline,137,107,1.8366308212280273,0.05633588507771492,,1.4877997733298058,1.0,19,50
A_baseline,137,108,1.8366308212280273,0.05633588507771492,,1.552072050427541,1.0,0,50
A_baseline,137,109,1.8366308212280273,0.05633588507771492,,1.5260286982913696,1.0,1,50
A_baseline,137,110,1.8366308212280273,0.05633588507771492,,1.5314973357021584,1.0,2,50
A_baseline,137,111,1.8366308212280273,0.05633588507771492,,1.5622510666642828,1.0,3,50
A_baseline,137,112,1.8366308212280273,0.05633588507771492,,1.558549009366969,1.0,4,50
A_baseline,137,113,1.8366308212280273,0.05633588507771492,,1.5192581346530565,1.0,5,50
A_baseline,137,114,1.8366308212280273,0.05633588507771492,,1.5169105038549402,1.0,6,50
A_baseline,137,115,1.8366308212280273,0.05633588507771492,,1.5486168543325591,1.0,7,50
A_baseline,137,116,1.8366308212280273,0.05633588507771492,,1.5143871788087815,1.0,8,50
A_baseline,137,117,1.8366308212280273,0.05633588507771492,,1.509203605836422,1.0,9,50
A_baseline,137,118,1.8366308212280273,0.05633588507771492,,1.5155833699575636,1.0,10,50
A_baseline,137,119,1.8366308212280273,0.05633588507771492,,1.495359998406005,1.0,11,50
A_baseline,137,120,1.8366308212280273,0.05633588507771492,,1.5001501945304627,1.0,12,50
A_baseline,137,121,1.8366308212280273,0.05633588507771492,,1.4952001158243071,1.0,13,50
A_baseline,137,122,1.8366308212280273,0.05633588507771492,,1.5025095959779773,1.0,14,50
A_baseline,137,123,1.8366308212280273,0.05633588507771492,,1.4657398141914164,1.0,15,50
A_baseline,137,124,1.8366308212280273,0.05633588507771492,,1.4508076531047276,1.0,16,50
A_baseline,137,125,1.8366308212280273,0.05633588507771492,,1.4586599291343205,1.0,17,50
A_baseline,137,126,1.8366308212280273,0.05633588507771492,,1.460578691750854,1.0,18,50
A_baseline,137,127,1.8366308212280273,0.05633588507771492,,1.4510377612076684,1.0,19,50
A_baseline,137,128,1.8366308212280273,0.05633588507771492,,1.5206248064869368,1.0,0,50
A_baseline,137,129,1.8366308212280273,0.05633588507771492,,1.4825800472369235,1.0,1,50
A_baseline,137,130,1.8366308212280273,0.05633588507771492,,1.500537169492314,1.0,2,50
A_baseline,137,131,1.8366308212280273,0.05633588507771492,,1.4765747583279805,1.0,3,50
A_baseline,137,132,1.8366308212280273,0.05633588507771492,,1.4530183437375177,1.0,4,50
A_baseline,137,133,1.8366308212280273,0.05633588507771492,,1.4418115802318319,1.0,5,50
A_baseline,137,134,1.8366308212280273,0.05633588507771492,,1.4167024426547146,1.0,6,50
A_baseline,137,135,1.8366308212280273,0.05633588507771492,,1.3959595610914466,1.0,7,50
A_baseline,137,136,1.8366308212280273,0.05633588507771492,,1.3892514754850167,1.0,8,50
A_baseline,137,137,1.8366308212280273,0.05633588507771492,,1.3633255845833674,1.0,9,50
A_baseline,137,138,1.8366308212280273,0.05633588507771492,,1.36195238684308,1.0,10,50
A_baseline,137,139,1.8366308212280273,0.05633588507771492,,1.3684291408262257,1.0,11,50
A_baseline,137,140,1.8366308212280273,0.05633588507771492,,1.344567106433143,1.0,12,50
A_baseline,137,141,1.8366308212280273,0.05633588507771492,,1.3731742852393807,1.0,13,50
A_baseline,137,142,1.8366308212280273,0.05633588507771492,,1.4164099372530272,1.0,14,50
A_baseline,137,143,1.8366308212280273,0.05633588507771492,,1.386832173209964,1.0,15,50
A_baseline,137,144,1.8366308212280273,0.05633588507771492,,1.3715980825021623,1.0,16,50
A_baseline,137,145,1.8366308212280273,0.05633588507771492,,1.3718011390505784,1.0,17,50
A_baseline,137,146,1.8366308212280273,0.05633588507771492,,1.3816100106777989,1.0,18,50
A_baseline,137,147,1.8366308212280273,0.05633588507771492,,1.404817541123097,1.0,19,50
A_baseline,137,148,1.8366308212280273,0.05633588507771492,,1.4597438333540063,1.0,0,50
A_baseline,137,149,1.8366308212280273,0.05633588507771492,,1.4017371393230675,1.0,1,50
A_baseline,137,150,1.8366308212280273,0.05633588507771492,,1.3792793526400258,1.0,2,50
A_baseline,271,1,1.870711088180542,0.05235915258526802,,1.7028626883948244,1.0,1,16
A_baseline,271,2,1.870711088180542,0.05235915258526802,,1.7051794436027286,1.0,2,33
A_baseline,271,3,1.870711088180542,0.05235915258526802,,1.7318923663245391,1.0,3,50
A_baseline,271,4,1.870711088180542,0.05235915258526802,,1.6949957550200363,1.0,4,50
A_baseline,271,5,1.870711088180542,0.05235915258526802,,1.6765603811889374,1.0,5,50
A_baseline,271,6,1.870711088180542,0.05235915258526802,,1.6507723651590303,1.0,6,50
A_baseline,271,7,1.870711088180542,0.05235915258526802,,1.6773807090637411,1.0,7,50
A_baseline,271,8,1.8443342447280884,0.07508773356676102,,1.6690489655795713,1.0,0,50
A_baseline,271,9,1.8443342447280884,0.07508773356676102,,1.6688227835802973,1.0,1,50
A_baseline,271,10,1.8443342447280884,0.07508773356676102,,1.625499875893959,1.0,2,50
A_baseline,271,11,1.8443342447280884,0.07508773356676102,,1.645749735487265,1.0,3,50
A_baseline,271,12,1.8443342447280884,0.07508773356676102,,1.6499885402765078,1.0,4,50
A_baseline,271,13,1.8443342447280884,0.07508773356676102,,1.637992739458817,1.0,5,50
A_baseline,271,14,1.8443342447280884,0.07508773356676102,,1.5995597755165112,1.0,6,50
A_baseline,271,15,1.8443342447280884,0.07508773356676102,,1.6128132613763406,1.0,7,50
A_baseline,271,16,1.8443342447280884,0.07508773356676102,,1.6148476934664184,1.0,8,50
A_baseline,271,17,1.8443342447280884,0.07508773356676102,,1.6898367345265466,1.0,9,50
A_baseline,271,18,1.8443342447280884,0.07508773356676102,,1.6767096055022737,1.0,10,50
A_baseline,271,19,1.8443342447280884,0.07508773356676102,,1.6766354589698451,1.0,11,50
A_baseline,271,20,1.8443342447280884,0.07508773356676102,,1.6535659811569001,1.0,12,50
A_baseline,271,21,1.8443342447280884,0.07508773356676102,,1.6891709306635236,1.0,13,50
A_baseline,271,22,1.8443342447280884,0.07508773356676102,,1.6754103167520944,1.0,14,50
A_baseline,271,23,1.8443342447280884,0.07508773356676102,,1.6470704095215882,1.0,15,50
A_baseline,271,24,1.8443342447280884,0.07508773356676102,,1.6627876280758545,1.0,16,50
A_baseline,271,25,1.8443342447280884,0.07508773356676102,,1.6421604230307287,1.0,17,50
A_baseline,271,26,1.8443342447280884,0.07508773356676102,,1.646257252363215,1.0,18,50
A_baseline,271,27,1.8443342447280884,0.07508773356676102,,1.6458359931783753,1.0,19,50
A_baseline,271,28,1.8443342447280884,0.07508773356676102,,1.6811788137467214,1.0,0,50
A_baseline,271,29,1.8443342447280884,0.07508773356676102,,1.6750953254554672,1.0,1,50
A_baseline,271,30,1.8443342447280884,0.07508773356676102,,1.6833266348608553,1.0,2,50
A_baseline,271,31,1.8443342447280884,0.07508773356676102,,1.6498730026066575,1.0,3,50
A_baseline,271,32,1.8443342447280884,0.07508773356676102,,1.6783744888719052,1.0,4,50
A_baseline,271,33,1.8443342447280884,0.07508773356676102,,1.7013428144967444,1.0,5,50
A_baseline,271,34,1.8443342447280884,0.07508773356676102,,1.7124277325773725,1.0,6,50
A_baseline,271,35,1.8443342447280884,0.07508773356676102,,1.6917414039440641,1.0,7,50
A_baseline,271,36,1.8443342447280884,0.07508773356676102,,1.6554453128663826,1.0,8,50
A_baseline,271,37,1.8443342447280884,0.07508773356676102,,1.6600950782433856,1.0,9,50
A_baseline,271,38,1.8443342447280884,0.07508773356676102,,1.670634216404872,1.0,10,50
A_baseline,271,39,1.8443342447280884,0.07508773356676102,,1.6331134933454008,1.0,11,50
A_baseline,271,40,1.8443342447280884,0.07508773356676102,,1.589128452232345,1.0,12,50
A_baseline,271,41,1.8443342447280884,0.07508773356676102,,1.6166619964798654,1.0,13,50
A_baseline,271,42,1.8443342447280884,0.07508773356676102,,1.6468056367819222,1.0,14,50
A_baseline,271,43,1.8443342447280884,0.07508773356676102,,1.595254600018772,1.0,15,50
A_baseline,271,44,1.8443342447280884,0.07508773356676102,,1.560551382491143,1.0,16,50
A_baseline,271,45,1.8443342447280884,0.07508773356676102,,1.5539376217629741,1.0,17,50
A_baseline,271,46,1.8443342447280884,0.07508773356676102,,1.5521487859521552,1.0,18,50
A_baseline,271,47,1.8443342447280884,0.07508773356676102,,1.5709474500685587,1.0,19,50
A_baseline,271,48,1.8443342447280884,0.07508773356676102,,1.6770765878377865,1.0,0,50
A_baseline,271,49,1.8443342447280884,0.07508773356676102,,1.6833039244961665,1.0,1,50
A_baseline,271,50,1.8443342447280884,0.07508773356676102,,1.7149525301872963,1.0,2,50
A_baseline,271,51,1.8443342447280884,0.07508773356676102,,1.695772979748706,1.0,3,50
A_baseline,271,52,1.8443342447280884,0.07508773356676102,,1.6915737475085542,1.0,4,50
A_baseline,271,53,1.8443342447280884,0.07508773356676102,,1.6851379591970148,1.0,5,50
A_baseline,271,54,1.8443342447280884,0.07508773356676102,,1.6923897352952446,1.0,6,50
A_baseline,271,55,1.8443342447280884,0.07508773356676102,,1.6384089564899265,1.0,7,50
A_baseline,271,56,1.8443342447280884,0.07508773356676102,,1.652646670044302,1.0,8,50
A_baseline,271,57,1.8443342447280884,0.07508773356676102,,1.6172747290599103,1.0,9,50
A_baseline,271,58,1.8443342447280884,0.07508773356676102,,1.5853747449917832,1.0,10,50
A_baseline,271,59,1.8443342447280884,0.07508773356676102,,1.6108603936281676,1.0,11,50
A_baseline,271,60,1.8443342447280884,0.07508773356676102,,1.6504470568739231,1.0,12,50
A_baseline,271,61,1.8443342447280884,0.07508773356676102,,1.6200685323531945,1.0,13,50
A_baseline,271,62,1.8443342447280884,0.07508773356676102,,1.6132221716893804,1.0,14,50
A_baseline,271,63,1.8443342447280884,0.07508773356676102,,1.6028983468049502,1.0,15,50
A_baseline,271,64,1.8443342447280884,0.07508773356676102,,1.6353489285504859,1.0,16,50
A_baseline,271,65,1.8443342447280884,0.07508773356676102,,1.647908923263238,1.0,17,50
A_baseline,271,66,1.8443342447280884,0.07508773356676102,,1.598669224380448,1.0,18,50
A_baseline,271,67,1.8443342447280884,0.07508773356676102,,1.6034233611253446,1.0,19,50
A_baseline,271,68,1.8443342447280884,0.07508773356676102,,1.6620654597659053,1.0,0,50
A_baseline,271,69,1.8443342447280884,0.07508773356676102,,1.6608389605308167,1.0,1,50
A_baseline,271,70,1.8443342447280884,0.07508773356676102,,1.6803325630082906,1.0,2,50
A_baseline,271,71,1.8443342447280884,0.07508773356676102,,1.7008796438129958,1.0,3,50
A_baseline,271,72,1.8443342447280884,0.07508773356676102,,1.673207750348035,1.0,4,50
A_baseline,271,73,1.8443342447280884,0.07508773356676102,,1.6283850514859233,1.0,5,50
A_baseline,271,74,1.8443342447280884,0.07508773356676102,,1.6384895430294288,1.0,6,50
A_baseline,271,75,1.8443342447280884,0.07508773356676102,,1.6434020561198617,1.0,7,50
A_baseline,271,76,1.8443342447280884,0.07508773356676102,,1.604790149343054,1.0,8,50
A_baseline,271,77,1.8443342447280884,0.07508773356676102,,1.5813047700842284,1.0,9,50
A_baseline,271,78,1.8443342447280884,0.07508773356676102,,1.6352490561715853,1.0,10,50
A_baseline,271,79,1.8443342447280884,0.07508773356676102,,1.631498907848206,1.0,11,50
A_baseline,271,80,1.8443342447280884,0.07508773356676102,,1.6231290305141364,1.0,12,50
A_baseline,271,81,1.8443342447280884,0.07508773356676102,,1.5990289761607364,1.0,13,50
A_baseline,271,82,1.8443342447280884,0.07508773356676102,,1.550457984532933,1.0,14,50
A_baseline,271,83,1.8443342447280884,0.07508773356676102,,1.5583926579389644,1.0,15,50
A_baseline,271,84,1.8443342447280884,0.07508773356676102,,1.5520165854609496,1.0,16,50
A_baseline,271,85,1.8443342447280884,0.07508773356676102,,1.5420304331920562,1.0,17,50
A_baseline,271,86,1.8443342447280884,0.07508773356676102,,1.5536132641113343,1.0,18,50
A_baseline,271,87,1.8443342447280884,0.07508773356676102,,1.5821937707751144,1.0,19,50
A_baseline,271,88,1.8443342447280884,0.07508773356676102,,1.6223028451449601,1.0,0,50
A_baseline,271,89,1.8443342447280884,0.07508773356676102,,1.604924063932126,1.0,1,50
A_baseline,271,90,1.8443342447280884,0.07508773356676102,,1.5699076214777776,1.0,2,50
A_baseline,271,91,1.8443342447280884,0.07508773356676102,,1.5551089195638548,1.0,3,50
A_baseline,271,92,1.8443342447280884,0.07508773356676102,,1.5141202479168354,1.0,4,50
A_baseline,271,93,1.8443342447280884,0.07508773356676102,,1.4819906537218526,1.0,5,50
A_baseline,271,94,1.8443342447280884,0.07508773356676102,,1.4798807275414436,1.0,6,50
A_baseline,271,95,1.8443342447280884,0.07508773356676102,,1.4739598456409089,1.0,7,50
A_baseline,271,96,1.8443342447280884,0.07508773356676102,,1.4286117911015097,1.0,8,50
A_baseline,271,97,1.8443342447280884,0.07508773356676102,,1.4220575627566643,1.0,9,50
A_baseline,271,98,1.8443342447280884,0.07508773356676102,,1.4577167614799624,1.0,10,50
A_baseline,271,99,1.8443342447280884,0.07508773356676102,,1.4809188601477326,1.0,11,50
A_baseline,271,100,1.8443342447280884,0.07508773356676102,,1.4642089505035107,1.0,12,50
A_baseline,271,101,1.8443342447280884,0.07508773356676102,,1.5131007153681253,1.0,13,50
A_baseline,271,102,1.8443342447280884,0.07508773356676102,,1.4952448590836087,1.0,14,50
A_baseline,271,103,1.8443342447280884,0.07508773356676102,,1.478618693404427,1.0,15,50
A_baseline,271,104,1.8443342447280884,0.07508773356676102,,1.5120971365476295,1.0,16,50
A_baseline,271,105,1.8443342447280884,0.07508773356676102,,1.476156105623561,1.0,17,50
A_baseline,271,106,1.8443342447280884,0.07508773356676102,,1.4764402523332083,1.0,18,50
A_baseline,271,107,1.8443342447280884,0.07508773356676102,,1.4518538465852933,1.0,19,50
A_baseline,271,108,1.8443342447280884,0.07508773356676102,,1.510719935047631,1.0,0,50
A_baseline,271,109,1.8443342447280884,0.07508773356676102,,1.4711964493187548,1.0,1,50
A_baseline,271,110,1.8443342447280884,0.07508773356676102,,1.4723229203245518,1.0,2,50
A_baseline,271,111,1.8443342447280884,0.07508773356676102,,1.4594667257252487,1.0,3,50
A_baseline,271,112,1.8443342447280884,0.07508773356676102,,1.5060523695063195,1.0,4,50
A_baseline,271,113,1.8443342447280884,0.07508773356676102,,1.5208612432611819,1.0,5,50
A_baseline,271,114,1.8443342447280884,0.07508773356676102,,1.5016507884787953,1.0,6,50
A_baseline,271,115,1.8443342447280884,0.07508773356676102,,1.5045278026224498,1.0,7,50
A_baseline,271,116,1.8443342447280884,0.07508773356676102,,1.4786517973896733,1.0,8,50
A_baseline,271,117,1.8443342447280884,0.07508773356676102,,1.5058716350166415,1.0,9,50
A_baseline,271,118,1.8443342447280884,0.07508773356676102,,1.5259183357690478,1.0,10,50
A_baseline,271,119,1.8443342447280884,0.07508773356676102,,1.4817653979243086,1.0,11,50
A_baseline,271,120,1.8443342447280884,0.07508773356676102,,1.4327807312223244,1.0,12,50
A_baseline,271,121,1.8443342447280884,0.07508773356676102,,1.426531857969359,1.0,13,50
A_baseline,271,122,1.8443342447280884,0.07508773356676102,,1.472623126005238,1.0,14,50
A_baseline,271,123,1.8443342447280884,0.07508773356676102,,1.4534704875528603,1.0,15,50
A_baseline,271,124,1.8443342447280884,0.07508773356676102,,1.467566898532181,1.0,16,50
A_baseline,271,125,1.8443342447280884,0.07508773356676102,,1.4533993546739268,1.0,17,50
A_baseline,271,126,1.8443342447280884,0.07508773356676102,,1.5072245653583278,1.0,18,50
A_baseline,271,127,1.8443342447280884,0.07508773356676102,,1.5355988593730339,1.0,19,50
A_baseline,271,128,1.8443342447280884,0.07508773356676102,,1.5833605497090604,1.0,0,50
A_baseline,271,129,1.8443342447280884,0.07508773356676102,,1.5348991444068072,1.0,1,50
A_baseline,271,130,1.8443342447280884,0.07508773356676102,,1.4541726192154292,1.0,2,50
A_baseline,271,131,1.8443342447280884,0.07508773356676102,,1.4353579507588698,1.0,3,50
A_baseline,271,132,1.8443342447280884,0.07508773356676102,,1.4148132803713656,1.0,4,50
A_baseline,271,133,1.8443342447280884,0.07508773356676102,,1.3947534153034977,1.0,5,50
A_baseline,271,134,1.8443342447280884,0.07508773356676102,,1.3994028723897636,1.0,6,50
A_baseline,271,135,1.8443342447280884,0.07508773356676102,,1.3712854972830093,1.0,7,50
A_baseline,271,136,1.8443342447280884,0.07508773356676102,,1.3947150017966317,1.0,8,50
A_baseline,271,137,1.8443342447280884,0.07508773356676102,,1.396909974668022,1.0,9,50
A_baseline,271,138,1.8443342447280884,0.07508773356676102,,1.416274137080889,1.0,10,50
A_baseline,271,139,1.8443342447280884,0.07508773356676102,,1.3901347518106315,1.0,11,50
A_baseline,271,140,1.8443342447280884,0.07508773356676102,,1.397715385598192,1.0,12,50
A_baseline,271,141,1.8443342447280884,0.07508773356676102,,1.4148756057625929,1.0,13,50
A_baseline,271,142,1.8443342447280884,0.07508773356676102,,1.4157210704914236,1.0,14,50
A_baseline,271,143,1.8443342447280884,0.07508773356676102,,1.3541794345159972,1.0,15,50
A_baseline,271,144,1.8443342447280884,0.07508773356676102,,1.2987260227247692,1.0,16,50
A_baseline,271,145,1.8443342447280884,0.07508773356676102,,1.273618448786157,1.0,17,50
A_baseline,271,146,1.8443342447280884,0.07508773356676102,,1.218709099591523,1.0,18,50
A_baseline,271,147,1.8443342447280884,0.07508773356676102,,1.2261490368878274,1.0,19,50
A_baseline,271,148,1.8443342447280884,0.07508773356676102,,1.299677933914276,1.0,0,50
A_baseline,271,149,1.8443342447280884,0.07508773356676102,,1.291691858569009,1.0,1,50
A_baseline,271,150,1.8443342447280884,0.07508773356676102,,1.269407743851682,1.0,2,50
B_quantum,42,1,1.9218204021453857,0.0706663504242897,,2.1128006835293633,1.0,0,18
B_quantum,42,2,1.8096516132354736,0.05345483496785164,,2.1163700915828474,1.0,0,36
B_quantum,42,3,1.8096516132354736,0.05345483496785164,,2.130947430274064,1.0,1,50
B_quantum,42,4,1.8096516132354736,0.05345483496785164,,2.127177858501682,1.0,2,50
B_quantum,42,5,1.8096516132354736,0.05345483496785164,,2.1280826836597173,1.0,3,50
B_quantum,42,6,1.8096516132354736,0.05345483496785164,,2.133103954955105,1.0,4,50
B_quantum,42,7,1.8096516132354736,0.05345483496785164,,2.125494693269506,1.0,5,50
B_quantum,42,8,1.8096516132354736,0.05345483496785164,,2.1275074388449533,1.0,6,50
B_quantum,42,9,1.8096516132354736,0.05345483496785164,,2.132975693065199,1.0,7,50
B_quantum,42,10,1.8096516132354736,0.05345483496785164,,2.1406969791784647,1.0,8,50
B_quantum,42,11,1.8096516132354736,0.05345483496785164,,2.1303985744722196,1.0,9,50
B_quantum,42,12,1.8096516132354736,0.05345483496785164,,2.12337357504003,1.0,10,50
B_quantum,42,13,1.8096516132354736,0.05345483496785164,,2.124159231135272,1.0,11,50
B_quantum,42,14,1.8096516132354736,0.05345483496785164,,2.1379420716820183,1.0,12,50
B_quantum,42,15,1.8096516132354736,0.05345483496785164,,2.104200826038011,1.0,13,50
B_quantum,42,16,1.8096516132354736,0.05345483496785164,,2.121720997110865,1.0,14,50
B_quantum,42,17,1.8096516132354736,0.05345483496785164,,2.1341596464974777,1.0,15,50
B_quantum,42,18,1.8096516132354736,0.05345483496785164,,2.1217331935367447,1.0,16,50
B_quantum,42,19,1.8096516132354736,0.05345483496785164,,2.1241225944305326,1.0,17,50
B_quantum,42,20,1.8096516132354736,0.05345483496785164,,2.1212159615137725,1.0,18,50
B_quantum,42,21,1.8096516132354736,0.05345483496785164,,2.1296479205630865,1.0,19,50
B_quantum,42,22,1.8096516132354736,0.05345483496785164,,2.1290273610151997,1.0,0,50
B_quantum,42,23,1.8096516132354736,0.05345483496785164,,2.1128814913956346,1.0,1,50
B_quantum,42,24,1.8096516132354736,0.05345483496785164,,2.127542581572512,1.0,2,50
B_quantum,42,25,1.8096516132354736,0.05345483496785164,,2.1176291793036612,1.0,3,50
B_quantum,42,26,1.8096516132354736,0.05345483496785164,,2.1260196710715666,1.0,4,50
B_quantum,42,27,1.8096516132354736,0.05345483496785164,,2.1273157237717046,1.0,5,50
B_quantum,42,28,1.8096516132354736,0.05345483496785164,,2.134167348968092,1.0,6,50
B_quantum,42,29,1.8096516132354736,0.05345483496785164,,2.128377606838803,1.0,7,50
B_quantum,42,30,1.8096516132354736,0.05345483496785164,,2.120691557621127,1.0,8,50
B_quantum,42,31,1.8096516132354736,0.05345483496785164,,2.1242696083273804,1.0,9,50
B_quantum,42,32,1.7720972299575806,0.08965624868869781,,2.1192120627452673,1.0,0,50
B_quantum,42,33,1.7720972299575806,0.08965624868869781,,2.122098138112,1.0,1,50
B_quantum,42,34,1.7720972299575806,0.08965624868869781,,2.115101995654958,1.0,2,50
B_quantum,42,35,1.7720972299575806,0.08965624868869781,,2.1199091925315905,1.0,3,50
B_quantum,42,36,1.7720972299575806,0.08965624868869781,,2.1255538929492834,1.0,4,50
B_quantum,42,37,1.7720972299575806,0.08965624868869781,,2.1282905223240274,1.0,5,50
B_quantum,42,38,1.7720972299575806,0.08965624868869781,,2.121854608558468,1.0,6,50
B_quantum,42,39,1.7720972299575806,0.08965624868869781,,2.134407190763028,1.0,7,50
B_quantum,42,40,1.7720972299575806,0.08965624868869781,,2.1264717863791733,1.0,8,50
B_quantum,42,41,1.7595466375350952,0.06522700935602188,,2.1148419447011273,1.0,0,50
B_quantum,42,42,1.7595466375350952,0.06522700935602188,,2.1141216680158728,1.0,1,50
B_quantum,42,43,1.7595466375350952,0.06522700935602188,,2.1039678509969892,1.0,2,50
B_quantum,42,44,1.7595466375350952,0.06522700935602188,,2.1292910450456515,1.0,3,50
B_quantum,42,45,1.7595466375350952,0.06522700935602188,,2.1247112771397667,1.0,4,50
B_quantum,42,46,1.7595466375350952,0.06522700935602188,,2.116782149116874,1.0,5,50
B_quantum,42,47,1.7595466375350952,0.06522700935602188,,2.127265544655666,1.0,6,50
B_quantum,42,48,1.7595466375350952,0.06522700935602188,,2.1244562696560108,1.0,7,50
B_quantum,42,49,1.7595466375350952,0.06522700935602188,,2.118956827183,1.0,8,50
B_quantum,42,50,1.7595466375350952,0.06522700935602188,,2.1277288500330402,1.0,9,50
B_quantum,42,51,1.7595466375350952,0.06522700935602188,,2.1178920711713363,1.0,10,50
B_quantum,42,52,1.7595466375350952,0.06522700935602188,,2.1103054019863983,1.0,11,50
B_quantum,42,53,1.7595466375350952,0.06522700935602188,,2.1245745979579085,1.0,12,50
B_quantum,42,54,1.7595466375350952,0.06522700935602188,,2.126312909489991,1.0,13,50
B_quantum,42,55,1.7595466375350952,0.06522700935602188,,2.1240350994273816,1.0,14,50
B_quantum,42,56,1.7595466375350952,0.06522700935602188,,2.1193300370772175,1.0,15,50
B_quantum,42,57,1.7595466375350952,0.06522700935602188,,2.112031138438646,1.0,16,50
B_quantum,42,58,1.7595466375350952,0.06522700935602188,,2.1228275669429113,1.0,17,50
B_quantum,42,59,1.7595466375350952,0.06522700935602188,,2.124428763545888,1.0,18,50
B_quantum,42,60,1.7595466375350952,0.06522700935602188,,2.113036072419722,1.0,19,50
B_quantum,42,61,1.7595466375350952,0.06522700935602188,,2.1261957846881687,1.0,0,50
B_quantum,42,62,1.7595466375350952,0.06522700935602188,,2.134892256938988,1.0,1,50
B_quantum,42,63,1.7595466375350952,0.06522700935602188,,2.119370460401419,1.0,2,50
B_quantum,42,64,1.7595466375350952,0.06522700935602188,,2.1338846948324965,1.0,3,50
B_quantum,42,65,1.7595466375350952,0.06522700935602188,,2.124482899958369,1.0,4,50
B_quantum,42,66,1.7595466375350952,0.06522700935602188,,2.125826592030323,1.0,5,50
B_quantum,42,67,1.7595466375350952,0.06522700935602188,,2.098465601321567,1.0,6,50
B_quantum,42,68,1.7595466375350952,0.06522700935602188,,2.1249748184420807,1.0,7,50
B_quantum,42,69,1.7595466375350952,0.06522700935602188,,2.1158149661133665,1.0,8,50
B_quantum,42,70,1.7595466375350952,0.06522700935602188,,2.1225217266320864,1.0,9,50
B_quantum,42,71,1.7595466375350952,0.06522700935602188,,2.1163121581324438,1.0,10,50
B_quantum,42,72,1.7595466375350952,0.06522700935602188,,2.1012294479306775,1.0,11,50
B_quantum,42,73,1.7595466375350952,0.06522700935602188,,2.1047077992823393,1.0,12,50
B_quantum,42,74,1.7595466375350952,0.06522700935602188,,2.1174954153351226,1.0,13,50
B_quantum,42,75,1.7595466375350952,0.06522700935602188,,2.1134882742898022,1.0,14,50
B_quantum,42,76,1.7595466375350952,0.06522700935602188,,2.123784047547231,1.0,15,50
B_quantum,42,77,1.7595466375350952,0.06522700935602188,,2.111154489968824,1.0,16,50
B_quantum,42,78,1.7595466375350952,0.06522700935602188,,2.1283728280000886,1.0,17,50
B_quantum,42,79,1.7595466375350952,0.06522700935602188,,2.127988859524328,1.0,18,50
B_quantum,42,80,1.7595466375350952,0.06522700935602188,,2.1096564105533013,1.0,19,50
B_quantum,42,81,1.7595466375350952,0.06522700935602188,,2.129315495722355,1.0,0,50
B_quantum,42,82,1.7595466375350952,0.06522700935602188,,2.1138834042970442,1.0,1,50
B_quantum,42,83,1.7595466375350952,0.06522700935602188,,2.1120213985822547,1.0,2,50
B_quantum,42,84,1.7595466375350952,0.06522700935602188,,2.1152776507225095,1.0,3,50
B_quantum,42,85,1.7595466375350952,0.06522700935602188,,2.1180430873812415,1.0,4,50
B_quantum,42,86,1.7595466375350952,0.06522700935602188,,2.086220558852329,1.0,5,50
B_quantum,42,87,1.7595466375350952,0.06522700935602188,,2.0733272791385127,1.0,6,50
B_quantum,42,88,1.7595466375350952,0.06522700935602188,,2.1121032958954014,1.0,7,50
B_quantum,42,89,1.7595466375350952,0.06522700935602188,,2.1100988120782618,1.0,8,50
B_quantum,42,90,1.7595466375350952,0.06522700935602188,,2.106276095032479,1.0,9,50
B_quantum,42,91,1.7595466375350952,0.06522700935602188,,2.1056972125480757,1.0,10,50
B_quantum,42,92,1.7595466375350952,0.06522700935602188,,2.098606344802844,1.0,11,50
B_quantum,42,93,1.7595466375350952,0.06522700935602188,,2.0932758777259357,1.0,12,50
B_quantum,42,94,1.7595466375350952,0.06522700935602188,,2.0980163117242636,1.0,13,50
B_quantum,42,95,1.7595466375350952,0.06522700935602188,,2.1120908620677605,1.0,14,50
B_quantum,42,96,1.7595466375350952,0.06522700935602188,,2.1022444772479534,1.0,15,50
B_quantum,42,97,1.7595466375350952,0.06522700935602188,,2.0858853028322137,1.0,16,50
B_quantum,42,98,1.7595466375350952,0.06522700935602188,,2.096072341557111,1.0,17,50
B_quantum,42,99,1.7595466375350952,0.06522700935602188,,2.1047029076896124,1.0,18,50
B_quantum,42,100,1.7595466375350952,0.06522700935602188,,2.0997154589570064,1.0,19,50
B_quantum,42,101,1.7595466375350952,0.06522700935602188,,2.0897849214982998,1.0,0,50
B_quantum,42,102,1.7595466375350952,0.06522700935602188,,2.1036341882602447,1.0,1,50
B_quantum,42,103,1.7595466375350952,0.06522700935602188,,2.082793506440442,1.0,2,50
B_quantum,42,104,1.7595466375350952,0.06522700935602188,,2.0945912007470207,1.0,3,50
B_quantum,42,105,1.7595466375350952,0.06522700935602188,,2.0866418397808775,1.0,4,50
B_quantum,42,106,1.7595466375350952,0.06522700935602188,,2.081284012088327,1.0,5,50
B_quantum,42,107,1.7595466375350952,0.06522700935602188,,2.0787099197196706,1.0,6,50
B_quantum,42,108,1.7595466375350952,0.06522700935602188,,2.0948781662507012,1.0,7,50
B_quantum,42,109,1.7595466375350952,0.06522700935602188,,2.0959735555181624,1.0,8,50
B_quantum,42,110,1.7595466375350952,0.06522700935602188,,2.0803452904730486,1.0,9,50
B_quantum,42,111,1.7595466375350952,0.06522700935602188,,2.079555092087026,1.0,10,50
B_quantum,42,112,1.7595466375350952,0.06522700935602188,,2.0827247796772137,1.0,11,50
B_quantum,42,113,1.7595466375350952,0.06522700935602188,,2.0895816312233393,1.0,12,50
B_quantum,42,114,1.7595466375350952,0.06522700935602188,,2.0621857912310575,1.0,13,50
B_quantum,42,115,1.7595466375350952,0.06522700935602188,,2.071224679833776,1.0,14,50
B_quantum,42,116,1.7595466375350952,0.06522700935602188,,2.032346376910362,1.0,15,50
B_quantum,42,117,1.7595466375350952,0.06522700935602188,,2.0363450173696496,1.0,16,50
B_quantum,42,118,1.7595466375350952,0.06522700935602188,,2.0603127329146336,1.0,17,50
B_quantum,42,119,1.7595466375350952,0.06522700935602188,,2.0606925429863554,1.0,18,50
B_quantum,42,120,1.7595466375350952,0.06522700935602188,,2.0587272824297367,1.0,19,50
B_quantum,42,121,1.7595466375350952,0.06522700935602188,,2.0812011373056287,1.0,0,50
B_quantum,42,122,1.7595466375350952,0.06522700935602188,,2.056337361801586,1.0,1,50
B_quantum,42,123,1.7595466375350952,0.06522700935602188,,2.064492337673976,1.0,2,50
B_quantum,42,124,1.7595466375350952,0.06522700935602188,,2.044082160984034,1.0,3,50
B_quantum,42,125,1.7595466375350952,0.06522700935602188,,2.013789069398088,1.0,4,50
B_quantum,42,126,1.7595466375350952,0.06522700935602188,,1.9904152259266676,1.0,5,50
B_quantum,42,127,1.7595466375350952,0.06522700935602188,,2.024694392604488,1.0,6,50
B_quantum,42,128,1.7595466375350952,0.06522700935602188,,2.0101477156244227,1.0,7,50
B_quantum,42,129,1.7595466375350952,0.06522700935602188,,2.015649674987048,1.0,8,50
B_quantum,42,130,1.7595466375350952,0.06522700935602188,,2.0006888990060006,1.0,9,50
B_quantum,42,131,1.7595466375350952,0.06522700935602188,,2.018741141238458,1.0,10,50
B_quantum,42,132,1.7595466375350952,0.06522700935602188,,1.982854008925295,1.0,11,50
B_quantum,42,133,1.7595466375350952,0.06522700935602188,,1.994615130579241,1.0,12,50
B_quantum,42,134,1.7595466375350952,0.06522700935602188,,1.9677139112784923,1.0,13,50
B_quantum,42,135,1.7595466375350952,0.06522700935602188,,1.9792769016060812,1.0,14,50
B_quantum,42,136,1.7595466375350952,0.06522700935602188,,1.996669030592902,1.0,15,50
B_quantum,42,137,1.7595466375350952,0.06522700935602188,,2.0008410998026616,1.0,16,50
B_quantum,42,138,1.7595466375350952,0.06522700935602188,,1.994340293784905,1.0,17,50
B_quantum,42,139,1.7595466375350952,0.06522700935602188,,1.9734185316306558,1.0,18,50
B_quantum,42,140,1.7595466375350952,0.06522700935602188,,1.985347752586646,1.0,19,50
B_quantum,42,141,1.7595466375350952,0.06522700935602188,,2.0353095541401314,1.0,0,50
B_quantum,42,142,1.7595466375350952,0.06522700935602188,,2.0106298981872275,1.0,1,50
B_quantum,42,143,1.7595466375350952,0.06522700935602188,,1.9937142936810426,1.0,2,50
B_quantum,42,144,1.7595466375350952,0.06522700935602188,,2.0300031888780996,1.0,3,50
B_quantum,42,145,1.7595466375350952,0.06522700935602188,,2.019538870546309,1.0,4,50
B_quantum,42,146,1.7595466375350952,0.06522700935602188,,2.0000811764010007,1.0,5,50
B_quantum,42,147,1.7595466375350952,0.06522700935602188,,2.011145324921663,1.0,6,50
B_quantum,42,148,1.7595466375350952,0.06522700935602188,,2.014406007229191,1.0,7,50
B_quantum,42,149,1.7595466375350952,0.06522700935602188,,1.9993292646555854,1.0,8,50
B_quantum,42,150,1.7595466375350952,0.06522700935602188,,2.015453213047854,1.0,9,50
B_quantum,137,1,1.8398622274398804,0.06443009525537491,,2.1253783346720634,1.0,1,18
B_quantum,137,2,1.839268445968628,0.06444929540157318,,2.1415128253700155,1.0,0,36
B_quantum,137,3,1.839268445968628,0.06444929540157318,,2.125885561412913,1.0,1,50
B_quantum,137,4,1.839268445968628,0.06444929540157318,,2.1227683565465996,1.0,2,50
B_quantum,137,5,1.839268445968628,0.06444929540157318,,2.1359208870643704,1.0,3,50
B_quantum,137,6,1.839268445968628,0.06444929540157318,,2.115034593279954,1.0,4,50
B_quantum,137,7,1.839268445968628,0.06444929540157318,,2.1208663640024255,1.0,5,50
B_quantum,137,8,1.839268445968628,0.06444929540157318,,2.14631502665933,1.0,6,50
B_quantum,137,9,1.839268445968628,0.06444929540157318,,2.1253262019737806,1.0,7,50
B_quantum,137,10,1.839268445968628,0.06444929540157318,,2.1121055088517675,1.0,8,50
B_quantum,137,11,1.839268445968628,0.06444929540157318,,2.123743290169422,1.0,9,50
B_quantum,137,12,1.839268445968628,0.06444929540157318,,2.1290832667996806,1.0,10,50
B_quantum,137,13,1.839268445968628,0.06444929540157318,,2.143887570227178,1.0,11,50
B_quantum,137,14,1.839268445968628,0.06444929540157318,,2.1309131630404172,1.0,12,50
B_quantum,137,15,1.839268445968628,0.06444929540157318,,2.117878085723099,1.0,13,50
B_quantum,137,16,1.839268445968628,0.06444929540157318,,2.1160758604886603,1.0,14,50
B_quantum,137,17,1.839268445968628,0.06444929540157318,,2.139973048629122,1.0,15,50
B_quantum,137,18,1.839268445968628,0.06444929540157318,,2.1368666217158685,1.0,16,50
B_quantum,137,19,1.8306910991668701,0.06687690317630768,,2.130305769814671,1.0,0,50
B_quantum,137,20,1.8306910991668701,0.06687690317630768,,2.1175926285620497,1.0,1,50
B_quantum,137,21,1.8306910991668701,0.06687690317630768,,2.1364952443720933,1.0,2,50
B_quantum,137,22,1.8306910991668701,0.06687690317630768,,2.122234185294422,1.0,3,50
B_quantum,137,23,1.8306910991668701,0.06687690317630768,,2.135583120000924,1.0,4,50
B_quantum,137,24,1.8306910991668701,0.06687690317630768,,2.133928213618006,1.0,5,50
B_quantum,137,25,1.8306910991668701,0.06687690317630768,,2.129113799583662,1.0,6,50
B_quantum,137,26,1.8306910991668701,0.06687690317630768,,2.1315359583562223,1.0,7,50
B_quantum,137,27,1.8306910991668701,0.06687690317630768,,2.1233204332239755,1.0,8,50
B_quantum,137,28,1.8306910991668701,0.06687690317630768,,2.1271874984493984,1.0,9,50
B_quantum,137,29,1.8306910991668701,0.06687690317630768,,2.131504492413107,1.0,10,50
B_quantum,137,30,1.8306910991668701,0.06687690317630768,,2.140430532214227,1.0,11,50
B_quantum,137,31,1.8306910991668701,0.06687690317630768,,2.1206381619675576,1.0,12,50
B_quantum,137,32,1.8306910991668701,0.06687690317630768,,2.134810715979871,1.0,13,50
B_quantum,137,33,1.8306910991668701,0.06687690317630768,,2.141645711521129,1.0,14,50
B_quantum,137,34,1.8306910991668701,0.06687690317630768,,2.140574784916487,1.0,15,50
B_quantum,137,35,1.8306910991668701,0.06687690317630768,,2.1063838966530315,1.0,16,50
B_quantum,137,36,1.8306910991668701,0.06687690317630768,,2.1227972143084815,1.0,17,50
B_quantum,137,37,1.8306910991668701,0.06687690317630768,,2.133648910819641,1.0,18,50
B_quantum,137,38,1.8306910991668701,0.06687690317630768,,2.126279875814248,1.0,19,50
B_quantum,137,39,1.8306910991668701,0.06687690317630768,,2.12698210441284,1.0,0,50
B_quantum,137,40,1.8306910991668701,0.06687690317630768,,2.130512159700725,1.0,1,50
B_quantum,137,41,1.829164743423462,0.08328399062156677,,2.1152970549667938,1.0,0,50
B_quantum,137,42,1.829164743423462,0.08328399062156677,,2.122651750203517,1.0,1,50
B_quantum,137,43,1.829164743423462,0.08328399062156677,,2.1289301185146607,1.0,2,50
B_quantum,137,44,1.829164743423462,0.08328399062156677,,2.118993869298137,1.0,3,50
B_quantum,137,45,1.829164743423462,0.08328399062156677,,2.131338445103513,1.0,4,50
B_quantum,137,46,1.829164743423462,0.08328399062156677,,2.1320337052271574,1.0,5,50
B_quantum,137,47,1.829164743423462,0.08328399062156677,,2.116892584106308,1.0,6,50
B_quantum,137,48,1.829164743423462,0.08328399062156677,,2.105280260203437,1.0,7,50
B_quantum,137,49,1.829164743423462,0.08328399062156677,,2.1405531701733946,1.0,8,50
B_quantum,137,50,1.8047983646392822,0.08100578933954239,,2.126891991201647,1.0,0,50
B_quantum,137,51,1.8047983646392822,0.08100578933954239,,2.108415991963081,1.0,1,50
B_quantum,137,52,1.8047983646392822,0.08100578933954239,,2.13079398011018,1.0,2,50
B_quantum,137,53,1.8047983646392822,0.08100578933954239,,2.123413457275466,1.0,3,50
B_quantum,137,54,1.8047983646392822,0.08100578933954239,,2.120543451411392,1.0,4,50
B_quantum,137,55,1.8047983646392822,0.08100578933954239,,2.1297736432518457,1.0,5,50
B_quantum,137,56,1.8047983646392822,0.08100578933954239,,2.1190038135175486,1.0,6,50
B_quantum,137,57,1.8047983646392822,0.08100578933954239,,2.1166929104621297,1.0,7,50
B_quantum,137,58,1.8047983646392822,0.08100578933954239,,2.130922680543753,1.0,8,50
B_quantum,137,59,1.8047983646392822,0.08100578933954239,,2.121639272076347,1.0,9,50
B_quantum,137,60,1.8047983646392822,0.08100578933954239,,2.133331018841108,1.0,10,50
B_quantum,137,61,1.8047983646392822,0.08100578933954239,,2.1165852202700655,1.0,11,50
B_quantum,137,62,1.8047983646392822,0.08100578933954239,,2.1232269830216275,1.0,12,50
B_quantum,137,63,1.8047983646392822,0.08100578933954239,,2.1001099473622835,1.0,13,50
B_quantum,137,64,1.8047983646392822,0.08100578933954239,,2.1154083770781815,1.0,14,50
B_quantum,137,65,1.8047983646392822,0.08100578933954239,,2.112450226994453,1.0,15,50
B_quantum,137,66,1.8047983646392822,0.08100578933954239,,2.1078857344356594,1.0,16,50
B_quantum,137,67,1.8047983646392822,0.08100578933954239,,2.1220294351248463,1.0,17,50
B_quantum,137,68,1.8047983646392822,0.08100578933954239,,2.1221494336245645,1.0,18,50
B_quantum,137,69,1.8047983646392822,0.08100578933954239,,2.1131975423249956,1.0,19,50
B_quantum,137,70,1.8047983646392822,0.08100578933954239,,2.1193921009843413,1.0,0,50
B_quantum,137,71,1.8047983646392822,0.08100578933954239,,2.1253826263665316,1.0,1,50
B_quantum,137,72,1.8047983646392822,0.08100578933954239,,2.108713562375812,1.0,2,50
B_quantum,137,73,1.8047983646392822,0.08100578933954239,,2.0995063515359282,1.0,3,50
B_quantum,137,74,1.8047983646392822,0.08100578933954239,,2.1143362786991045,1.0,4,50
B_quantum,137,75,1.8047983646392822,0.08100578933954239,,2.1299176596214764,1.0,5,50
B_quantum,137,76,1.8047983646392822,0.08100578933954239,,2.1132740694990804,1.0,6,50
B_quantum,137,77,1.8047983646392822,0.08100578933954239,,2.0999610961224273,1.0,7,50
B_quantum,137,78,1.8047983646392822,0.08100578933954239,,2.101592932040615,1.0,8,50
B_quantum,137,79,1.8047983646392822,0.08100578933954239,,2.1157753362155702,1.0,9,50
B_quantum,137,80,1.8047983646392822,0.08100578933954239,,2.1124431610004044,1.0,10,50
B_quantum,137,81,1.8047983646392822,0.08100578933954239,,2.0957525204360747,1.0,11,50
B_quantum,137,82,1.8047983646392822,0.08100578933954239,,2.095520367371815,1.0,12,50
B_quantum,137,83,1.8047983646392822,0.08100578933954239,,2.100065338146396,1.0,13,50
B_quantum,137,84,1.8047983646392822,0.08100578933954239,,2.1092350607477766,1.0,14,50
B_quantum,137,85,1.8047983646392822,0.08100578933954239,,2.114524490834809,1.0,15,50
B_quantum,137,86,1.8047983646392822,0.08100578933954239,,2.129030095828512,1.0,16,50
B_quantum,137,87,1.8047983646392822,0.08100578933954239,,2.105142480611065,1.0,17,50
B_quantum,137,88,1.8047983646392822,0.08100578933954239,,2.1119465632034014,1.0,18,50
B_quantum,137,89,1.8047983646392822,0.08100578933954239,,2.113213830380286,1.0,19,50
B_quantum,137,90,1.8047983646392822,0.08100578933954239,,2.1080478204071955,1.0,0,50
B_quantum,137,91,1.8047983646392822,0.08100578933954239,,2.1261901596436408,1.0,1,50
B_quantum,137,92,1.8047983646392822,0.08100578933954239,,2.1043296649153334,1.0,2,50
B_quantum,137,93,1.8047983646392822,0.08100578933954239,,2.1159419404627737,1.0,3,50
B_quantum,137,94,1.8047983646392822,0.08100578933954239,,2.105124089166171,1.0,4,50
B_quantum,137,95,1.8047983646392822,0.08100578933954239,,2.1121175653996542,1.0,5,50
B_quantum,137,96,1.8047983646392822,0.08100578933954239,,2.113138481929354,1.0,6,50
B_quantum,137,97,1.7745510339736938,0.0769074559211731,,2.122721241651091,1.0,0,50
B_quantum,137,98,1.7745510339736938,0.0769074559211731,,2.1080276539860794,1.0,1,50
B_quantum,137,99,1.7745510339736938,0.0769074559211731,,2.1019925830386517,1.0,2,50
B_quantum,137,100,1.7745510339736938,0.0769074559211731,,2.0922179184172944,1.0,3,50
B_quantum,137,101,1.7745510339736938,0.0769074559211731,,2.1033492842892754,1.0,4,50
B_quantum,137,102,1.7745510339736938,0.0769074559211731,,2.0853492281449477,1.0,5,50
B_quantum,137,103,1.7745510339736938,0.0769074559211731,,2.082262378199217,1.0,6,50
B_quantum,137,104,1.7745510339736938,0.0769074559211731,,2.0873045827887653,1.0,7,50
B_quantum,137,105,1.7745510339736938,0.0769074559211731,,2.109975054739088,1.0,8,50
B_quantum,137,106,1.7745510339736938,0.0769074559211731,,2.0884930001481026,1.0,9,50
B_quantum,137,107,1.7745510339736938,0.0769074559211731,,2.0884795128217672,1.0,10,50
B_quantum,137,108,1.7745510339736938,0.0769074559211731,,2.0660714584130493,1.0,11,50
B_quantum,137,109,1.7745510339736938,0.0769074559211731,,2.087922258273988,1.0,12,50
B_quantum,137,110,1.7745510339736938,0.0769074559211731,,2.088860792881303,1.0,13,50
B_quantum,137,111,1.7745510339736938,0.0769074559211731,,2.088824959663809,1.0,14,50
B_quantum,137,112,1.7745510339736938,0.0769074559211731,,2.076708605271832,1.0,15,50
B_quantum,137,113,1.7745510339736938,0.0769074559211731,,2.0774608119246385,1.0,16,50
B_quantum,137,114,1.7745510339736938,0.0769074559211731,,2.0888901263149315,1.0,17,50
B_quantum,137,115,1.7745510339736938,0.0769074559211731,,2.088817005574004,1.0,18,50
B_quantum,137,116,1.7745510339736938,0.0769074559211731,,2.068418854494337,1.0,19,50
B_quantum,137,117,1.7745510339736938,0.0769074559211731,,2.084233772994146,1.0,0,50
B_quantum,137,118,1.7745510339736938,0.0769074559211731,,2.085950321502095,1.0,1,50
B_quantum,137,119,1.7745510339736938,0.0769074559211731,,2.075478387366109,1.0,2,50
B_quantum,137,120,1.7745510339736938,0.0769074559211731,,2.0547007551794794,1.0,3,50
B_quantum,137,121,1.7745510339736938,0.0769074559211731,,2.058391459022916,1.0,4,50
B_quantum,137,122,1.7745510339736938,0.0769074559211731,,2.052367265947247,1.0,5,50
B_quantum,137,123,1.7745510339736938,0.0769074559211731,,2.0312665088276622,1.0,6,50
B_quantum,137,124,1.7745510339736938,0.0769074559211731,,2.0445699117687233,1.0,7,50
B_quantum,137,125,1.7745510339736938,0.0769074559211731,,2.0614403599487563,1.0,8,50
B_quantum,137,126,1.7745510339736938,0.0769074559211731,,2.044017721751662,1.0,9,50
B_quantum,137,127,1.7745510339736938,0.0769074559211731,,2.0393237862601086,1.0,10,50
B_quantum,137,128,1.7745510339736938,0.0769074559211731,,2.033101545104361,1.0,11,50
B_quantum,137,129,1.7745510339736938,0.0769074559211731,,2.044198157674826,1.0,12,50
B_quantum,137,130,1.7745510339736938,0.0769074559211731,,2.0713587945016356,1.0,13,50
B_quantum,137,131,1.7745510339736938,0.0769074559211731,,2.0712155453767744,1.0,14,50
B_quantum,137,132,1.7745510339736938,0.0769074559211731,,2.074441513666895,1.0,15,50
B_quantum,137,133,1.7745510339736938,0.0769074559211731,,2.0728244673215666,1.0,16,50
B_quantum,137,134,1.7745510339736938,0.0769074559211731,,2.0721002966710294,1.0,17,50
B_quantum,137,135,1.7745510339736938,0.0769074559211731,,2.0594892617127414,1.0,18,50
B_quantum,137,136,1.7745510339736938,0.0769074559211731,,2.02437788318177,1.0,19,50
B_quantum,137,137,1.7745510339736938,0.0769074559211731,,2.0263210475885143,1.0,0,50
B_quantum,137,138,1.7745510339736938,0.0769074559211731,,2.01890266389088,1.0,1,50
B_quantum,137,139,1.7745510339736938,0.0769074559211731,,2.0371587954115427,1.0,2,50
B_quantum,137,140,1.7745510339736938,0.0769074559211731,,2.0209076758488016,1.0,3,50
B_quantum,137,141,1.7745510339736938,0.0769074559211731,,1.9947787434598054,1.0,4,50
B_quantum,137,142,1.7745510339736938,0.0769074559211731,,1.9801058316103612,1.0,5,50
B_quantum,137,143,1.7745510339736938,0.0769074559211731,,1.9990789551911876,1.0,6,50
B_quantum,137,144,1.7745510339736938,0.0769074559211731,,1.9757475664999635,1.0,7,50
B_quantum,137,145,1.7745510339736938,0.0769074559211731,,2.006465765711108,1.0,8,50
B_quantum,137,146,1.7745510339736938,0.0769074559211731,,2.0053892470793007,1.0,9,50
B_quantum,137,147,1.7745510339736938,0.0769074559211731,,1.968058845008959,1.0,10,50
B_quantum,137,148,1.7745510339736938,0.0769074559211731,,1.9687001903583092,1.0,11,50
B_quantum,137,149,1.7745510339736938,0.0769074559211731,,1.959864320901027,1.0,12,50
B_quantum,137,150,1.7745510339736938,0.0769074559211731,,1.9488026052175333,1.0,13,50
B_quantum,271,1,1.9213966131210327,0.06516743451356888,,2.1263770131229864,1.0,0,18
B_quantum,271,2,1.8888152837753296,0.07674289494752884,,2.1015302831172304,1.0,0,36
B_quantum,271,3,1.8419387340545654,0.06116746366024017,,2.126292706265462,1.0,0,50
B_quantum,271,4,1.8419387340545654,0.06116746366024017,,2.1291578016385775,1.0,1,50
B_quantum,271,5,1.8419387340545654,0.06116746366024017,,2.1299865331633976,1.0,2,50
B_quantum,271,6,1.8419387340545654,0.06116746366024017,,2.130661017272606,1.0,3,50
B_quantum,271,7,1.8419387340545654,0.06116746366024017,,2.1505188739071013,1.0,4,50
B_quantum,271,8,1.8225469589233398,0.06919179111719131,,2.133621034847112,1.0,0,50
B_quantum,271,9,1.8225469589233398,0.06919179111719131,,2.1339666370599857,1.0,1,50
B_quantum,271,10,1.8225469589233398,0.06919179111719131,,2.120801615465068,1.0,2,50
B_quantum,271,11,1.8225469589233398,0.06919179111719131,,2.127192585117771,1.0,3,50
B_quantum,271,12,1.8225469589233398,0.06919179111719131,,2.1201720398887,1.0,4,50
B_quantum,271,13,1.8225469589233398,0.06919179111719131,,2.1254620699314506,1.0,5,50
B_quantum,271,14,1.8225469589233398,0.06919179111719131,,2.126704789524377,1.0,6,50
B_quantum,271,15,1.8225469589233398,0.06919179111719131,,2.1375925406131686,1.0,7,50
B_quantum,271,16,1.8225469589233398,0.06919179111719131,,2.1246025573559324,1.0,8,50
B_quantum,271,17,1.8225469589233398,0.06919179111719131,,2.1293598835945766,1.0,9,50
B_quantum,271,18,1.8225469589233398,0.06919179111719131,,2.117281738165738,1.0,10,50
B_quantum,271,19,1.8225469589233398,0.06919179111719131,,2.134988361608482,1.0,11,50
B_quantum,271,20,1.8225469589233398,0.06919179111719131,,2.1207263068049635,1.0,12,50
B_quantum,271,21,1.8225469589233398,0.06919179111719131,,2.126262139555074,1.0,13,50
B_quantum,271,22,1.8225469589233398,0.06919179111719131,,2.140288852257582,1.0,14,50
B_quantum,271,23,1.8225469589233398,0.06919179111719131,,2.1316793277103283,1.0,15,50
B_quantum,271,24,1.8225469589233398,0.06919179111719131,,2.123767513297365,1.0,16,50
B_quantum,271,25,1.8225469589233398,0.06919179111719131,,2.1278177925469306,1.0,17,50
B_quantum,271,26,1.800532341003418,0.088770292699337,,2.129104775493993,1.0,0,50
B_quantum,271,27,1.800532341003418,0.088770292699337,,2.127358696727594,1.0,1,50
B_quantum,271,28,1.800532341003418,0.088770292699337,,2.120717277314803,1.0,2,50
B_quantum,271,29,1.800532341003418,0.088770292699337,,2.1394192411164172,1.0,3,50
B_quantum,271,30,1.800532341003418,0.088770292699337,,2.1267580551060723,1.0,4,50
B_quantum,271,31,1.800532341003418,0.088770292699337,,2.1241437479823735,1.0,5,50
B_quantum,271,32,1.800532341003418,0.088770292699337,,2.1217733205300293,1.0,6,50
B_quantum,271,33,1.800532341003418,0.088770292699337,,2.138422478605749,1.0,7,50
B_quantum,271,34,1.800532341003418,0.088770292699337,,2.130659317086508,1.0,8,50
B_quantum,271,35,1.800532341003418,0.088770292699337,,2.1273461899154835,1.0,9,50
B_quantum,271,36,1.800532341003418,0.088770292699337,,2.139653092653835,1.0,10,50
B_quantum,271,37,1.800532341003418,0.088770292699337,,2.135924364521833,1.0,11,50
B_quantum,271,38,1.800532341003418,0.088770292699337,,2.1354978676460825,1.0,12,50
B_quantum,271,39,1.800532341003418,0.088770292699337,,2.1201795244167383,1.0,13,50
B_quantum,271,40,1.800532341003418,0.088770292699337,,2.1284578829765093,1.0,14,50
B_quantum,271,41,1.800532341003418,0.088770292699337,,2.127183156152044,1.0,15,50
B_quantum,271,42,1.800532341003418,0.088770292699337,,2.115629078198145,1.0,16,50
B_quantum,271,43,1.800532341003418,0.088770292699337,,2.126627881255575,1.0,17,50
B_quantum,271,44,1.800532341003418,0.088770292699337,,2.1227383488207687,1.0,18,50
B_quantum,271,45,1.7908662557601929,0.08759652078151703,,2.127667168991788,1.0,0,50
B_quantum,271,46,1.7908662557601929,0.08759652078151703,,2.1159653826209075,1.0,1,50
B_quantum,271,47,1.7908662557601929,0.08759652078151703,,2.1211911596935287,1.0,2,50
B_quantum,271,48,1.7908662557601929,0.08759652078151703,,2.1244064891074084,1.0,3,50
B_quantum,271,49,1.7908662557601929,0.08759652078151703,,2.132682878880722,1.0,4,50
B_quantum,271,50,1.7908662557601929,0.08759652078151703,,2.111934414191334,1.0,5,50
B_quantum,271,51,1.7908662557601929,0.08759652078151703,,2.125197344902345,1.0,6,50
B_quantum,271,52,1.7908662557601929,0.08759652078151703,,2.130233859758531,1.0,7,50
B_quantum,271,53,1.7908662557601929,0.08759652078151703,,2.1297326572818496,1.0,8,50
B_quantum,271,54,1.7908662557601929,0.08759652078151703,,2.112701530591122,1.0,9,50
B_quantum,271,55,1.7908662557601929,0.08759652078151703,,2.1245027574637474,1.0,10,50
B_quantum,271,56,1.7908662557601929,0.08759652078151703,,2.128532345561105,1.0,11,50
B_quantum,271,57,1.7908662557601929,0.08759652078151703,,2.127474548271697,1.0,12,50
B_quantum,271,58,1.7754713296890259,0.06915128976106644,,2.118822203429381,1.0,0,50
B_quantum,271,59,1.7754713296890259,0.06915128976106644,,2.1142818229466394,1.0,1,50
B_quantum,271,60,1.7754713296890259,0.06915128976106644,,2.10024360883885,1.0,2,50
B_quantum,271,61,1.7754713296890259,0.06915128976106644,,2.1277194359468012,1.0,3,50
B_quantum,271,62,1.7754713296890259,0.06915128976106644,,2.1255784076173265,1.0,4,50
B_quantum,271,63,1.7754713296890259,0.06915128976106644,,2.1413912991577324,1.0,5,50
B_quantum,271,64,1.7754713296890259,0.06915128976106644,,2.122958463563076,1.0,6,50
B_quantum,271,65,1.7754713296890259,0.06915128976106644,,2.1393702331400037,1.0,7,50
B_quantum,271,66,1.7754713296890259,0.06915128976106644,,2.129827715262807,1.0,8,50
B_quantum,271,67,1.7754713296890259,0.06915128976106644,,2.132141619642188,1.0,9,50
B_quantum,271,68,1.7754713296890259,0.06915128976106644,,2.119730373584263,1.0,10,50
B_quantum,271,69,1.7754713296890259,0.06915128976106644,,2.1218908631713433,1.0,11,50
B_quantum,271,70,1.7754713296890259,0.06915128976106644,,2.1306149496953606,1.0,12,50
B_quantum,271,71,1.7754713296890259,0.06915128976106644,,2.1199878202032956,1.0,13,50
B_quantum,271,72,1.7754713296890259,0.06915128976106644,,2.114112649423785,1.0,14,50
B_quantum,271,73,1.7754713296890259,0.06915128976106644,,2.1143326916555845,1.0,15,50
B_quantum,271,74,1.7754713296890259,0.06915128976106644,,2.138226829301671,1.0,16,50
B_quantum,271,75,1.7754713296890259,0.06915128976106644,,2.126217619239157,1.0,17,50
B_quantum,271,76,1.7754713296890259,0.06915128976106644,,2.1054052969123256,1.0,18,50
B_quantum,271,77,1.7754713296890259,0.06915128976106644,,2.1280614183286737,1.0,19,50
B_quantum,271,78,1.7754713296890259,0.06915128976106644,,2.102349366485998,1.0,0,50
B_quantum,271,79,1.7754713296890259,0.06915128976106644,,2.116964170819412,1.0,1,50
B_quantum,271,80,1.7754713296890259,0.06915128976106644,,2.1070225871301886,1.0,2,50
B_quantum,271,81,1.7754713296890259,0.06915128976106644,,2.104707389690155,1.0,3,50
B_quantum,271,82,1.7754713296890259,0.06915128976106644,,2.1126412888720996,1.0,4,50
B_quantum,271,83,1.7754713296890259,0.06915128976106644,,2.1132876082819285,1.0,5,50
B_quantum,271,84,1.7754713296890259,0.06915128976106644,,2.1132208933055066,1.0,6,50
B_quantum,271,85,1.7754713296890259,0.06915128976106644,,2.1076918994950438,1.0,7,50
B_quantum,271,86,1.7754713296890259,0.06915128976106644,,2.1095084668286987,1.0,8,50
B_quantum,271,87,1.7754713296890259,0.06915128976106644,,2.1128340096077527,1.0,9,50
B_quantum,271,88,1.7754713296890259,0.06915128976106644,,2.1107133062698527,1.0,10,50
B_quantum,271,89,1.7754713296890259,0.06915128976106644,,2.1046949366524275,1.0,11,50
B_quantum,271,90,1.7754713296890259,0.06915128976106644,,2.0815702202377007,1.0,12,50
B_quantum,271,91,1.7754713296890259,0.06915128976106644,,2.1052863082671203,1.0,13,50
B_quantum,271,92,1.7754713296890259,0.06915128976106644,,2.107269898594045,1.0,14,50
B_quantum,271,93,1.7754713296890259,0.06915128976106644,,2.0910293766039967,1.0,15,50
B_quantum,271,94,1.7754713296890259,0.06915128976106644,,2.078901698860809,1.0,16,50
B_quantum,271,95,1.7754713296890259,0.06915128976106644,,2.080807670956585,1.0,17,50
B_quantum,271,96,1.7754713296890259,0.06915128976106644,,2.0942790332519645,1.0,18,50
B_quantum,271,97,1.7754713296890259,0.06915128976106644,,2.0978980273921426,1.0,19,50
B_quantum,271,98,1.7754713296890259,0.06915128976106644,,2.1027651206958957,1.0,0,50
B_quantum,271,99,1.7754713296890259,0.06915128976106644,,2.0877463202594067,1.0,1,50
B_quantum,271,100,1.7754713296890259,0.06915128976106644,,2.0966262368186497,1.0,2,50
B_quantum,271,101,1.7754713296890259,0.06915128976106644,,2.112797270535894,1.0,3,50
B_quantum,271,102,1.7754713296890259,0.06915128976106644,,2.0987241798919563,1.0,4,50
B_quantum,271,103,1.7754713296890259,0.06915128976106644,,2.1018573723916822,1.0,5,50
B_quantum,271,104,1.7754713296890259,0.06915128976106644,,2.0872782873854407,1.0,6,50
B_quantum,271,105,1.7754713296890259,0.06915128976106644,,2.0958192027299773,1.0,7,50
B_quantum,271,106,1.7754713296890259,0.06915128976106644,,2.0898766317562547,1.0,8,50
B_quantum,271,107,1.7754713296890259,0.06915128976106644,,2.066358474027523,1.0,9,50
B_quantum,271,108,1.7754713296890259,0.06915128976106644,,2.070121167694912,1.0,10,50
B_quantum,271,109,1.7754713296890259,0.06915128976106644,,2.091108208127963,1.0,11,50
B_quantum,271,110,1.7754713296890259,0.06915128976106644,,2.0838369563084105,1.0,12,50
B_quantum,271,111,1.7754713296890259,0.06915128976106644,,2.0785666889915513,1.0,13,50
B_quantum,271,112,1.7754713296890259,0.06915128976106644,,2.088881968183131,1.0,14,50
B_quantum,271,113,1.7754713296890259,0.06915128976106644,,2.078466982624197,1.0,15,50
B_quantum,271,114,1.7754713296890259,0.06915128976106644,,2.0870782536731047,1.0,16,50
B_quantum,271,115,1.7754713296890259,0.06915128976106644,,2.0571278215091735,1.0,17,50
B_quantum,271,116,1.7754713296890259,0.06915128976106644,,2.047803665548842,1.0,18,50
B_quantum,271,117,1.7754713296890259,0.06915128976106644,,2.0462573892522693,1.0,19,50
B_quantum,271,118,1.7754713296890259,0.06915128976106644,,2.047040425759657,1.0,0,50
B_quantum,271,119,1.7754713296890259,0.06915128976106644,,2.056845268818861,1.0,1,50
B_quantum,271,120,1.7754713296890259,0.06915128976106644,,2.04094233113155,1.0,2,50
B_quantum,271,121,1.7754713296890259,0.06915128976106644,,2.056704884149253,1.0,3,50
B_quantum,271,122,1.7754713296890259,0.06915128976106644,,2.0718930674693206,1.0,4,50
B_quantum,271,123,1.7754713296890259,0.06915128976106644,,2.0633323011725055,1.0,5,50
B_quantum,271,124,1.7754713296890259,0.06915128976106644,,2.06577274062182,1.0,6,50
B_quantum,271,125,1.7754713296890259,0.06915128976106644,,2.0521910321852066,1.0,7,50
B_quantum,271,126,1.7754713296890259,0.06915128976106644,,2.054711126001037,1.0,8,50
B_quantum,271,127,1.7754713296890259,0.06915128976106644,,2.064321450373605,1.0,9,50
B_quantum,271,128,1.7754713296890259,0.06915128976106644,,2.069309243619031,1.0,10,50
B_quantum,271,129,1.7754713296890259,0.06915128976106644,,2.0488759402721235,1.0,11,50
B_quantum,271,130,1.7754713296890259,0.06915128976106644,,2.0771819735384014,1.0,12,50
B_quantum,271,131,1.7754713296890259,0.06915128976106644,,2.0440116306472413,1.0,13,50
B_quantum,271,132,1.7754713296890259,0.06915128976106644,,2.0381192647126087,1.0,14,50
B_quantum,271,133,1.7754713296890259,0.06915128976106644,,2.0266815840307926,1.0,15,50
B_quantum,271,134,1.7754713296890259,0.06915128976106644,,2.0071599660728143,1.0,16,50
B_quantum,271,135,1.7754713296890259,0.06915128976106644,,1.9876712431546015,1.0,17,50
B_quantum,271,136,1.7754713296890259,0.06915128976106644,,1.9773626268890974,1.0,18,50
B_quantum,271,137,1.7754713296890259,0.06915128976106644,,1.94469131992845,1.0,19,50
B_quantum,271,138,1.7754713296890259,0.06915128976106644,,1.9943975283422197,1.0,0,50
B_quantum,271,139,1.7754713296890259,0.06915128976106644,,1.9966202507154938,1.0,1,50
B_quantum,271,140,1.7754713296890259,0.06915128976106644,,1.9718372956578787,1.0,2,50
B_quantum,271,141,1.7754713296890259,0.06915128976106644,,1.9714409995935342,1.0,3,50
B_quantum,271,142,1.7754713296890259,0.06915128976106644,,1.9591053416662971,1.0,4,50
B_quantum,271,143,1.7754713296890259,0.06915128976106644,,1.9634872927668403,1.0,5,50
B_quantum,271,144,1.7754713296890259,0.06915128976106644,,1.9747620312564427,1.0,6,50
B_quantum,271,145,1.7754713296890259,0.06915128976106644,,1.9740231832246589,1.0,7,50
B_quantum,271,146,1.7754713296890259,0.06915128976106644,,1.978287276352387,1.0,8,50
B_quantum,271,147,1.7754713296890259,0.06915128976106644,,1.985848136611707,1.0,9,50
B_quantum,271,148,1.7754713296890259,0.06915128976106644,,2.0047417298167245,1.0,10,50
B_quantum,271,149,1.7754713296890259,0.06915128976106644,,1.9888931841037347,1.0,11,50
B_quantum,271,150,1.7754713296890259,0.06915128976106644,,1.9770990360501326,1.0,12,50
C_full_trust,42,1,1.8798396587371826,0.07560765743255615,,1.7060988414066414,1.0,1,17
C_full_trust,42,2,1.8798396587371826,0.07560765743255615,,1.6793703953295855,1.0,2,35
C_full_trust,42,3,1.8798396587371826,0.07560765743255615,,1.6423641787046575,1.0,3,50
C_full_trust,42,4,1.8798396587371826,0.07560765743255615,,1.660937609752766,1.0,4,50
C_full_trust,42,5,1.8798396587371826,0.07560765743255615,,1.6580998281045267,1.0,5,50
C_full_trust,42,6,1.8798396587371826,0.07560765743255615,,1.6670795546329376,1.0,6,50
C_full_trust,42,7,1.8798396587371826,0.07560765743255615,,1.6436809090484998,1.0,7,50
C_full_trust,42,8,1.8798396587371826,0.07560765743255615,,1.6454344305054502,1.0,8,50
C_full_trust,42,9,1.8798396587371826,0.07560765743255615,,1.6760212993987078,1.0,9,50
C_full_trust,42,10,1.8798396587371826,0.07560765743255615,,1.6940161879024118,1.0,10,50
C_full_trust,42,11,1.8798396587371826,0.07560765743255615,,1.7151662608826705,1.0,11,50
C_full_trust,42,12,1.8798396587371826,0.07560765743255615,,1.67361232565397,1.0,12,50
C_full_trust,42,13,1.8798396587371826,0.07560765743255615,,1.6646841172781441,1.0,13,50
C_full_trust,42,14,1.8798396587371826,0.07560765743255615,,1.6945584896007462,1.0,14,50
C_full_trust,42,15,1.834702730178833,0.046625662595033646,,1.6729429986772444,1.0,0,50
C_full_trust,42,16,1.834702730178833,0.046625662595033646,,1.684250833093162,1.0,1,50
C_full_trust,42,17,1.834702730178833,0.046625662595033646,,1.649103943628022,1.0,2,50
C_full_trust,42,18,1.834702730178833,0.046625662595033646,,1.665017905659402,1.0,3,50
C_full_trust,42,19,1.834702730178833,0.046625662595033646,,1.6745806568455586,1.0,4,50
C_full_trust,42,20,1.834702730178833,0.046625662595033646,,1.6566846459462634,1.0,5,50
C_full_trust,42,21,1.834702730178833,0.046625662595033646,,1.6722390668130689,1.0,6,50
C_full_trust,42,22,1.834702730178833,0.046625662595033646,,1.674679200694307,1.0,7,50
C_full_trust,42,23,1.834702730178833,0.046625662595033646,,1.6541672332766044,1.0,8,50
C_full_trust,42,24,1.834702730178833,0.046625662595033646,,1.6125715995518053,1.0,9,50
C_full_trust,42,25,1.834702730178833,0.046625662595033646,,1.6013727224634267,1.0,10,50
C_full_trust,42,26,1.834702730178833,0.046625662595033646,,1.6217077032597536,1.0,11,50
C_full_trust,42,27,1.834702730178833,0.046625662595033646,,1.6312223280799003,1.0,12,50
C_full_trust,42,28,1.834702730178833,0.046625662595033646,,1.6312312450243065,1.0,13,50
C_full_trust,42,29,1.834702730178833,0.046625662595033646,,1.6664763140800045,1.0,14,50
C_full_trust,42,30,1.834702730178833,0.046625662595033646,,1.6262427872068812,1.0,15,50
C_full_trust,42,31,1.834702730178833,0.046625662595033646,,1.6410779935926307,1.0,16,50
C_full_trust,42,32,1.834702730178833,0.046625662595033646,,1.6757159975974099,1.0,17,50
C_full_trust,42,33,1.834702730178833,0.046625662595033646,,1.701522349678252,1.0,18,50
C_full_trust,42,34,1.834702730178833,0.046625662595033646,,1.646322510702813,1.0,19,50
C_full_trust,42,35,1.834702730178833,0.046625662595033646,,1.6879278898755332,1.0,0,50
C_full_trust,42,36,1.834702730178833,0.046625662595033646,,1.6502570745748926,1.0,1,50
C_full_trust,42,37,1.834702730178833,0.046625662595033646,,1.6587453416073972,1.0,2,50
C_full_trust,42,38,1.834702730178833,0.046625662595033646,,1.6824046345122419,1.0,3,50
C_full_trust,42,39,1.834702730178833,0.046625662595033646,,1.6993851730992704,1.0,4,50
C_full_trust,42,40,1.834702730178833,0.046625662595033646,,1.6789185286815171,1.0,5,50
C_full_trust,42,41,1.834702730178833,0.046625662595033646,,1.625826711529817,1.0,6,50
C_full_trust,42,42,1.834702730178833,0.046625662595033646,,1.6018190769211436,1.0,7,50
C_full_trust,42,43,1.834702730178833,0.046625662595033646,,1.6160634137984955,1.0,8,50
C_full_trust,42,44,1.834702730178833,0.046625662595033646,,1.6048312216733938,1.0,9,50
C_full_trust,42,45,1.834702730178833,0.046625662595033646,,1.5967823398022312,1.0,10,50
C_full_trust,42,46,1.834702730178833,0.046625662595033646,,1.5553393670879596,1.0,11,50
C_full_trust,42,47,1.834702730178833,0.046625662595033646,,1.6039088776716504,1.0,12,50
C_full_trust,42,48,1.834702730178833,0.046625662595033646,,1.6129240489662984,1.0,13,50
C_full_trust,42,49,1.834702730178833,0.046625662595033646,,1.6131764854028656,1.0,14,50
C_full_trust,42,50,1.834702730178833,0.046625662595033646,,1.6261018815086146,1.0,15,50
C_full_trust,42,51,1.834702730178833,0.046625662595033646,,1.5941114785478037,1.0,16,50
C_full_trust,42,52,1.834702730178833,0.046625662595033646,,1.5924944690912743,1.0,17,50
C_full_trust,42,53,1.834702730178833,0.046625662595033646,,1.5555403212985766,1.0,18,50
C_full_trust,42,54,1.834702730178833,0.046625662595033646,,1.5505083645697022,1.0,19,50
C_full_trust,42,55,1.8309593200683594,0.04692305251955986,,1.5892854117270367,1.0,0,50
C_full_trust,42,56,1.8309593200683594,0.04692305251955986,,1.5830535032265134,1.0,1,50
C_full_trust,42,57,1.8309593200683594,0.04692305251955986,,1.631844545642715,1.0,2,50
C_full_trust,42,58,1.8309593200683594,0.04692305251955986,,1.6494460834761302,1.0,3,50
C_full_trust,42,59,1.8309593200683594,0.04692305251955986,,1.6358211326658854,1.0,4,50
C_full_trust,42,60,1.8309593200683594,0.04692305251955986,,1.6259683351664889,1.0,5,50
C_full_trust,42,61,1.8309593200683594,0.04692305251955986,,1.6563133746500096,1.0,6,50
C_full_trust,42,62,1.8309593200683594,0.04692305251955986,,1.6320040230526547,1.0,7,50
C_full_trust,42,63,1.8309593200683594,0.04692305251955986,,1.5969734186126199,1.0,8,50
C_full_trust,42,64,1.8309593200683594,0.04692305251955986,,1.6118111171517473,1.0,9,50
C_full_trust,42,65,1.8309593200683594,0.04692305251955986,,1.6113275774157023,1.0,10,50
C_full_trust,42,66,1.8309593200683594,0.04692305251955986,,1.601428416324029,1.0,11,50
C_full_trust,42,67,1.8309593200683594,0.04692305251955986,,1.5787269794432897,1.0,12,50
C_full_trust,42,68,1.8309593200683594,0.04692305251955986,,1.6010501085422175,1.0,13,50
C_full_trust,42,69,1.8309593200683594,0.04692305251955986,,1.60188536580788,1.0,14,50
C_full_trust,42,70,1.8309593200683594,0.04692305251955986,,1.6211888521685873,1.0,15,50
C_full_trust,42,71,1.8309593200683594,0.04692305251955986,,1.6069031829754536,1.0,16,50
C_full_trust,42,72,1.8309593200683594,0.04692305251955986,,1.5874908742522618,1.0,17,50
C_full_trust,42,73,1.8309593200683594,0.04692305251955986,,1.5828697206648832,1.0,18,50
C_full_trust,42,74,1.8309593200683594,0.04692305251955986,,1.5865988794959447,1.0,19,50
C_full_trust,42,75,1.8309593200683594,0.04692305251955986,,1.5883802371968139,1.0,0,50
C_full_trust,42,76,1.8309593200683594,0.04692305251955986,,1.5833039772681239,1.0,1,50
C_full_trust,42,77,1.8309593200683594,0.04692305251955986,,1.5823803986635803,1.0,2,50
C_full_trust,42,78,1.8309593200683594,0.04692305251955986,,1.591053159565491,1.0,3,50
C_full_trust,42,79,1.8309593200683594,0.04692305251955986,,1.5901784247939479,1.0,4,50
C_full_trust,42,80,1.8309593200683594,0.04692305251955986,,1.5984626927170151,1.0,5,50
C_full_trust,42,81,1.8309593200683594,0.04692305251955986,,1.5541454601958467,1.0,6,50
C_full_trust,42,82,1.8309593200683594,0.04692305251955986,,1.5985935070488844,1.0,7,50
C_full_trust,42,83,1.8309593200683594,0.04692305251955986,,1.6348572744060321,1.0,8,50
C_full_trust,42,84,1.8309593200683594,0.04692305251955986,,1.628108501479546,1.0,9,50
C_full_trust,42,85,1.8309593200683594,0.04692305251955986,,1.6177248266429138,1.0,10,50
C_full_trust,42,86,1.8309593200683594,0.04692305251955986,,1.6365015603839774,1.0,11,50
C_full_trust,42,87,1.8309593200683594,0.04692305251955986,,1.6173233724289906,1.0,12,50
C_full_trust,42,88,1.8309593200683594,0.04692305251955986,,1.5941780851105456,1.0,13,50
C_full_trust,42,89,1.8309593200683594,0.04692305251955986,,1.5744909630961805,1.0,14,50
C_full_trust,42,90,1.8309593200683594,0.04692305251955986,,1.5363319182176374,1.0,15,50
C_full_trust,42,91,1.8309593200683594,0.04692305251955986,,1.5543562762527636,1.0,16,50
C_full_trust,42,92,1.8309593200683594,0.04692305251955986,,1.553126196821471,1.0,17,50
C_full_trust,42,93,1.8309593200683594,0.04692305251955986,,1.5611761696542987,1.0,18,50
C_full_trust,42,94,1.8309593200683594,0.04692305251955986,,1.5481733451696555,1.0,19,50
C_full_trust,42,95,1.8309593200683594,0.04692305251955986,,1.5940825702393684,1.0,0,50
C_full_trust,42,96,1.8309593200683594,0.04692305251955986,,1.5397354873773654,1.0,1,50
C_full_trust,42,97,1.8309593200683594,0.04692305251955986,,1.5089855408588086,1.0,2,50
C_full_trust,42,98,1.8309593200683594,0.04692305251955986,,1.5249286445499668,1.0,3,50
C_full_trust,42,99,1.8309593200683594,0.04692305251955986,,1.540528982688687,1.0,4,50
C_full_trust,42,100,1.8309593200683594,0.04692305251955986,,1.4976198961276723,1.0,5,50
C_full_trust,42,101,1.8309593200683594,0.04692305251955986,,1.5041416959032508,1.0,6,50
C_full_trust,42,102,1.8309593200683594,0.04692305251955986,,1.5459927387456278,1.0,7,50
C_full_trust,42,103,1.8309593200683594,0.04692305251955986,,1.52395143876304,1.0,8,50
C_full_trust,42,104,1.8309593200683594,0.04692305251955986,,1.5050581374977972,1.0,9,50
C_full_trust,42,105,1.8309593200683594,0.04692305251955986,,1.4977055495181903,1.0,10,50
C_full_trust,42,106,1.8309593200683594,0.04692305251955986,,1.485737487231962,1.0,11,50
C_full_trust,42,107,1.8309593200683594,0.04692305251955986,,1.5124737608325174,1.0,12,50
C_full_trust,42,108,1.8309593200683594,0.04692305251955986,,1.5038277154119297,1.0,13,50
C_full_trust,42,109,1.8309593200683594,0.04692305251955986,,1.493104944433772,1.0,14,50
C_full_trust,42,110,1.8309593200683594,0.04692305251955986,,1.4602334211056718,1.0,15,50
C_full_trust,42,111,1.8309593200683594,0.04692305251955986,,1.4651782366458204,1.0,16,50
C_full_trust,42,112,1.8309593200683594,0.04692305251955986,,1.4925343253766394,1.0,17,50
C_full_trust,42,113,1.8309593200683594,0.04692305251955986,,1.4827491795172831,1.0,18,50
C_full_trust,42,114,1.8309593200683594,0.04692305251955986,,1.4961495072213151,1.0,19,50
C_full_trust,42,115,1.8309593200683594,0.04692305251955986,,1.5470399320843609,1.0,0,50
C_full_trust,42,116,1.8309593200683594,0.04692305251955986,,1.5171706544780468,1.0,1,50
C_full_trust,42,117,1.8309593200683594,0.04692305251955986,,1.4765484918535652,1.0,2,50
C_full_trust,42,118,1.8309593200683594,0.04692305251955986,,1.4910412309872432,1.0,3,50
C_full_trust,42,119,1.8309593200683594,0.04692305251955986,,1.4705992351251322,1.0,4,50
C_full_trust,42,120,1.8309593200683594,0.04692305251955986,,1.4981383724152146,1.0,5,50
C_full_trust,42,121,1.8309593200683594,0.04692305251955986,,1.4966964541550636,1.0,6,50
C_full_trust,42,122,1.8309593200683594,0.04692305251955986,,1.45527561089795,1.0,7,50
C_full_trust,42,123,1.8309593200683594,0.04692305251955986,,1.5112156033072612,1.0,8,50
C_full_trust,42,124,1.8309593200683594,0.04692305251955986,,1.4946537235056263,1.0,9,50
C_full_trust,42,125,1.8309593200683594,0.04692305251955986,,1.48747796335477,1.0,10,50
C_full_trust,42,126,1.8309593200683594,0.04692305251955986,,1.4889365250406361,1.0,11,50
C_full_trust,42,127,1.8309593200683594,0.04692305251955986,,1.4841884883439889,1.0,12,50
C_full_trust,42,128,1.8309593200683594,0.04692305251955986,,1.482846368861795,1.0,13,50
C_full_trust,42,129,1.8309593200683594,0.04692305251955986,,1.4765621653114325,1.0,14,50
C_full_trust,42,130,1.8309593200683594,0.04692305251955986,,1.4416219917447202,1.0,15,50
C_full_trust,42,131,1.8309593200683594,0.04692305251955986,,1.418880976217889,1.0,16,50
C_full_trust,42,132,1.8309593200683594,0.04692305251955986,,1.4114108177322744,1.0,17,50
C_full_trust,42,133,1.8309593200683594,0.04692305251955986,,1.3966697444298837,1.0,18,50
C_full_trust,42,134,1.8309593200683594,0.04692305251955986,,1.4110153042934568,1.0,19,50
C_full_trust,42,135,1.8309593200683594,0.04692305251955986,,1.4409690709362089,1.0,0,50
C_full_trust,42,136,1.8309593200683594,0.04692305251955986,,1.4289279571279645,1.0,1,50
C_full_trust,42,137,1.8309593200683594,0.04692305251955986,,1.4618551403578097,1.0,2,50
C_full_trust,42,138,1.8309593200683594,0.04692305251955986,,1.464698966217883,1.0,3,50
C_full_trust,42,139,1.8309593200683594,0.04692305251955986,,1.4908549493266836,1.0,4,50
C_full_trust,42,140,1.8309593200683594,0.04692305251955986,,1.4499904863045847,1.0,5,50
C_full_trust,42,141,1.8309593200683594,0.04692305251955986,,1.41948880041811,1.0,6,50
C_full_trust,42,142,1.8309593200683594,0.04692305251955986,,1.4230833364583912,1.0,7,50
C_full_trust,42,143,1.8309593200683594,0.04692305251955986,,1.3966410264869042,1.0,8,50
C_full_trust,42,144,1.8309593200683594,0.04692305251955986,,1.348716604802863,1.0,9,50
C_full_trust,42,145,1.8309593200683594,0.04692305251955986,,1.3223567744120477,1.0,10,50
C_full_trust,42,146,1.8309593200683594,0.04692305251955986,,1.3540786746660685,1.0,11,50
C_full_trust,42,147,1.8309593200683594,0.04692305251955986,,1.3574272020376343,1.0,12,50
C_full_trust,42,148,1.8309593200683594,0.04692305251955986,,1.3662924165579586,1.0,13,50
C_full_trust,42,149,1.8309593200683594,0.04692305251955986,,1.3924861251637919,1.0,14,50
C_full_trust,42,150,1.8309593200683594,0.04692305251955986,,1.36443576005332,1.0,15,50
C_full_trust,137,1,1.842654824256897,0.052617598325014114,,1.7159029177112104,1.0,0,18
C_full_trust,137,2,1.842654824256897,0.052617598325014114,,1.6963462715169906,1.0,1,36
C_full_trust,137,3,1.842654824256897,0.052617598325014114,,1.6931660836346205,1.0,2,50
C_full_trust,137,4,1.842654824256897,0.052617598325014114,,1.6912522930595257,1.0,3,50
C_full_trust,137,5,1.842654824256897,0.052617598325014114,,1.6988792149464516,1.0,4,50
C_full_trust,137,6,1.842654824256897,0.052617598325014114,,1.70198447536467,1.0,5,50
C_full_trust,137,7,1.842654824256897,0.052617598325014114,,1.6948458169527132,1.0,6,50
C_full_trust,137,8,1.842654824256897,0.052617598325014114,,1.6762951985096892,1.0,7,50
C_full_trust,137,9,1.842654824256897,0.052617598325014114,,1.6506883524300866,1.0,8,50
C_full_trust,137,10,1.842654824256897,0.052617598325014114,,1.6335079364479532,1.0,9,50
C_full_trust,137,11,1.842654824256897,0.052617598325014114,,1.6685719422927432,1.0,10,50
C_full_trust,137,12,1.842654824256897,0.052617598325014114,,1.6620432950537631,1.0,11,50
C_full_trust,137,13,1.842654824256897,0.052617598325014114,,1.6427484095870537,1.0,12,50
C_full_trust,137,14,1.842654824256897,0.052617598325014114,,1.6505492842168148,1.0,13,50
C_full_trust,137,15,1.842654824256897,0.052617598325014114,,1.641082525384341,1.0,14,50
C_full_trust,137,16,1.842654824256897,0.052617598325014114,,1.6278207387891315,1.0,15,50
C_full_trust,137,17,1.842654824256897,0.052617598325014114,,1.6156979517764896,1.0,16,50
C_full_trust,137,18,1.842654824256897,0.052617598325014114,,1.623863678185554,1.0,17,50
C_full_trust,137,19,1.842654824256897,0.052617598325014114,,1.618889111790364,1.0,18,50
C_full_trust,137,20,1.8231351375579834,0.052901070564985275,,1.6757271505624318,1.0,0,50
C_full_trust,137,21,1.8231351375579834,0.052901070564985275,,1.6514522583410738,1.0,1,50
C_full_trust,137,22,1.8231351375579834,0.052901070564985275,,1.6346651503989131,1.0,2,50
C_full_trust,137,23,1.8231351375579834,0.052901070564985275,,1.6471566214047346,1.0,3,50
C_full_trust,137,24,1.8231351375579834,0.052901070564985275,,1.6583769699516193,1.0,4,50
C_full_trust,137,25,1.8231351375579834,0.052901070564985275,,1.6523801792483228,1.0,5,50
C_full_trust,137,26,1.8231351375579834,0.052901070564985275,,1.6626160121801277,1.0,6,50
C_full_trust,137,27,1.8231351375579834,0.052901070564985275,,1.6557008606166173,1.0,7,50
C_full_trust,137,28,1.8231351375579834,0.052901070564985275,,1.6695270429421238,1.0,8,50
C_full_trust,137,29,1.8231351375579834,0.052901070564985275,,1.6317326739110776,1.0,9,50
C_full_trust,137,30,1.8231351375579834,0.052901070564985275,,1.6319115227535796,1.0,10,50
C_full_trust,137,31,1.8231351375579834,0.052901070564985275,,1.5992338300389424,1.0,11,50
C_full_trust,137,32,1.8231351375579834,0.052901070564985275,,1.6409975152007177,1.0,12,50
C_full_trust,137,33,1.8231351375579834,0.052901070564985275,,1.6405493949361638,1.0,13,50
C_full_trust,137,34,1.8231351375579834,0.052901070564985275,,1.6120482377016399,1.0,14,50
C_full_trust,137,35,1.8231351375579834,0.052901070564985275,,1.6177648725040195,1.0,15,50
C_full_trust,137,36,1.8231351375579834,0.052901070564985275,,1.6061465845834486,1.0,16,50
C_full_trust,137,37,1.8231351375579834,0.052901070564985275,,1.6251012125614401,1.0,17,50
C_full_trust,137,38,1.8231351375579834,0.052901070564985275,,1.6542346941351327,1.0,18,50
C_full_trust,137,39,1.8231351375579834,0.052901070564985275,,1.652028366629718,1.0,19,50
C_full_trust,137,40,1.8231351375579834,0.052901070564985275,,1.6992112600633797,1.0,0,50
C_full_trust,137,41,1.8231351375579834,0.052901070564985275,,1.6558168373188145,1.0,1,50
C_full_trust,137,42,1.8231351375579834,0.052901070564985275,,1.6712103423336526,1.0,2,50
C_full_trust,137,43,1.8231351375579834,0.052901070564985275,,1.6796100002618455,1.0,3,50
C_full_trust,137,44,1.8231351375579834,0.052901070564985275,,1.6663526302039047,1.0,4,50
C_full_trust,137,45,1.8231351375579834,0.052901070564985275,,1.6640173573095711,1.0,5,50
C_full_trust,137,46,1.8231351375579834,0.052901070564985275,,1.6602769881135064,1.0,6,50
C_full_trust,137,47,1.8231351375579834,0.052901070564985275,,1.663647093880154,1.0,7,50
C_full_trust,137,48,1.8231351375579834,0.052901070564985275,,1.6727901377240797,1.0,8,50
C_full_trust,137,49,1.8231351375579834,0.052901070564985275,,1.6782898373809263,1.0,9,50
C_full_trust,137,50,1.8231351375579834,0.052901070564985275,,1.689507419651054,1.0,10,50
C_full_trust,137,51,1.8231351375579834,0.052901070564985275,,1.6834647862743115,1.0,11,50
C_full_trust,137,52,1.8231351375579834,0.052901070564985275,,1.6709955425475531,1.0,12,50
C_full_trust,137,53,1.8231351375579834,0.052901070564985275,,1.6364170666791211,1.0,13,50
C_full_trust,137,54,1.8231351375579834,0.052901070564985275,,1.609830646886148,1.0,14,50
C_full_trust,137,55,1.8231351375579834,0.052901070564985275,,1.6451624475398496,1.0,15,50
C_full_trust,137,56,1.8231351375579834,0.052901070564985275,,1.6237353447844056,1.0,16,50
C_full_trust,137,57,1.8231351375579834,0.052901070564985275,,1.6592922377087098,1.0,17,50
C_full_trust,137,58,1.8231351375579834,0.052901070564985275,,1.6320474584890987,1.0,18,50
C_full_trust,137,59,1.8231351375579834,0.052901070564985275,,1.6005598914730337,1.0,19,50
C_full_trust,137,60,1.8231351375579834,0.052901070564985275,,1.648161041137457,1.0,0,50
C_full_trust,137,61,1.8231351375579834,0.052901070564985275,,1.6454457364331023,1.0,1,50
C_full_trust,137,62,1.8231351375579834,0.052901070564985275,,1.641684954834509,1.0,2,50
C_full_trust,137,63,1.8231351375579834,0.052901070564985275,,1.6359717150960498,1.0,3,50
C_full_trust,137,64,1.8231351375579834,0.052901070564985275,,1.628040196287189,1.0,4,50
C_full_trust,137,65,1.8231351375579834,0.052901070564985275,,1.640565897943951,1.0,5,50
C_full_trust,137,66,1.8231351375579834,0.052901070564985275,,1.6463542400482294,1.0,6,50
C_full_trust,137,67,1.8231351375579834,0.052901070564985275,,1.6033879029696838,1.0,7,50
C_full_trust,137,68,1.8231351375579834,0.052901070564985275,,1.6136227861791526,1.0,8,50
C_full_trust,137,69,1.8231351375579834,0.052901070564985275,,1.6542111531751684,1.0,9,50
C_full_trust,137,70,1.8231351375579834,0.052901070564985275,,1.6359282747766728,1.0,10,50
C_full_trust,137,71,1.8231351375579834,0.052901070564985275,,1.6539056969114008,1.0,11,50
C_full_trust,137,72,1.8231351375579834,0.052901070564985275,,1.630282058688154,1.0,12,50
C_full_trust,137,73,1.8231351375579834,0.052901070564985275,,1.5865101341283934,1.0,13,50
C_full_trust,137,74,1.8231351375579834,0.052901070564985275,,1.6022503359487135,1.0,14,50
C_full_trust,137,75,1.8231351375579834,0.052901070564985275,,1.617299400848989,1.0,15,50
C_full_trust,137,76,1.8231351375579834,0.052901070564985275,,1.6062121138736556,1.0,16,50
C_full_trust,137,77,1.8231351375579834,0.052901070564985275,,1.5902389888655604,1.0,17,50
C_full_trust,137,78,1.8231351375579834,0.052901070564985275,,1.5938764942156862,1.0,18,50
C_full_trust,137,79,1.8231351375579834,0.052901070564985275,,1.5862459670375166,1.0,19,50
C_full_trust,137,80,1.8231351375579834,0.052901070564985275,,1.6108130759758938,1.0,0,50
C_full_trust,137,81,1.8231351375579834,0.052901070564985275,,1.5752283359272468,1.0,1,50
C_full_trust,137,82,1.8231351375579834,0.052901070564985275,,1.5849134164761252,1.0,2,50
C_full_trust,137,83,1.8231351375579834,0.052901070564985275,,1.6060943021955774,1.0,3,50
C_full_trust,137,84,1.8231351375579834,0.052901070564985275,,1.5892795813925404,1.0,4,50
C_full_trust,137,85,1.8231351375579834,0.052901070564985275,,1.6061012337603662,1.0,5,50
C_full_trust,137,86,1.8231351375579834,0.052901070564985275,,1.576541666684991,1.0,6,50
C_full_trust,137,87,1.8231351375579834,0.052901070564985275,,1.5612036023232427,1.0,7,50
C_full_trust,137,88,1.8231351375579834,0.052901070564985275,,1.569933002640981,1.0,8,50
C_full_trust,137,89,1.8231351375579834,0.052901070564985275,,1.541419446728198,1.0,9,50
C_full_trust,137,90,1.8231351375579834,0.052901070564985275,,1.548087318976293,1.0,10,50
C_full_trust,137,91,1.8231351375579834,0.052901070564985275,,1.5719632611389276,1.0,11,50
C_full_trust,137,92,1.8231351375579834,0.052901070564985275,,1.6079162386878,1.0,12,50
C_full_trust,137,93,1.8231351375579834,0.052901070564985275,,1.6441917577629073,1.0,13,50
C_full_trust,137,94,1.8231351375579834,0.052901070564985275,,1.592848635020336,1.0,14,50
C_full_trust,137,95,1.8231351375579834,0.052901070564985275,,1.5652396026101965,1.0,15,50
C_full_trust,137,96,1.8231351375579834,0.052901070564985275,,1.6023414153609858,1.0,16,50
C_full_trust,137,97,1.8231351375579834,0.052901070564985275,,1.5947103794781654,1.0,17,50
C_full_trust,137,98,1.8231351375579834,0.052901070564985275,,1.5779737226106816,1.0,18,50
C_full_trust,137,99,1.8231351375579834,0.052901070564985275,,1.556770952540413,1.0,19,50
C_full_trust,137,100,1.8231351375579834,0.052901070564985275,,1.5574017751008429,1.0,0,50
C_full_trust,137,101,1.8231351375579834,0.052901070564985275,,1.500169358660178,1.0,1,50
C_full_trust,137,102,1.8231351375579834,0.052901070564985275,,1.4711758578532164,1.0,2,50
C_full_trust,137,103,1.8231351375579834,0.052901070564985275,,1.4843006833011327,1.0,3,50
C_full_trust,137,104,1.8231351375579834,0.052901070564985275,,1.5103764410885285,1.0,4,50
C_full_trust,137,105,1.8231351375579834,0.052901070564985275,,1.5026300454787613,1.0,5,50
C_full_trust,137,106,1.8231351375579834,0.052901070564985275,,1.4906641479665312,1.0,6,50
C_full_trust,137,107,1.8231351375579834,0.052901070564985275,,1.494348496254337,1.0,7,50
C_full_trust,137,108,1.8231351375579834,0.052901070564985275,,1.4945872663016149,1.0,8,50
C_full_trust,137,109,1.8231351375579834,0.052901070564985275,,1.4806328535866222,1.0,9,50
C_full_trust,137,110,1.8231351375579834,0.052901070564985275,,1.48145120409458,1.0,10,50
C_full_trust,137,111,1.8231351375579834,0.052901070564985275,,1.4961366503105997,1.0,11,50
C_full_trust,137,112,1.8231351375579834,0.052901070564985275,,1.5265627552400485,1.0,12,50
C_full_trust,137,113,1.8231351375579834,0.052901070564985275,,1.5108285314009917,1.0,13,50
C_full_trust,137,114,1.8231351375579834,0.052901070564985275,,1.4627626514678091,1.0,14,50
C_full_trust,137,115,1.8231351375579834,0.052901070564985275,,1.4283814599972764,1.0,15,50
C_full_trust,137,116,1.8231351375579834,0.052901070564985275,,1.4361773008650067,1.0,16,50
C_full_trust,137,117,1.8231351375579834,0.052901070564985275,,1.442643290026055,1.0,17,50
C_full_trust,137,118,1.8231351375579834,0.052901070564985275,,1.4953397880806085,1.0,18,50
C_full_trust,137,119,1.8231351375579834,0.052901070564985275,,1.485839345594095,1.0,19,50
C_full_trust,137,120,1.8231351375579834,0.052901070564985275,,1.5539776785696218,1.0,0,50
C_full_trust,137,121,1.8231351375579834,0.052901070564985275,,1.5404481216635384,1.0,1,50
C_full_trust,137,122,1.8231351375579834,0.052901070564985275,,1.5257411964259806,1.0,2,50
C_full_trust,137,123,1.8231351375579834,0.052901070564985275,,1.5154864388445657,1.0,3,50
C_full_trust,137,124,1.8231351375579834,0.052901070564985275,,1.5035919343217679,1.0,4,50
C_full_trust,137,125,1.8231351375579834,0.052901070564985275,,1.4934143418633756,1.0,5,50
C_full_trust,137,126,1.8231351375579834,0.052901070564985275,,1.4974444397608444,1.0,6,50
C_full_trust,137,127,1.8231351375579834,0.052901070564985275,,1.4829334818903261,1.0,7,50
C_full_trust,137,128,1.8231351375579834,0.052901070564985275,,1.4557240713257746,1.0,8,50
C_full_trust,137,129,1.8231351375579834,0.052901070564985275,,1.4571154089123863,1.0,9,50
C_full_trust,137,130,1.8231351375579834,0.052901070564985275,,1.4707005153776707,1.0,10,50
C_full_trust,137,131,1.8231351375579834,0.052901070564985275,,1.4911268320479345,1.0,11,50
C_full_trust,137,132,1.8231351375579834,0.052901070564985275,,1.4778396328369463,1.0,12,50
C_full_trust,137,133,1.8231351375579834,0.052901070564985275,,1.489461752372914,1.0,13,50
C_full_trust,137,134,1.8231351375579834,0.052901070564985275,,1.4553504994459117,1.0,14,50
C_full_trust,137,135,1.8231351375579834,0.052901070564985275,,1.4375069037710522,1.0,15,50
C_full_trust,137,136,1.8231351375579834,0.052901070564985275,,1.4473597884534646,1.0,16,50
C_full_trust,137,137,1.8231351375579834,0.052901070564985275,,1.4312679156908128,1.0,17,50
C_full_trust,137,138,1.8231351375579834,0.052901070564985275,,1.389267996561798,1.0,18,50
C_full_trust,137,139,1.8231351375579834,0.052901070564985275,,1.3616095342522203,1.0,19,50
C_full_trust,137,140,1.8231351375579834,0.052901070564985275,,1.430839278567063,1.0,0,50
C_full_trust,137,141,1.8231351375579834,0.052901070564985275,,1.3442695395463695,1.0,1,50
C_full_trust,137,142,1.8231351375579834,0.052901070564985275,,1.340321363958335,1.0,2,50
C_full_trust,137,143,1.8231351375579834,0.052901070564985275,,1.3263080318659295,1.0,3,50
C_full_trust,137,144,1.8231351375579834,0.052901070564985275,,1.3147114381389622,1.0,4,50
C_full_trust,137,145,1.8231351375579834,0.052901070564985275,,1.318723506465387,1.0,5,50
C_full_trust,137,146,1.8231351375579834,0.052901070564985275,,1.3323499655715891,1.0,6,50
C_full_trust,137,147,1.8231351375579834,0.052901070564985275,,1.3136604725035301,1.0,7,50
C_full_trust,137,148,1.8231351375579834,0.052901070564985275,,1.301088992560715,1.0,8,50
C_full_trust,137,149,1.8231351375579834,0.052901070564985275,,1.2984346615055538,1.0,9,50
C_full_trust,137,150,1.8231351375579834,0.052901070564985275,,1.3302391033502867,1.0,10,50
C_full_trust,271,1,1.9166256189346313,0.05038968473672867,,1.6965083989669192,1.0,0,18
C_full_trust,271,2,1.9166256189346313,0.05038968473672867,,1.7246089000711857,1.0,1,36
C_full_trust,271,3,1.9166256189346313,0.05038968473672867,,1.7136953953166596,1.0,2,50
C_full_trust,271,4,1.9166256189346313,0.05038968473672867,,1.6915762583112226,1.0,3,50
C_full_trust,271,5,1.9166256189346313,0.05038968473672867,,1.6529191507652061,1.0,4,50
C_full_trust,271,6,1.8918778896331787,0.06916388124227524,,1.6597251263739128,1.0,0,50
C_full_trust,271,7,1.8918778896331787,0.06916388124227524,,1.6571087969077372,1.0,1,50
C_full_trust,271,8,1.8918778896331787,0.06916388124227524,,1.6826357415295001,1.0,2,50
C_full_trust,271,9,1.8918778896331787,0.06916388124227524,,1.6739681875486574,1.0,3,50
C_full_trust,271,10,1.8587055206298828,0.060678880661726,,1.6740816344363472,1.0,0,50
C_full_trust,271,11,1.8530423641204834,0.058216392993927,,1.6928399007473298,1.0,0,50
C_full_trust,271,12,1.8530423641204834,0.058216392993927,,1.6387058011273268,1.0,1,50
C_full_trust,271,13,1.8530423641204834,0.058216392993927,,1.6756171976776113,1.0,2,50
C_full_trust,271,14,1.8530423641204834,0.058216392993927,,1.6649309828589833,1.0,3,50
C_full_trust,271,15,1.8530423641204834,0.058216392993927,,1.675891464115447,1.0,4,50
C_full_trust,271,16,1.8530423641204834,0.058216392993927,,1.6963852686657657,1.0,5,50
C_full_trust,271,17,1.8530423641204834,0.058216392993927,,1.701253627460674,1.0,6,50
C_full_trust,271,18,1.8530423641204834,0.058216392993927,,1.6644356918790928,1.0,7,50
C_full_trust,271,19,1.8530423641204834,0.058216392993927,,1.6281428661407877,1.0,8,50
C_full_trust,271,20,1.8530423641204834,0.058216392993927,,1.593838108317221,1.0,9,50
C_full_trust,271,21,1.8530423641204834,0.058216392993927,,1.6354712823075335,1.0,10,50
C_full_trust,271,22,1.8530423641204834,0.058216392993927,,1.6285539639318956,1.0,11,50
C_full_trust,271,23,1.8267269134521484,0.0631798803806305,,1.6313242308065177,1.0,0,50
C_full_trust,271,24,1.8267269134521484,0.0631798803806305,,1.650997577187412,1.0,1,50
C_full_trust,271,25,1.8162180185317993,0.07305507361888885,,1.669772345363107,1.0,0,50
C_full_trust,271,26,1.8162180185317993,0.07305507361888885,,1.6699869315878673,1.0,1,50
C_full_trust,271,27,1.8162180185317993,0.07305507361888885,,1.66841854275787,1.0,2,50
C_full_trust,271,28,1.8162180185317993,0.07305507361888885,,1.6188075132128956,1.0,3,50
C_full_trust,271,29,1.8162180185317993,0.07305507361888885,,1.6242079392019888,1.0,4,50
C_full_trust,271,30,1.8162180185317993,0.07305507361888885,,1.6213682660379358,1.0,5,50
C_full_trust,271,31,1.8162180185317993,0.07305507361888885,,1.6157426067000942,1.0,6,50
C_full_trust,271,32,1.8162180185317993,0.07305507361888885,,1.606768434443398,1.0,7,50
C_full_trust,271,33,1.8162180185317993,0.07305507361888885,,1.6520732683644683,1.0,8,50
C_full_trust,271,34,1.8162180185317993,0.07305507361888885,,1.6548553427928534,1.0,9,50
C_full_trust,271,35,1.8162180185317993,0.07305507361888885,,1.6871315313852981,1.0,10,50
C_full_trust,271,36,1.8162180185317993,0.07305507361888885,,1.6788313133727486,1.0,11,50
C_full_trust,271,37,1.8162180185317993,0.07305507361888885,,1.6723517740017364,1.0,12,50
C_full_trust,271,38,1.8162180185317993,0.07305507361888885,,1.6655254481333692,1.0,13,50
C_full_trust,271,39,1.8162180185317993,0.07305507361888885,,1.6464016495342997,1.0,14,50
C_full_trust,271,40,1.8162180185317993,0.07305507361888885,,1.6220631142934736,1.0,15,50
C_full_trust,271,41,1.8162180185317993,0.07305507361888885,,1.620411545986487,1.0,16,50
C_full_trust,271,42,1.8162180185317993,0.07305507361888885,,1.6225062181126209,1.0,17,50
C_full_trust,271,43,1.8162180185317993,0.07305507361888885,,1.60449905376296,1.0,18,50
C_full_trust,271,44,1.8162180185317993,0.07305507361888885,,1.6174830507617237,1.0,19,50
C_full_trust,271,45,1.8162180185317993,0.07305507361888885,,1.7024904395979796,1.0,0,50
C_full_trust,271,46,1.8162180185317993,0.07305507361888885,,1.6666661082371328,1.0,1,50
C_full_trust,271,47,1.8162180185317993,0.07305507361888885,,1.6368052110354896,1.0,2,50
C_full_trust,271,48,1.8162180185317993,0.07305507361888885,,1.6361501595338919,1.0,3,50
C_full_trust,271,49,1.8162180185317993,0.07305507361888885,,1.5960478848427992,1.0,4,50
C_full_trust,271,50,1.8162180185317993,0.07305507361888885,,1.6186614428382524,1.0,5,50
C_full_trust,271,51,1.8162180185317993,0.07305507361888885,,1.6169643852543927,1.0,6,50
C_full_trust,271,52,1.7944685220718384,0.05183536931872368,,1.5945757465122943,1.0,0,50
C_full_trust,271,53,1.7944685220718384,0.05183536931872368,,1.568442361854108,1.0,1,50
C_full_trust,271,54,1.7944685220718384,0.05183536931872368,,1.5595191659222958,1.0,2,50
C_full_trust,271,55,1.7944685220718384,0.05183536931872368,,1.5494315475453844,1.0,3,50
C_full_trust,271,56,1.7944685220718384,0.05183536931872368,,1.5711474766917393,1.0,4,50
C_full_trust,271,57,1.7944685220718384,0.05183536931872368,,1.6008576883090349,1.0,5,50
C_full_trust,271,58,1.7944685220718384,0.05183536931872368,,1.6076180572078995,1.0,6,50
C_full_trust,271,59,1.7944685220718384,0.05183536931872368,,1.5926028589598946,1.0,7,50
C_full_trust,271,60,1.7944685220718384,0.05183536931872368,,1.6237196891105097,1.0,8,50
C_full_trust,271,61,1.7944685220718384,0.05183536931872368,,1.5999109913229423,1.0,9,50
C_full_trust,271,62,1.7944685220718384,0.05183536931872368,,1.6039577060719894,1.0,10,50
C_full_trust,271,63,1.7944685220718384,0.05183536931872368,,1.6018627246112254,1.0,11,50
C_full_trust,271,64,1.7944685220718384,0.05183536931872368,,1.6088832459855393,1.0,12,50
C_full_trust,271,65,1.7944685220718384,0.05183536931872368,,1.6476714210801775,1.0,13,50
C_full_trust,271,66,1.7944685220718384,0.05183536931872368,,1.6629338505004205,1.0,14,50
C_full_trust,271,67,1.7944685220718384,0.05183536931872368,,1.6487524083085885,1.0,15,50
C_full_trust,271,68,1.7944685220718384,0.05183536931872368,,1.6503879126879952,1.0,16,50
C_full_trust,271,69,1.7944685220718384,0.05183536931872368,,1.6286925837825437,1.0,17,50
C_full_trust,271,70,1.7944685220718384,0.05183536931872368,,1.5882978886187145,1.0,18,50
C_full_trust,271,71,1.7944685220718384,0.05183536931872368,,1.591319495015161,1.0,19,50
C_full_trust,271,72,1.7944685220718384,0.05183536931872368,,1.6461867870749682,1.0,0,50
C_full_trust,271,73,1.7944685220718384,0.05183536931872368,,1.6394720366656401,1.0,1,50
C_full_trust,271,74,1.7944685220718384,0.05183536931872368,,1.633831381649358,1.0,2,50
C_full_trust,271,75,1.7944685220718384,0.05183536931872368,,1.6231075071737413,1.0,3,50
C_full_trust,271,76,1.7944685220718384,0.05183536931872368,,1.6232361120873195,1.0,4,50
C_full_trust,271,77,1.7944685220718384,0.05183536931872368,,1.6037438792541907,1.0,5,50
C_full_trust,271,78,1.7944685220718384,0.05183536931872368,,1.5556344941975697,1.0,6,50
C_full_trust,271,79,1.7944685220718384,0.05183536931872368,,1.5303506646712621,1.0,7,50
C_full_trust,271,80,1.7944685220718384,0.05183536931872368,,1.545614686537442,1.0,8,50
C_full_trust,271,81,1.7944685220718384,0.05183536931872368,,1.5534783255330817,1.0,9,50
C_full_trust,271,82,1.7944685220718384,0.05183536931872368,,1.5597727559649401,1.0,10,50
C_full_trust,271,83,1.7944685220718384,0.05183536931872368,,1.531749912784822,1.0,11,50
C_full_trust,271,84,1.7944685220718384,0.05183536931872368,,1.526028117035225,1.0,12,50
C_full_trust,271,85,1.7944685220718384,0.05183536931872368,,1.538848499801045,1.0,13,50
C_full_trust,271,86,1.7944685220718384,0.05183536931872368,,1.5667755276312125,1.0,14,50
C_full_trust,271,87,1.7944685220718384,0.05183536931872368,,1.5206242423873324,1.0,15,50
C_full_trust,271,88,1.7944685220718384,0.05183536931872368,,1.517284509192465,1.0,16,50
C_full_trust,271,89,1.7944685220718384,0.05183536931872368,,1.525235742940928,1.0,17,50
C_full_trust,271,90,1.7944685220718384,0.05183536931872368,,1.5187278085980933,1.0,18,50
C_full_trust,271,91,1.7944685220718384,0.05183536931872368,,1.5537443381800509,1.0,19,50
C_full_trust,271,92,1.7944685220718384,0.05183536931872368,,1.6393397437059887,1.0,0,50
C_full_trust,271,93,1.7944685220718384,0.05183536931872368,,1.6221961252712986,1.0,1,50
C_full_trust,271,94,1.7944685220718384,0.05183536931872368,,1.5925557650355338,1.0,2,50
C_full_trust,271,95,1.7944685220718384,0.05183536931872368,,1.5894427535847095,1.0,3,50
C_full_trust,271,96,1.7944685220718384,0.05183536931872368,,1.589148378890551,1.0,4,50
C_full_trust,271,97,1.7944685220718384,0.05183536931872368,,1.5619221821925393,1.0,5,50
C_full_trust,271,98,1.7944685220718384,0.05183536931872368,,1.5989647671977572,1.0,6,50
C_full_trust,271,99,1.7944685220718384,0.05183536931872368,,1.6195677779207254,1.0,7,50
C_full_trust,271,100,1.7944685220718384,0.05183536931872368,,1.5940517019356497,1.0,8,50
C_full_trust,271,101,1.7944685220718384,0.05183536931872368,,1.56923839443232,1.0,9,50
C_full_trust,271,102,1.7944685220718384,0.05183536931872368,,1.5548540418582697,1.0,10,50
C_full_trust,271,103,1.7944685220718384,0.05183536931872368,,1.5051432622048095,1.0,11,50
C_full_trust,271,104,1.7944685220718384,0.05183536931872368,,1.5248759050373486,1.0,12,50
C_full_trust,271,105,1.7944685220718384,0.05183536931872368,,1.5188737109782635,1.0,13,50
C_full_trust,271,106,1.7944685220718384,0.05183536931872368,,1.47191753492583,1.0,14,50
C_full_trust,271,107,1.7944685220718384,0.05183536931872368,,1.4784932966805966,1.0,15,50
C_full_trust,271,108,1.7944685220718384,0.05183536931872368,,1.4683039222384386,1.0,16,50
C_full_trust,271,109,1.7944685220718384,0.05183536931872368,,1.4523247818842773,1.0,17,50
C_full_trust,271,110,1.7944685220718384,0.05183536931872368,,1.5080411079681875,1.0,18,50
C_full_trust,271,111,1.7944685220718384,0.05183536931872368,,1.5039893149502157,1.0,19,50
C_full_trust,271,112,1.7944685220718384,0.05183536931872368,,1.559828933099124,1.0,0,50
C_full_trust,271,113,1.7944685220718384,0.05183536931872368,,1.523428450912772,1.0,1,50
C_full_trust,271,114,1.7944685220718384,0.05183536931872368,,1.485367211661581,1.0,2,50
C_full_trust,271,115,1.7944685220718384,0.05183536931872368,,1.5051738040304103,1.0,3,50
C_full_trust,271,116,1.7944685220718384,0.05183536931872368,,1.5270239313075498,1.0,4,50
C_full_trust,271,117,1.7944685220718384,0.05183536931872368,,1.535538934705015,1.0,5,50
C_full_trust,271,118,1.7944685220718384,0.05183536931872368,,1.5228042248176321,1.0,6,50
C_full_trust,271,119,1.7944685220718384,0.05183536931872368,,1.5167608360960037,1.0,7,50
C_full_trust,271,120,1.7944685220718384,0.05183536931872368,,1.4869108874458474,1.0,8,50
C_full_trust,271,121,1.7944685220718384,0.05183536931872368,,1.4550951781537096,1.0,9,50
C_full_trust,271,122,1.7944685220718384,0.05183536931872368,,1.4801011953356422,1.0,10,50
C_full_trust,271,123,1.7944685220718384,0.05183536931872368,,1.4952962583948024,1.0,11,50
C_full_trust,271,124,1.7944685220718384,0.05183536931872368,,1.496656712184339,1.0,12,50
C_full_trust,271,125,1.7944685220718384,0.05183536931872368,,1.497229647438615,1.0,13,50
C_full_trust,271,126,1.7944685220718384,0.05183536931872368,,1.5032656345699376,1.0,14,50
C_full_trust,271,127,1.7944685220718384,0.05183536931872368,,1.4999063364181207,1.0,15,50
C_full_trust,271,128,1.7944685220718384,0.05183536931872368,,1.5193724179913364,1.0,16,50
C_full_trust,271,129,1.7944685220718384,0.05183536931872368,,1.4932969990667568,1.0,17,50
C_full_trust,271,130,1.7944685220718384,0.05183536931872368,,1.4835693672442176,1.0,18,50
C_full_trust,271,131,1.7944685220718384,0.05183536931872368,,1.4810524131567524,1.0,19,50
C_full_trust,271,132,1.7944685220718384,0.05183536931872368,,1.5204871275205454,1.0,0,50
C_full_trust,271,133,1.7944685220718384,0.05183536931872368,,1.4525861952656745,1.0,1,50
C_full_trust,271,134,1.7944685220718384,0.05183536931872368,,1.4386549560641844,1.0,2,50
C_full_trust,271,135,1.7944685220718384,0.05183536931872368,,1.431278479798646,1.0,3,50
C_full_trust,271,136,1.7944685220718384,0.05183536931872368,,1.435500022334636,1.0,4,50
C_full_trust,271,137,1.7944685220718384,0.05183536931872368,,1.3927997080140755,1.0,5,50
C_full_trust,271,138,1.7944685220718384,0.05183536931872368,,1.3915834856581328,1.0,6,50
C_full_trust,271,139,1.7944685220718384,0.05183536931872368,,1.3705202884404217,1.0,7,50
C_full_trust,271,140,1.7944685220718384,0.05183536931872368,,1.3778474495773037,1.0,8,50
C_full_trust,271,141,1.7944685220718384,0.05183536931872368,,1.3819566747232448,1.0,9,50
C_full_trust,271,142,1.7944685220718384,0.05183536931872368,,1.371270917006267,1.0,10,50
C_full_trust,271,143,1.7944685220718384,0.05183536931872368,,1.326371057272853,1.0,11,50
C_full_trust,271,144,1.7944685220718384,0.05183536931872368,,1.296594507486882,1.0,12,50
C_full_trust,271,145,1.7944685220718384,0.05183536931872368,,1.3029086541527546,1.0,13,50
C_full_trust,271,146,1.7944685220718384,0.05183536931872368,,1.2773728526921115,1.0,14,50
C_full_trust,271,147,1.7944685220718384,0.05183536931872368,,1.2666087115873834,1.0,15,50
C_full_trust,271,148,1.7944685220718384,0.05183536931872368,,1.257945781026093,1.0,16,50
C_full_trust,271,149,1.7944685220718384,0.05183536931872368,,1.2591816015039448,1.0,17,50
C_full_trust,271,150,1.7944685220718384,0.05183536931872368,,1.2757805469294554,1.0,18,50
D_warmstart,42,1,1.7909014225006104,0.056955233216285706,,1.6835588247166946,1.0,1,18
D_warmstart,42,2,1.7909014225006104,0.056955233216285706,,1.671021798368415,1.0,2,36
D_warmstart,42,3,1.7909014225006104,0.056955233216285706,,1.643370518929351,1.0,3,50
D_warmstart,42,4,1.7909014225006104,0.056955233216285706,,1.6536252583607487,1.0,4,50
D_warmstart,42,5,1.7909014225006104,0.056955233216285706,,1.6559794069086953,1.0,5,50
D_warmstart,42,6,1.7909014225006104,0.056955233216285706,,1.6907829867279547,1.0,6,50
D_warmstart,42,7,1.7909014225006104,0.056955233216285706,,1.6876796734489763,1.0,7,50
D_warmstart,42,8,1.7909014225006104,0.056955233216285706,,1.665386963841053,1.0,8,50
D_warmstart,42,9,1.7909014225006104,0.056955233216285706,,1.6463825438869097,1.0,9,50
D_warmstart,42,10,1.7909014225006104,0.056955233216285706,,1.612099475564532,1.0,10,50
D_warmstart,42,11,1.7909014225006104,0.056955233216285706,,1.6503736518973386,1.0,11,50
D_warmstart,42,12,1.7909014225006104,0.056955233216285706,,1.6607208778120668,1.0,12,50
D_warmstart,42,13,1.7909014225006104,0.056955233216285706,,1.664434202900148,1.0,13,50
D_warmstart,42,14,1.7909014225006104,0.056955233216285706,,1.6744351265453639,1.0,14,50
D_warmstart,42,15,1.7909014225006104,0.056955233216285706,,1.688847895146702,1.0,15,50
D_warmstart,42,16,1.7909014225006104,0.056955233216285706,,1.7178216178722996,1.0,16,50
D_warmstart,42,17,1.7909014225006104,0.056955233216285706,,1.715866877127075,1.0,17,50
D_warmstart,42,18,1.7909014225006104,0.056955233216285706,,1.6966188039333105,1.0,18,50
D_warmstart,42,19,1.7909014225006104,0.056955233216285706,,1.699234897641474,1.0,19,50
D_warmstart,42,20,1.7909014225006104,0.056955233216285706,,1.7299335753771234,1.0,0,50
D_warmstart,42,21,1.7909014225006104,0.056955233216285706,,1.7432917065790219,1.0,1,50
D_warmstart,42,22,1.7909014225006104,0.056955233216285706,,1.6959508643338783,1.0,2,50
D_warmstart,42,23,1.7909014225006104,0.056955233216285706,,1.637440319431863,1.0,3,50
D_warmstart,42,24,1.7909014225006104,0.056955233216285706,,1.6252416802143823,1.0,4,50
D_warmstart,42,25,1.7909014225006104,0.056955233216285706,,1.6527298922522047,1.0,5,50
D_warmstart,42,26,1.7909014225006104,0.056955233216285706,,1.665695698409498,1.0,6,50
D_warmstart,42,27,1.7909014225006104,0.056955233216285706,,1.6229951762473478,1.0,7,50
D_warmstart,42,28,1.7909014225006104,0.056955233216285706,,1.6184680378271774,1.0,8,50
D_warmstart,42,29,1.7909014225006104,0.056955233216285706,,1.6651650191878382,1.0,9,50
D_warmstart,42,30,1.7909014225006104,0.056955233216285706,,1.6542296825192806,1.0,10,50
D_warmstart,42,31,1.7909014225006104,0.056955233216285706,,1.6179522492145535,1.0,11,50
D_warmstart,42,32,1.7909014225006104,0.056955233216285706,,1.624776567244412,1.0,12,50
D_warmstart,42,33,1.7909014225006104,0.056955233216285706,,1.6254228055577575,1.0,13,50
D_warmstart,42,34,1.7909014225006104,0.056955233216285706,,1.6541556470403873,1.0,14,50
D_warmstart,42,35,1.7909014225006104,0.056955233216285706,,1.6418567292040542,1.0,15,50
D_warmstart,42,36,1.7909014225006104,0.056955233216285706,,1.615559545294118,1.0,16,50
D_warmstart,42,37,1.7909014225006104,0.056955233216285706,,1.6168408021672063,1.0,17,50
D_warmstart,42,38,1.7909014225006104,0.056955233216285706,,1.6213740678583302,1.0,18,50
D_warmstart,42,39,1.7909014225006104,0.056955233216285706,,1.6025523547338028,1.0,19,50
D_warmstart,42,40,1.7909014225006104,0.056955233216285706,,1.6221359607611474,1.0,0,50
D_warmstart,42,41,1.7909014225006104,0.056955233216285706,,1.6389441824786992,1.0,1,50
D_warmstart,42,42,1.7909014225006104,0.056955233216285706,,1.6552718322111672,1.0,2,50
D_warmstart,42,43,1.7909014225006104,0.056955233216285706,,1.651006438314722,1.0,3,50
D_warmstart,42,44,1.7909014225006104,0.056955233216285706,,1.6349490025899631,1.0,4,50
D_warmstart,42,45,1.7909014225006104,0.056955233216285706,,1.6443233366174113,1.0,5,50
D_warmstart,42,46,1.7909014225006104,0.056955233216285706,,1.5962353074943456,1.0,6,50
D_warmstart,42,47,1.7909014225006104,0.056955233216285706,,1.5974036604185267,1.0,7,50
D_warmstart,42,48,1.7909014225006104,0.056955233216285706,,1.6305214250400883,1.0,8,50
D_warmstart,42,49,1.7909014225006104,0.056955233216285706,,1.6579806998588915,1.0,9,50
D_warmstart,42,50,1.7909014225006104,0.056955233216285706,,1.6821127253776311,1.0,10,50
D_warmstart,42,51,1.7909014225006104,0.056955233216285706,,1.6256185235053953,1.0,11,50
D_warmstart,42,52,1.7909014225006104,0.056955233216285706,,1.6208080185661031,1.0,12,50
D_warmstart,42,53,1.7909014225006104,0.056955233216285706,,1.6236631685377712,1.0,13,50
D_warmstart,42,54,1.7909014225006104,0.056955233216285706,,1.6224171526851061,1.0,14,50
D_warmstart,42,55,1.7909014225006104,0.056955233216285706,,1.629382596973943,1.0,15,50
D_warmstart,42,56,1.7909014225006104,0.056955233216285706,,1.6341463100872855,1.0,16,50
D_warmstart,42,57,1.7909014225006104,0.056955233216285706,,1.6503263810107125,1.0,17,50
D_warmstart,42,58,1.7909014225006104,0.056955233216285706,,1.6660786939792618,1.0,18,50
D_warmstart,42,59,1.7909014225006104,0.056955233216285706,,1.6597318224837232,1.0,19,50
D_warmstart,42,60,1.7909014225006104,0.056955233216285706,,1.6314768595887104,1.0,0,50
D_warmstart,42,61,1.7909014225006104,0.056955233216285706,,1.6844345913615397,1.0,1,50
D_warmstart,42,62,1.7909014225006104,0.056955233216285706,,1.6481559726903372,1.0,2,50
D_warmstart,42,63,1.7909014225006104,0.056955233216285706,,1.6268953823266796,1.0,3,50
D_warmstart,42,64,1.7909014225006104,0.056955233216285706,,1.66775289533057,1.0,4,50
D_warmstart,42,65,1.7909014225006104,0.056955233216285706,,1.6459111257491779,1.0,5,50
D_warmstart,42,66,1.7909014225006104,0.056955233216285706,,1.6152415865147682,1.0,6,50
D_warmstart,42,67,1.7909014225006104,0.056955233216285706,,1.6029030023756006,1.0,7,50
D_warmstart,42,68,1.7909014225006104,0.056955233216285706,,1.5976265303871409,1.0,8,50
D_warmstart,42,69,1.7909014225006104,0.056955233216285706,,1.5865006545035265,1.0,9,50
D_warmstart,42,70,1.7909014225006104,0.056955233216285706,,1.620911143757846,1.0,10,50
D_warmstart,42,71,1.7909014225006104,0.056955233216285706,,1.6232023974663976,1.0,11,50
D_warmstart,42,72,1.7909014225006104,0.056955233216285706,,1.6335153025167384,1.0,12,50
D_warmstart,42,73,1.7909014225006104,0.056955233216285706,,1.5689837601535666,1.0,13,50
D_warmstart,42,74,1.7909014225006104,0.056955233216285706,,1.5606325593807344,1.0,14,50
D_warmstart,42,75,1.7909014225006104,0.056955233216285706,,1.594629591283936,1.0,15,50
D_warmstart,42,76,1.7909014225006104,0.056955233216285706,,1.5876729180984328,1.0,16,50
D_warmstart,42,77,1.7909014225006104,0.056955233216285706,,1.5940116317190924,1.0,17,50
D_warmstart,42,78,1.7909014225006104,0.056955233216285706,,1.5843328935535315,1.0,18,50
D_warmstart,42,79,1.7909014225006104,0.056955233216285706,,1.6013861418337647,1.0,19,50
D_warmstart,42,80,1.7909014225006104,0.056955233216285706,,1.6780845372248037,1.0,0,50
D_warmstart,42,81,1.7909014225006104,0.056955233216285706,,1.6325400502397305,1.0,1,50
D_warmstart,42,82,1.7909014225006104,0.056955233216285706,,1.6214678351051244,1.0,2,50
D_warmstart,42,83,1.7909014225006104,0.056955233216285706,,1.5801964121789238,1.0,3,50
D_warmstart,42,84,1.7909014225006104,0.056955233216285706,,1.6140028020346897,1.0,4,50
D_warmstart,42,85,1.7909014225006104,0.056955233216285706,,1.618225866826588,1.0,5,50
D_warmstart,42,86,1.7909014225006104,0.056955233216285706,,1.5900945745743342,1.0,6,50
D_warmstart,42,87,1.7909014225006104,0.056955233216285706,,1.5782797758980351,1.0,7,50
D_warmstart,42,88,1.7909014225006104,0.056955233216285706,,1.594750985544564,1.0,8,50
D_warmstart,42,89,1.7909014225006104,0.056955233216285706,,1.5935688261155205,1.0,9,50
D_warmstart,42,90,1.7909014225006104,0.056955233216285706,,1.5818167557170046,1.0,10,50
D_warmstart,42,91,1.7909014225006104,0.056955233216285706,,1.6239550362246533,1.0,11,50
D_warmstart,42,92,1.7909014225006104,0.056955233216285706,,1.6178052366336992,1.0,12,50
D_warmstart,42,93,1.7909014225006104,0.056955233216285706,,1.648519688016037,1.0,13,50
D_warmstart,42,94,1.7909014225006104,0.056955233216285706,,1.6105173434895013,1.0,14,50
D_warmstart,42,95,1.7909014225006104,0.056955233216285706,,1.613539973072047,1.0,15,50
D_warmstart,42,96,1.7909014225006104,0.056955233216285706,,1.5963571876438922,1.0,16,50
D_warmstart,42,97,1.7909014225006104,0.056955233216285706,,1.6004018435234926,1.0,17,50
D_warmstart,42,98,1.7909014225006104,0.056955233216285706,,1.6098432354955783,1.0,18,50
D_warmstart,42,99,1.7909014225006104,0.056955233216285706,,1.63986162593603,1.0,19,50
D_warmstart,42,100,1.7909014225006104,0.056955233216285706,,1.6336924674159898,1.0,0,50
D_warmstart,42,101,1.7909014225006104,0.056955233216285706,,1.5832940875749866,1.0,1,50
D_warmstart,42,102,1.7909014225006104,0.056955233216285706,,1.5539040706240748,1.0,2,50
D_warmstart,42,103,1.7909014225006104,0.056955233216285706,,1.5346161447667501,1.0,3,50
D_warmstart,42,104,1.7909014225006104,0.056955233216285706,,1.521886304536726,1.0,4,50
D_warmstart,42,105,1.7909014225006104,0.056955233216285706,,1.5387227015301912,1.0,5,50
D_warmstart,42,106,1.7909014225006104,0.056955233216285706,,1.5529619553024188,1.0,6,50
D_warmstart,42,107,1.7909014225006104,0.056955233216285706,,1.5213363343778208,1.0,7,50
D_warmstart,42,108,1.7909014225006104,0.056955233216285706,,1.5305977448148567,1.0,8,50
D_warmstart,42,109,1.7909014225006104,0.056955233216285706,,1.5606969191492792,1.0,9,50
D_warmstart,42,110,1.7909014225006104,0.056955233216285706,,1.557999003765888,1.0,10,50
D_warmstart,42,111,1.7909014225006104,0.056955233216285706,,1.545637299972109,1.0,11,50
D_warmstart,42,112,1.7909014225006104,0.056955233216285706,,1.5118415891839363,1.0,12,50
D_warmstart,42,113,1.7909014225006104,0.056955233216285706,,1.4676080264977862,1.0,13,50
D_warmstart,42,114,1.7909014225006104,0.056955233216285706,,1.4287618223702288,1.0,14,50
D_warmstart,42,115,1.7909014225006104,0.056955233216285706,,1.4549018098758886,1.0,15,50
D_warmstart,42,116,1.7909014225006104,0.056955233216285706,,1.4654204140789826,1.0,16,50
D_warmstart,42,117,1.7909014225006104,0.056955233216285706,,1.467037748821934,1.0,17,50
D_warmstart,42,118,1.7909014225006104,0.056955233216285706,,1.442571042947385,1.0,18,50
D_warmstart,42,119,1.7909014225006104,0.056955233216285706,,1.428887825984203,1.0,19,50
D_warmstart,42,120,1.7909014225006104,0.056955233216285706,,1.5326584717968232,1.0,0,50
D_warmstart,42,121,1.7909014225006104,0.056955233216285706,,1.456859976293879,1.0,1,50
D_warmstart,42,122,1.7909014225006104,0.056955233216285706,,1.463335298842796,1.0,2,50
D_warmstart,42,123,1.7909014225006104,0.056955233216285706,,1.467982798244211,1.0,3,50
D_warmstart,42,124,1.7909014225006104,0.056955233216285706,,1.4608674491215141,1.0,4,50
D_warmstart,42,125,1.7909014225006104,0.056955233216285706,,1.500401989532991,1.0,5,50
D_warmstart,42,126,1.7909014225006104,0.056955233216285706,,1.512198644991643,1.0,6,50
D_warmstart,42,127,1.7909014225006104,0.056955233216285706,,1.502483947055851,1.0,7,50
D_warmstart,42,128,1.7909014225006104,0.056955233216285706,,1.4388530401234874,1.0,8,50
D_warmstart,42,129,1.7909014225006104,0.056955233216285706,,1.4359526465691614,1.0,9,50
D_warmstart,42,130,1.7909014225006104,0.056955233216285706,,1.4116394372539824,1.0,10,50
D_warmstart,42,131,1.7909014225006104,0.056955233216285706,,1.3731988732058364,1.0,11,50
D_warmstart,42,132,1.7909014225006104,0.056955233216285706,,1.403641706028949,1.0,12,50
D_warmstart,42,133,1.7909014225006104,0.056955233216285706,,1.3845134760531472,1.0,13,50
D_warmstart,42,134,1.7909014225006104,0.056955233216285706,,1.3513247087286362,1.0,14,50
D_warmstart,42,135,1.7909014225006104,0.056955233216285706,,1.3464640822310077,1.0,15,50
D_warmstart,42,136,1.7909014225006104,0.056955233216285706,,1.3399865494137175,1.0,16,50
D_warmstart,42,137,1.7909014225006104,0.056955233216285706,,1.361801098210688,1.0,17,50
D_warmstart,42,138,1.7909014225006104,0.056955233216285706,,1.364313539115818,1.0,18,50
D_warmstart,42,139,1.7909014225006104,0.056955233216285706,,1.3523065616204568,1.0,19,50
D_warmstart,42,140,1.7909014225006104,0.056955233216285706,,1.4182035976934484,1.0,0,50
D_warmstart,42,141,1.7909014225006104,0.056955233216285706,,1.4157144793317593,1.0,1,50
D_warmstart,42,142,1.7909014225006104,0.056955233216285706,,1.4042159852493556,1.0,2,50
D_warmstart,42,143,1.7909014225006104,0.056955233216285706,,1.364462575840835,1.0,3,50
D_warmstart,42,144,1.7909014225006104,0.056955233216285706,,1.3669814286847197,1.0,4,50
D_warmstart,42,145,1.7909014225006104,0.056955233216285706,,1.3530134249812005,1.0,5,50
D_warmstart,42,146,1.7909014225006104,0.056955233216285706,,1.3669106861260247,1.0,6,50
D_warmstart,42,147,1.7909014225006104,0.056955233216285706,,1.3446943133794649,1.0,7,50
D_warmstart,42,148,1.7909014225006104,0.056955233216285706,,1.3269149581657076,1.0,8,50
D_warmstart,42,149,1.7909014225006104,0.056955233216285706,,1.3061260999426225,1.0,9,50
D_warmstart,42,150,1.7909014225006104,0.056955233216285706,,1.3048560671435263,1.0,10,50
D_warmstart,137,1,1.805974006652832,0.05776248872280121,,1.727322541073141,1.0,1,17
D_warmstart,137,2,1.805974006652832,0.05776248872280121,,1.7159970132980593,1.0,2,35
D_warmstart,137,3,1.805974006652832,0.05776248872280121,,1.6876217534434712,1.0,3,50
D_warmstart,137,4,1.805974006652832,0.05776248872280121,,1.6635557858257064,1.0,4,50
D_warmstart,137,5,1.805974006652832,0.05776248872280121,,1.6466111721653107,1.0,5,50
D_warmstart,137,6,1.805974006652832,0.05776248872280121,,1.659490745533328,1.0,6,50
D_warmstart,137,7,1.805974006652832,0.05776248872280121,,1.6257186517701534,1.0,7,50
D_warmstart,137,8,1.805974006652832,0.05776248872280121,,1.6392020091059678,1.0,8,50
D_warmstart,137,9,1.805974006652832,0.05776248872280121,,1.6891069367308735,1.0,9,50
D_warmstart,137,10,1.805974006652832,0.05776248872280121,,1.6812701249649384,1.0,10,50
D_warmstart,137,11,1.805974006652832,0.05776248872280121,,1.682647588678039,1.0,11,50
D_warmstart,137,12,1.805974006652832,0.05776248872280121,,1.6515806467123566,1.0,12,50
D_warmstart,137,13,1.805974006652832,0.05776248872280121,,1.6596073280200616,1.0,13,50
D_warmstart,137,14,1.805974006652832,0.05776248872280121,,1.6209869128938688,1.0,14,50
D_warmstart,137,15,1.805974006652832,0.05776248872280121,,1.6517876732185355,1.0,15,50
D_warmstart,137,16,1.805974006652832,0.05776248872280121,,1.6424989582561407,1.0,16,50
D_warmstart,137,17,1.805974006652832,0.05776248872280121,,1.654271397482947,1.0,17,50
D_warmstart,137,18,1.805974006652832,0.05776248872280121,,1.6402270061601167,1.0,18,50
D_warmstart,137,19,1.805974006652832,0.05776248872280121,,1.6818992052464488,1.0,19,50
D_warmstart,137,20,1.805974006652832,0.05776248872280121,,1.6544450237835928,1.0,0,50
D_warmstart,137,21,1.805974006652832,0.05776248872280121,,1.633167563968146,1.0,1,50
D_warmstart,137,22,1.805974006652832,0.05776248872280121,,1.6504611150423651,1.0,2,50
D_warmstart,137,23,1.805974006652832,0.05776248872280121,,1.6702424979975778,1.0,3,50
D_warmstart,137,24,1.805974006652832,0.05776248872280121,,1.614852476354869,1.0,4,50
D_warmstart,137,25,1.805974006652832,0.05776248872280121,,1.6503440667890314,1.0,5,50
D_warmstart,137,26,1.805974006652832,0.05776248872280121,,1.615242112478077,1.0,6,50
D_warmstart,137,27,1.805974006652832,0.05776248872280121,,1.6564698826081274,1.0,7,50
D_warmstart,137,28,1.805974006652832,0.05776248872280121,,1.6178612389053744,1.0,8,50
D_warmstart,137,29,1.805974006652832,0.05776248872280121,,1.6039976449139821,1.0,9,50
D_warmstart,137,30,1.805974006652832,0.05776248872280121,,1.5705091457993954,1.0,10,50
D_warmstart,137,31,1.805974006652832,0.05776248872280121,,1.6162014319313145,1.0,11,50
D_warmstart,137,32,1.805974006652832,0.05776248872280121,,1.608615208824354,1.0,12,50
D_warmstart,137,33,1.805974006652832,0.05776248872280121,,1.6504745515421153,1.0,13,50
D_warmstart,137,34,1.805974006652832,0.05776248872280121,,1.613422759478033,1.0,14,50
D_warmstart,137,35,1.805974006652832,0.05776248872280121,,1.6299441122681901,1.0,15,50
D_warmstart,137,36,1.805974006652832,0.05776248872280121,,1.642640318116148,1.0,16,50
D_warmstart,137,37,1.805974006652832,0.05776248872280121,,1.598483131817474,1.0,17,50
D_warmstart,137,38,1.805974006652832,0.05776248872280121,,1.6359352858673901,1.0,18,50
D_warmstart,137,39,1.805974006652832,0.05776248872280121,,1.6628095916614567,1.0,19,50
D_warmstart,137,40,1.805974006652832,0.05776248872280121,,1.7353687130492097,1.0,0,50
D_warmstart,137,41,1.805974006652832,0.05776248872280121,,1.6631232306481851,1.0,1,50
D_warmstart,137,42,1.805974006652832,0.05776248872280121,,1.6173131481167287,1.0,2,50
D_warmstart,137,43,1.805974006652832,0.05776248872280121,,1.634828081148424,1.0,3,50
D_warmstart,137,44,1.805974006652832,0.05776248872280121,,1.6361012522494214,1.0,4,50
D_warmstart,137,45,1.805974006652832,0.05776248872280121,,1.6246548741365372,1.0,5,50
D_warmstart,137,46,1.805974006652832,0.05776248872280121,,1.6217133100785996,1.0,6,50
D_warmstart,137,47,1.805974006652832,0.05776248872280121,,1.592140349257091,1.0,7,50
D_warmstart,137,48,1.805974006652832,0.05776248872280121,,1.6001551629308006,1.0,8,50
D_warmstart,137,49,1.805974006652832,0.05776248872280121,,1.6204634169916563,1.0,9,50
D_warmstart,137,50,1.805974006652832,0.05776248872280121,,1.6298716256029007,1.0,10,50
D_warmstart,137,51,1.805974006652832,0.05776248872280121,,1.6311352886943224,1.0,11,50
D_warmstart,137,52,1.805974006652832,0.05776248872280121,,1.6592858202756062,1.0,12,50
D_warmstart,137,53,1.805974006652832,0.05776248872280121,,1.6319917427886268,1.0,13,50
D_warmstart,137,54,1.805974006652832,0.05776248872280121,,1.6250271810315182,1.0,14,50
D_warmstart,137,55,1.805974006652832,0.05776248872280121,,1.5901782945698353,1.0,15,50
D_warmstart,137,56,1.805974006652832,0.05776248872280121,,1.6059650149530875,1.0,16,50
D_warmstart,137,57,1.805974006652832,0.05776248872280121,,1.616408810736262,1.0,17,50
D_warmstart,137,58,1.805974006652832,0.05776248872280121,,1.6413709355174124,1.0,18,50
D_warmstart,137,59,1.805974006652832,0.05776248872280121,,1.6613488716355718,1.0,19,50
D_warmstart,137,60,1.805974006652832,0.05776248872280121,,1.666275627268704,1.0,0,50
D_warmstart,137,61,1.805974006652832,0.05776248872280121,,1.6739430813339382,1.0,1,50
D_warmstart,137,62,1.805974006652832,0.05776248872280121,,1.6470167291091684,1.0,2,50
D_warmstart,137,63,1.805974006652832,0.05776248872280121,,1.6029161318197223,1.0,3,50
D_warmstart,137,64,1.805974006652832,0.05776248872280121,,1.5807240988270341,1.0,4,50
D_warmstart,137,65,1.805974006652832,0.05776248872280121,,1.5756317206319135,1.0,5,50
D_warmstart,137,66,1.805974006652832,0.05776248872280121,,1.5861963421849141,1.0,6,50
D_warmstart,137,67,1.805974006652832,0.05776248872280121,,1.5946750370739438,1.0,7,50
D_warmstart,137,68,1.805974006652832,0.05776248872280121,,1.6342024494102838,1.0,8,50
D_warmstart,137,69,1.805974006652832,0.05776248872280121,,1.6245365392222686,1.0,9,50
D_warmstart,137,70,1.805974006652832,0.05776248872280121,,1.6379809795113855,1.0,10,50
D_warmstart,137,71,1.805974006652832,0.05776248872280121,,1.5989890363943446,1.0,11,50
D_warmstart,137,72,1.805974006652832,0.05776248872280121,,1.6451313292658927,1.0,12,50
D_warmstart,137,73,1.805974006652832,0.05776248872280121,,1.626323980247211,1.0,13,50
D_warmstart,137,74,1.805974006652832,0.05776248872280121,,1.6002703667040692,1.0,14,50
D_warmstart,137,75,1.805974006652832,0.05776248872280121,,1.6246567702624297,1.0,15,50
D_warmstart,137,76,1.805974006652832,0.05776248872280121,,1.6388230869128113,1.0,16,50
D_warmstart,137,77,1.805974006652832,0.05776248872280121,,1.590114357769685,1.0,17,50
D_warmstart,137,78,1.805974006652832,0.05776248872280121,,1.5979691260518505,1.0,18,50
D_warmstart,137,79,1.805974006652832,0.05776248872280121,,1.5717283246216285,1.0,19,50
D_warmstart,137,80,1.805974006652832,0.05776248872280121,,1.6474457968856744,1.0,0,50
D_warmstart,137,81,1.805974006652832,0.05776248872280121,,1.645662732957759,1.0,1,50
D_warmstart,137,82,1.805974006652832,0.05776248872280121,,1.6485561942133542,1.0,2,50
D_warmstart,137,83,1.805974006652832,0.05776248872280121,,1.6674313680315924,1.0,3,50
D_warmstart,137,84,1.805974006652832,0.05776248872280121,,1.5901576171231298,1.0,4,50
D_warmstart,137,85,1.805974006652832,0.05776248872280121,,1.595710263976857,1.0,5,50
D_warmstart,137,86,1.805974006652832,0.05776248872280121,,1.5857319104041543,1.0,6,50
D_warmstart,137,87,1.805974006652832,0.05776248872280121,,1.6061237999202562,1.0,7,50
D_warmstart,137,88,1.805974006652832,0.05776248872280121,,1.6078391263947327,1.0,8,50
D_warmstart,137,89,1.805974006652832,0.05776248872280121,,1.5978700669629127,1.0,9,50
D_warmstart,137,90,1.805974006652832,0.05776248872280121,,1.6067343413078112,1.0,10,50
D_warmstart,137,91,1.805974006652832,0.05776248872280121,,1.5869861643672605,1.0,11,50
D_warmstart,137,92,1.805974006652832,0.05776248872280121,,1.5791406396489458,1.0,12,50
D_warmstart,137,93,1.805974006652832,0.05776248872280121,,1.512667540350897,1.0,13,50
D_warmstart,137,94,1.805974006652832,0.05776248872280121,,1.5195220910628922,1.0,14,50
D_warmstart,137,95,1.805974006652832,0.05776248872280121,,1.5004054314730157,1.0,15,50
D_warmstart,137,96,1.805974006652832,0.05776248872280121,,1.5397002538359825,1.0,16,50
D_warmstart,137,97,1.805974006652832,0.05776248872280121,,1.5397934802488906,1.0,17,50
D_warmstart,137,98,1.805974006652832,0.05776248872280121,,1.5917031791692322,1.0,18,50
D_warmstart,137,99,1.805974006652832,0.05776248872280121,,1.6212964543710344,1.0,19,50
D_warmstart,137,100,1.805974006652832,0.05776248872280121,,1.673563878106345,1.0,0,50
D_warmstart,137,101,1.805974006652832,0.05776248872280121,,1.6683164099210344,1.0,1,50
D_warmstart,137,102,1.805974006652832,0.05776248872280121,,1.643999599908283,1.0,2,50
D_warmstart,137,103,1.805974006652832,0.05776248872280121,,1.5817380509993504,1.0,3,50
D_warmstart,137,104,1.805974006652832,0.05776248872280121,,1.554302307719479,1.0,4,50
D_warmstart,137,105,1.805974006652832,0.05776248872280121,,1.5249479700352984,1.0,5,50
D_warmstart,137,106,1.805974006652832,0.05776248872280121,,1.4693997764219537,1.0,6,50
D_warmstart,137,107,1.805974006652832,0.05776248872280121,,1.5195283519530725,1.0,7,50
D_warmstart,137,108,1.805974006652832,0.05776248872280121,,1.5215952407814766,1.0,8,50
D_warmstart,137,109,1.805974006652832,0.05776248872280121,,1.5480086318559658,1.0,9,50
D_warmstart,137,110,1.805974006652832,0.05776248872280121,,1.5911641243545362,1.0,10,50
D_warmstart,137,111,1.805974006652832,0.05776248872280121,,1.595287060752835,1.0,11,50
D_warmstart,137,112,1.805974006652832,0.05776248872280121,,1.6333420382367083,1.0,12,50
D_warmstart,137,113,1.805974006652832,0.05776248872280121,,1.6245280671868438,1.0,13,50
D_warmstart,137,114,1.805974006652832,0.05776248872280121,,1.5978125196631177,1.0,14,50
D_warmstart,137,115,1.805974006652832,0.05776248872280121,,1.60545061316237,1.0,15,50
D_warmstart,137,116,1.805974006652832,0.05776248872280121,,1.5673244713178147,1.0,16,50
D_warmstart,137,117,1.805974006652832,0.05776248872280121,,1.5544283490211745,1.0,17,50
D_warmstart,137,118,1.805974006652832,0.05776248872280121,,1.5452940718670731,1.0,18,50
D_warmstart,137,119,1.805974006652832,0.05776248872280121,,1.5330039848497883,1.0,19,50
D_warmstart,137,120,1.805974006652832,0.05776248872280121,,1.5540991291709583,1.0,0,50
D_warmstart,137,121,1.805974006652832,0.05776248872280121,,1.5522658538232454,1.0,1,50
D_warmstart,137,122,1.805974006652832,0.05776248872280121,,1.480261297634926,1.0,2,50
D_warmstart,137,123,1.805974006652832,0.05776248872280121,,1.4644115518297354,1.0,3,50
D_warmstart,137,124,1.805974006652832,0.05776248872280121,,1.4595499834382306,1.0,4,50
D_warmstart,137,125,1.805974006652832,0.05776248872280121,,1.4973982243666466,1.0,5,50
D_warmstart,137,126,1.805974006652832,0.05776248872280121,,1.5133367057655565,1.0,6,50
D_warmstart,137,127,1.805974006652832,0.05776248872280121,,1.5068784750836686,1.0,7,50
D_warmstart,137,128,1.805974006652832,0.05776248872280121,,1.4632334939658302,1.0,8,50
D_warmstart,137,129,1.805974006652832,0.05776248872280121,,1.4703700641053874,1.0,9,50
D_warmstart,137,130,1.805974006652832,0.05776248872280121,,1.4833668656109227,1.0,10,50
D_warmstart,137,131,1.805974006652832,0.05776248872280121,,1.4703563483596553,1.0,11,50
D_warmstart,137,132,1.805974006652832,0.05776248872280121,,1.440833886063895,1.0,12,50
D_warmstart,137,133,1.805974006652832,0.05776248872280121,,1.4332062999945239,1.0,13,50
D_warmstart,137,134,1.805974006652832,0.05776248872280121,,1.434507164295536,1.0,14,50
D_warmstart,137,135,1.805974006652832,0.05776248872280121,,1.4312921716152172,1.0,15,50
D_warmstart,137,136,1.805974006652832,0.05776248872280121,,1.3724718452603066,1.0,16,50
D_warmstart,137,137,1.805974006652832,0.05776248872280121,,1.3820688791686142,1.0,17,50
D_warmstart,137,138,1.805974006652832,0.05776248872280121,,1.4368341759594256,1.0,18,50
D_warmstart,137,139,1.805974006652832,0.05776248872280121,,1.4318621018678817,1.0,19,50
D_warmstart,137,140,1.805974006652832,0.05776248872280121,,1.4396592007572475,1.0,0,50
D_warmstart,137,141,1.805974006652832,0.05776248872280121,,1.340277533647612,1.0,1,50
D_warmstart,137,142,1.805974006652832,0.05776248872280121,,1.3200924902998108,1.0,2,50
D_warmstart,137,143,1.805974006652832,0.05776248872280121,,1.3694559717338697,1.0,3,50
D_warmstart,137,144,1.805974006652832,0.05776248872280121,,1.3482570089141959,1.0,4,50
D_warmstart,137,145,1.805974006652832,0.05776248872280121,,1.353841751566512,1.0,5,50
D_warmstart,137,146,1.805974006652832,0.05776248872280121,,1.3813536759004605,1.0,6,50
D_warmstart,137,147,1.805974006652832,0.05776248872280121,,1.3667307341328234,1.0,7,50
D_warmstart,137,148,1.805974006652832,0.05776248872280121,,1.4084259655173863,1.0,8,50
D_warmstart,137,149,1.805974006652832,0.05776248872280121,,1.4240455837624917,1.0,9,50
D_warmstart,137,150,1.805974006652832,0.05776248872280121,,1.4032820247793016,1.0,10,50
D_warmstart,271,1,1.8580535650253296,0.05500800162553787,,1.6786982029179507,1.0,1,18
D_warmstart,271,2,1.8580535650253296,0.05500800162553787,,1.6946379261377278,1.0,2,35
D_warmstart,271,3,1.8580535650253296,0.05500800162553787,,1.7070175873601512,1.0,3,50
D_warmstart,271,4,1.8580535650253296,0.05500800162553787,,1.642946060862328,1.0,4,50
D_warmstart,271,5,1.8580535650253296,0.05500800162553787,,1.619626822576286,1.0,5,50
D_warmstart,271,6,1.8580535650253296,0.05500800162553787,,1.5990154656556232,1.0,6,50
D_warmstart,271,7,1.8580535650253296,0.05500800162553787,,1.6471131679735296,1.0,7,50
D_warmstart,271,8,1.8580535650253296,0.05500800162553787,,1.6656945713179538,1.0,8,50
D_warmstart,271,9,1.8580535650253296,0.05500800162553787,,1.6556713675332153,1.0,9,50
D_warmstart,271,10,1.8580535650253296,0.05500800162553787,,1.6201982607138943,1.0,10,50
D_warmstart,271,11,1.8580535650253296,0.05500800162553787,,1.6774796395373028,1.0,11,50
D_warmstart,271,12,1.8580535650253296,0.05500800162553787,,1.6570502664534743,1.0,12,50
D_warmstart,271,13,1.8580535650253296,0.05500800162553787,,1.6621159671937815,1.0,13,50
D_warmstart,271,14,1.8580535650253296,0.05500800162553787,,1.6578631019881485,1.0,14,50
D_warmstart,271,15,1.8580535650253296,0.05500800162553787,,1.6355042107404836,1.0,15,50
D_warmstart,271,16,1.8580535650253296,0.05500800162553787,,1.6342698375543763,1.0,16,50
D_warmstart,271,17,1.8580535650253296,0.05500800162553787,,1.6591455989780401,1.0,17,50
D_warmstart,271,18,1.8580535650253296,0.05500800162553787,,1.646808527318696,1.0,18,50
D_warmstart,271,19,1.8580535650253296,0.05500800162553787,,1.6348368081443683,1.0,19,50
D_warmstart,271,20,1.8580535650253296,0.05500800162553787,,1.711842087294966,1.0,0,50
D_warmstart,271,21,1.8580535650253296,0.05500800162553787,,1.649214427709568,1.0,1,50
D_warmstart,271,22,1.8580535650253296,0.05500800162553787,,1.6321770422879973,1.0,2,50
D_warmstart,271,23,1.8580535650253296,0.05500800162553787,,1.66713553060105,1.0,3,50
D_warmstart,271,24,1.8580535650253296,0.05500800162553787,,1.6502942857503937,1.0,4,50
D_warmstart,271,25,1.8580535650253296,0.05500800162553787,,1.5819157388317635,1.0,5,50
D_warmstart,271,26,1.8580535650253296,0.05500800162553787,,1.6274961291577101,1.0,6,50
D_warmstart,271,27,1.8580535650253296,0.05500800162553787,,1.604542756024742,1.0,7,50
D_warmstart,271,28,1.8580535650253296,0.05500800162553787,,1.589423316969647,1.0,8,50
D_warmstart,271,29,1.8580535650253296,0.05500800162553787,,1.6101461397378674,1.0,9,50
D_warmstart,271,30,1.8580535650253296,0.05500800162553787,,1.6315564954296564,1.0,10,50
D_warmstart,271,31,1.8580535650253296,0.05500800162553787,,1.5784126676998786,1.0,11,50
D_warmstart,271,32,1.8580535650253296,0.05500800162553787,,1.606488335858405,1.0,12,50
D_warmstart,271,33,1.8580535650253296,0.05500800162553787,,1.657147395736361,1.0,13,50
D_warmstart,271,34,1.8580535650253296,0.05500800162553787,,1.6665421492556742,1.0,14,50
D_warmstart,271,35,1.8580535650253296,0.05500800162553787,,1.6632215187427384,1.0,15,50
D_warmstart,271,36,1.8580535650253296,0.05500800162553787,,1.6911339561915697,1.0,16,50
D_warmstart,271,37,1.8580535650253296,0.05500800162553787,,1.6963970016364693,1.0,17,50
D_warmstart,271,38,1.8580535650253296,0.05500800162553787,,1.6738121822282905,1.0,18,50
D_warmstart,271,39,1.8580535650253296,0.05500800162553787,,1.6410244230688975,1.0,19,50
D_warmstart,271,40,1.8580535650253296,0.05500800162553787,,1.6418037965158105,1.0,0,50
D_warmstart,271,41,1.8580535650253296,0.05500800162553787,,1.6251915250697309,1.0,1,50
D_warmstart,271,42,1.8580535650253296,0.05500800162553787,,1.5802169878379404,1.0,2,50
D_warmstart,271,43,1.8580535650253296,0.05500800162553787,,1.608396153174047,1.0,3,50
D_warmstart,271,44,1.8580535650253296,0.05500800162553787,,1.6098782489599857,1.0,4,50
D_warmstart,271,45,1.8580535650253296,0.05500800162553787,,1.6403721800575422,1.0,5,50
D_warmstart,271,46,1.8580535650253296,0.05500800162553787,,1.6579756062900157,1.0,6,50
D_warmstart,271,47,1.8580535650253296,0.05500800162553787,,1.631816454506236,1.0,7,50
D_warmstart,271,48,1.8580535650253296,0.05500800162553787,,1.6094558143021094,1.0,8,50
D_warmstart,271,49,1.8580535650253296,0.05500800162553787,,1.6377341566312744,1.0,9,50
D_warmstart,271,50,1.8580535650253296,0.05500800162553787,,1.6472508722753274,1.0,10,50
D_warmstart,271,51,1.8580535650253296,0.05500800162553787,,1.639446864291213,1.0,11,50
D_warmstart,271,52,1.8580535650253296,0.05500800162553787,,1.6736701909502336,1.0,12,50
D_warmstart,271,53,1.8580535650253296,0.05500800162553787,,1.7192091333017419,1.0,13,50
D_warmstart,271,54,1.8580535650253296,0.05500800162553787,,1.7126260687487522,1.0,14,50
D_warmstart,271,55,1.8580535650253296,0.05500800162553787,,1.67768288413134,1.0,15,50
D_warmstart,271,56,1.8580535650253296,0.05500800162553787,,1.6996245768699543,1.0,16,50
D_warmstart,271,57,1.8580535650253296,0.05500800162553787,,1.6633964487878208,1.0,17,50
D_warmstart,271,58,1.8580535650253296,0.05500800162553787,,1.6356388932961772,1.0,18,50
D_warmstart,271,59,1.8580535650253296,0.05500800162553787,,1.6363558014746284,1.0,19,50
D_warmstart,271,60,1.8580535650253296,0.05500800162553787,,1.677431978849278,1.0,0,50
D_warmstart,271,61,1.8580535650253296,0.05500800162553787,,1.644371731503839,1.0,1,50
D_warmstart,271,62,1.8580535650253296,0.05500800162553787,,1.6146663496637357,1.0,2,50
D_warmstart,271,63,1.8580535650253296,0.05500800162553787,,1.6053385827647983,1.0,3,50
D_warmstart,271,64,1.8580535650253296,0.05500800162553787,,1.613798749983332,1.0,4,50
D_warmstart,271,65,1.8580535650253296,0.05500800162553787,,1.6509202227256157,1.0,5,50
D_warmstart,271,66,1.8580535650253296,0.05500800162553787,,1.6444717582453632,1.0,6,50
D_warmstart,271,67,1.8580535650253296,0.05500800162553787,,1.621481466035799,1.0,7,50
D_warmstart,271,68,1.8580535650253296,0.05500800162553787,,1.6398138558698658,1.0,8,50
D_warmstart,271,69,1.8580535650253296,0.05500800162553787,,1.6429405636930416,1.0,9,50
D_warmstart,271,70,1.8580535650253296,0.05500800162553787,,1.6039293598576956,1.0,10,50
D_warmstart,271,71,1.8580535650253296,0.05500800162553787,,1.5967623381532297,1.0,11,50
D_warmstart,271,72,1.8580535650253296,0.05500800162553787,,1.587396940414011,1.0,12,50
D_warmstart,271,73,1.8580535650253296,0.05500800162553787,,1.557565176995203,1.0,13,50
D_warmstart,271,74,1.8580535650253296,0.05500800162553787,,1.5711476318944149,1.0,14,50
D_warmstart,271,75,1.8580535650253296,0.05500800162553787,,1.5658532587369764,1.0,15,50
D_warmstart,271,76,1.8580535650253296,0.05500800162553787,,1.5872949684866309,1.0,16,50
D_warmstart,271,77,1.8580535650253296,0.05500800162553787,,1.626524280048196,1.0,17,50
D_warmstart,271,78,1.8580535650253296,0.05500800162553787,,1.6359452204016929,1.0,18,50
D_warmstart,271,79,1.8580535650253296,0.05500800162553787,,1.643513009730539,1.0,19,50
D_warmstart,271,80,1.8580535650253296,0.05500800162553787,,1.623627340104969,1.0,0,50
D_warmstart,271,81,1.8580535650253296,0.05500800162553787,,1.6186359932727143,1.0,1,50
D_warmstart,271,82,1.8580535650253296,0.05500800162553787,,1.629167141293016,1.0,2,50
D_warmstart,271,83,1.8580535650253296,0.05500800162553787,,1.6053522947195238,1.0,3,50
D_warmstart,271,84,1.8580535650253296,0.05500800162553787,,1.5883948499142786,1.0,4,50
D_warmstart,271,85,1.8580535650253296,0.05500800162553787,,1.5385949786113855,1.0,5,50
D_warmstart,271,86,1.8580535650253296,0.05500800162553787,,1.6041297680756288,1.0,6,50
D_warmstart,271,87,1.8580535650253296,0.05500800162553787,,1.5632311612195156,1.0,7,50
D_warmstart,271,88,1.8580535650253296,0.05500800162553787,,1.5872982821208939,1.0,8,50
D_warmstart,271,89,1.8580535650253296,0.05500800162553787,,1.5754500431731222,1.0,9,50
D_warmstart,271,90,1.8580535650253296,0.05500800162553787,,1.5523526529433407,1.0,10,50
D_warmstart,271,91,1.8580535650253296,0.05500800162553787,,1.555311790701046,1.0,11,50
D_warmstart,271,92,1.8580535650253296,0.05500800162553787,,1.5530244001346643,1.0,12,50
D_warmstart,271,93,1.8580535650253296,0.05500800162553787,,1.5382612742600268,1.0,13,50
D_warmstart,271,94,1.8580535650253296,0.05500800162553787,,1.5246867065665497,1.0,14,50
D_warmstart,271,95,1.8580535650253296,0.05500800162553787,,1.5009149051990716,1.0,15,50
D_warmstart,271,96,1.8580535650253296,0.05500800162553787,,1.5353157279972587,1.0,16,50
D_warmstart,271,97,1.8580535650253296,0.05500800162553787,,1.5090094342535625,1.0,17,50
D_warmstart,271,98,1.8580535650253296,0.05500800162553787,,1.5222995609332861,1.0,18,50
D_warmstart,271,99,1.8580535650253296,0.05500800162553787,,1.4991454133121156,1.0,19,50
D_warmstart,271,100,1.8580535650253296,0.05500800162553787,,1.5366094396445273,1.0,0,50
D_warmstart,271,101,1.8580535650253296,0.05500800162553787,,1.5509393043555242,1.0,1,50
D_warmstart,271,102,1.8580535650253296,0.05500800162553787,,1.5109518317663153,1.0,2,50
D_warmstart,271,103,1.8580535650253296,0.05500800162553787,,1.481953901715702,1.0,3,50
D_warmstart,271,104,1.8580535650253296,0.05500800162553787,,1.4698054980106294,1.0,4,50
D_warmstart,271,105,1.8580535650253296,0.05500800162553787,,1.4696497093341656,1.0,5,50
D_warmstart,271,106,1.8580535650253296,0.05500800162553787,,1.4426074010548178,1.0,6,50
D_warmstart,271,107,1.8580535650253296,0.05500800162553787,,1.4355607804654744,1.0,7,50
D_warmstart,271,108,1.8580535650253296,0.05500800162553787,,1.4204344680234684,1.0,8,50
D_warmstart,271,109,1.8580535650253296,0.05500800162553787,,1.4491293900424027,1.0,9,50
D_warmstart,271,110,1.8580535650253296,0.05500800162553787,,1.454541938241384,1.0,10,50
D_warmstart,271,111,1.8580535650253296,0.05500800162553787,,1.461902142198738,1.0,11,50
D_warmstart,271,112,1.8580535650253296,0.05500800162553787,,1.4919530041715252,1.0,12,50
D_warmstart,271,113,1.8580535650253296,0.05500800162553787,,1.4663181697558527,1.0,13,50
D_warmstart,271,114,1.8580535650253296,0.05500800162553787,,1.453069838690123,1.0,14,50
D_warmstart,271,115,1.8580535650253296,0.05500800162553787,,1.462802547102467,1.0,15,50
D_warmstart,271,116,1.8580535650253296,0.05500800162553787,,1.4481960876969637,1.0,16,50
D_warmstart,271,117,1.8580535650253296,0.05500800162553787,,1.4396053853330193,1.0,17,50
D_warmstart,271,118,1.8580535650253296,0.05500800162553787,,1.4185754707638487,1.0,18,50
D_warmstart,271,119,1.8580535650253296,0.05500800162553787,,1.3811465523574769,1.0,19,50
D_warmstart,271,120,1.8580535650253296,0.05500800162553787,,1.4329096611092191,1.0,0,50
D_warmstart,271,121,1.8580535650253296,0.05500800162553787,,1.3827661505148794,1.0,1,50
D_warmstart,271,122,1.8580535650253296,0.05500800162553787,,1.3412524787877205,1.0,2,50
D_warmstart,271,123,1.8580535650253296,0.05500800162553787,,1.4092807786781145,1.0,3,50
D_warmstart,271,124,1.8580535650253296,0.05500800162553787,,1.387544729030628,1.0,4,50
D_warmstart,271,125,1.8580535650253296,0.05500800162553787,,1.4142675331462213,1.0,5,50
D_warmstart,271,126,1.8580535650253296,0.05500800162553787,,1.380688726631241,1.0,6,50
D_warmstart,271,127,1.8580535650253296,0.05500800162553787,,1.3713937634906765,1.0,7,50
D_warmstart,271,128,1.8580535650253296,0.05500800162553787,,1.3492690053889231,1.0,8,50
D_warmstart,271,129,1.8580535650253296,0.05500800162553787,,1.3727685953435564,1.0,9,50
D_warmstart,271,130,1.8580535650253296,0.05500800162553787,,1.3338861914044586,1.0,10,50
D_warmstart,271,131,1.8580535650253296,0.05500800162553787,,1.3547510794086939,1.0,11,50
D_warmstart,271,132,1.8580535650253296,0.05500800162553787,,1.3326812101110068,1.0,12,50
D_warmstart,271,133,1.8580535650253296,0.05500800162553787,,1.3450639422659314,1.0,13,50
D_warmstart,271,134,1.8580535650253296,0.05500800162553787,,1.3203984481515258,1.0,14,50
D_warmstart,271,135,1.8580535650253296,0.05500800162553787,,1.3109252492204369,1.0,15,50
D_warmstart,271,136,1.8580535650253296,0.05500800162553787,,1.3284492643805836,1.0,16,50
D_warmstart,271,137,1.8580535650253296,0.05500800162553787,,1.309269866499449,1.0,17,50
D_warmstart,271,138,1.8580535650253296,0.05500800162553787,,1.3478893936834375,1.0,18,50
D_warmstart,271,139,1.8580535650253296,0.05500800162553787,,1.3026375176192773,1.0,19,50
D_warmstart,271,140,1.8580535650253296,0.05500800162553787,,1.332715039275144,1.0,0,50
D_warmstart,271,141,1.8580535650253296,0.05500800162553787,,1.3675151844990994,1.0,1,50
D_warmstart,271,142,1.8580535650253296,0.05500800162553787,,1.4091691970576903,1.0,2,50
D_warmstart,271,143,1.8580535650253296,0.05500800162553787,,1.3623383454659141,1.0,3,50
D_warmstart,271,144,1.8580535650253296,0.05500800162553787,,1.34753038583408,1.0,4,50
D_warmstart,271,145,1.8580535650253296,0.05500800162553787,,1.3457104240946374,1.0,5,50
D_warmstart,271,146,1.8580535650253296,0.05500800162553787,,1.2970634228672613,1.0,6,50
D_warmstart,271,147,1.8580535650253296,0.05500800162553787,,1.3027844397865143,1.0,7,50
D_warmstart,271,148,1.8580535650253296,0.05500800162553787,,1.24180357996542,1.0,8,50
D_warmstart,271,149,1.8580535650253296,0.05500800162553787,,1.2251346458077914,1.0,9,50
D_warmstart,271,150,1.8580535650253296,0.05500800162553787,,1.2167504751147833,1.0,10,50
F_cycle_fitness,42,1,2.076003074645996,0.06350789964199066,314.5472412109375,1.6971515090836724,1.0,1,18
F_cycle_fitness,42,2,2.076003074645996,0.06350789964199066,314.5472412109375,1.6441194980710725,1.0,2,36
F_cycle_fitness,42,3,2.076003074645996,0.06350789964199066,314.5472412109375,1.6820811204366448,1.0,3,50
F_cycle_fitness,42,4,1.9626445770263672,0.05227092653512955,317.8336181640625,1.662707731989103,1.0,0,50
F_cycle_fitness,42,5,1.9627482891082764,0.06734243780374527,326.5461120605469,1.6981393879934774,1.0,0,50
F_cycle_fitness,42,6,1.9627482891082764,0.06734243780374527,326.5461120605469,1.7116610954362672,1.0,1,50
F_cycle_fitness,42,7,1.9627482891082764,0.06734243780374527,326.5461120605469,1.7165714606899742,1.0,2,50
F_cycle_fitness,42,8,1.9627482891082764,0.06734243780374527,326.5461120605469,1.7052372812456098,1.0,3,50
F_cycle_fitness,42,9,2.1909360885620117,0.04545840248465538,326.6557312011719,1.7192075779749165,1.0,0,50
F_cycle_fitness,42,10,1.905954360961914,0.0617992989718914,330.2454833984375,1.7061130268366185,1.0,0,50
F_cycle_fitness,42,11,1.905954360961914,0.0617992989718914,330.2454833984375,1.7083496178656605,1.0,1,50
F_cycle_fitness,42,12,1.905954360961914,0.0617992989718914,330.2454833984375,1.699713289705651,1.0,2,50
F_cycle_fitness,42,13,1.905954360961914,0.0617992989718914,330.2454833984375,1.7204523402056786,1.0,3,50
F_cycle_fitness,42,14,1.905954360961914,0.0617992989718914,330.2454833984375,1.712614762857239,1.0,4,50
F_cycle_fitness,42,15,1.905954360961914,0.0617992989718914,330.2454833984375,1.6759536683453546,1.0,5,50
F_cycle_fitness,42,16,1.905954360961914,0.0617992989718914,330.2454833984375,1.6865171974083528,1.0,6,50
F_cycle_fitness,42,17,1.905954360961914,0.0617992989718914,330.2454833984375,1.7447900492918773,1.0,7,50
F_cycle_fitness,42,18,1.905954360961914,0.0617992989718914,330.2454833984375,1.7221366021018198,1.0,8,50
F_cycle_fitness,42,19,1.905954360961914,0.0617992989718914,330.2454833984375,1.712311837649791,1.0,9,50
F_cycle_fitness,42,20,1.905954360961914,0.0617992989718914,330.2454833984375,1.6708332626701248,1.0,10,50
F_cycle_fitness,42,21,1.905954360961914,0.0617992989718914,330.2454833984375,1.6778001377527345,1.0,11,50
F_cycle_fitness,42,22,1.905954360961914,0.0617992989718914,330.2454833984375,1.688312328575543,1.0,12,50
F_cycle_fitness,42,23,1.905954360961914,0.0617992989718914,330.2454833984375,1.7187354669835682,1.0,13,50
F_cycle_fitness,42,24,1.905954360961914,0.0617992989718914,330.2454833984375,1.686706375725073,1.0,14,50
F_cycle_fitness,42,25,1.905954360961914,0.0617992989718914,330.2454833984375,1.718612441022018,1.0,15,50
F_cycle_fitness,42,26,1.905954360961914,0.0617992989718914,330.2454833984375,1.6635330772057149,1.0,16,50
F_cycle_fitness,42,27,1.905954360961914,0.0617992989718914,330.2454833984375,1.6897690709266362,1.0,17,50
F_cycle_fitness,42,28,1.905954360961914,0.0617992989718914,330.2454833984375,1.6791530070686078,1.0,18,50
F_cycle_fitness,42,29,1.905954360961914,0.0617992989718914,330.2454833984375,1.7180762854653147,1.0,19,50
F_cycle_fitness,42,30,1.905954360961914,0.0617992989718914,330.2454833984375,1.7599268192673945,1.0,0,50
F_cycle_fitness,42,31,1.905954360961914,0.0617992989718914,330.2454833984375,1.7320323296976348,1.0,1,50
F_cycle_fitness,42,32,1.905954360961914,0.0617992989718914,330.2454833984375,1.699269510002796,1.0,2,50
F_cycle_fitness,42,33,1.905954360961914,0.0617992989718914,330.2454833984375,1.6979001075467917,1.0,3,50
F_cycle_fitness,42,34,1.905954360961914,0.0617992989718914,330.2454833984375,1.6825813027453174,1.0,4,50
F_cycle_fitness,42,35,1.905954360961914,0.0617992989718914,330.2454833984375,1.6663396794550953,1.0,5,50
F_cycle_fitness,42,36,1.905954360961914,0.0617992989718914,330.2454833984375,1.6418548994307254,1.0,6,50
F_cycle_fitness,42,37,1.905954360961914,0.0617992989718914,330.2454833984375,1.6233963195204946,1.0,7,50
F_cycle_fitness,42,38,1.905954360961914,0.0617992989718914,330.2454833984375,1.6331553372307828,1.0,8,50
F_cycle_fitness,42,39,1.905954360961914,0.0617992989718914,330.2454833984375,1.6196217860753688,1.0,9,50
F_cycle_fitness,42,40,1.905954360961914,0.0617992989718914,330.2454833984375,1.6173313508860734,1.0,10,50
F_cycle_fitness,42,41,1.905954360961914,0.0617992989718914,330.2454833984375,1.6042025027341424,1.0,11,50
F_cycle_fitness,42,42,1.905954360961914,0.0617992989718914,330.2454833984375,1.6319076104319712,1.0,12,50
F_cycle_fitness,42,43,1.905954360961914,0.0617992989718914,330.2454833984375,1.6603565457714358,1.0,13,50
F_cycle_fitness,42,44,1.905954360961914,0.0617992989718914,330.2454833984375,1.6550330242862525,1.0,14,50
F_cycle_fitness,42,45,1.905954360961914,0.0617992989718914,330.2454833984375,1.6436015229571648,1.0,15,50
F_cycle_fitness,42,46,1.905954360961914,0.0617992989718914,330.2454833984375,1.6725690679416874,1.0,16,50
F_cycle_fitness,42,47,1.905954360961914,0.0617992989718914,330.2454833984375,1.663987035094145,1.0,17,50
F_cycle_fitness,42,48,1.905954360961914,0.0617992989718914,330.2454833984375,1.6739150571993584,1.0,18,50
F_cycle_fitness,42,49,1.905954360961914,0.0617992989718914,330.2454833984375,1.6382242456957257,1.0,19,50
F_cycle_fitness,42,50,1.905954360961914,0.0617992989718914,330.2454833984375,1.7225072792370866,1.0,0,50
F_cycle_fitness,42,51,1.905954360961914,0.0617992989718914,330.2454833984375,1.6907036736082346,1.0,1,50
F_cycle_fitness,42,52,1.905954360961914,0.0617992989718914,330.2454833984375,1.6539748621744244,1.0,2,50
F_cycle_fitness,42,53,1.905954360961914,0.0617992989718914,330.2454833984375,1.6659558190961925,1.0,3,50
F_cycle_fitness,42,54,1.905954360961914,0.0617992989718914,330.2454833984375,1.5891885635329543,1.0,4,50
F_cycle_fitness,42,55,1.905954360961914,0.0617992989718914,330.2454833984375,1.5941817984515823,1.0,5,50
F_cycle_fitness,42,56,1.905954360961914,0.0617992989718914,330.2454833984375,1.5869618597998778,1.0,6,50
F_cycle_fitness,42,57,1.905954360961914,0.0617992989718914,330.2454833984375,1.592383430037071,1.0,7,50
F_cycle_fitness,42,58,1.905954360961914,0.0617992989718914,330.2454833984375,1.6043746946496766,1.0,8,50
F_cycle_fitness,42,59,1.905954360961914,0.0617992989718914,330.2454833984375,1.6185006024239539,1.0,9,50
F_cycle_fitness,42,60,1.905954360961914,0.0617992989718914,330.2454833984375,1.6583386464101377,1.0,10,50
F_cycle_fitness,42,61,1.905954360961914,0.0617992989718914,330.2454833984375,1.6561780427145962,1.0,11,50
F_cycle_fitness,42,62,1.905954360961914,0.0617992989718914,330.2454833984375,1.6881335213371864,1.0,12,50
F_cycle_fitness,42,63,1.905954360961914,0.0617992989718914,330.2454833984375,1.6734542475986032,1.0,13,50
F_cycle_fitness,42,64,1.905954360961914,0.0617992989718914,330.2454833984375,1.696243905179191,1.0,14,50
F_cycle_fitness,42,65,1.905954360961914,0.0617992989718914,330.2454833984375,1.665274366044432,1.0,15,50
F_cycle_fitness,42,66,1.905954360961914,0.0617992989718914,330.2454833984375,1.648951374305191,1.0,16,50
F_cycle_fitness,42,67,1.905954360961914,0.0617992989718914,330.2454833984375,1.6544689571854927,1.0,17,50
F_cycle_fitness,42,68,1.905954360961914,0.0617992989718914,330.2454833984375,1.6583488852912007,1.0,18,50
F_cycle_fitness,42,69,1.905954360961914,0.0617992989718914,330.2454833984375,1.6588462021606587,1.0,19,50
F_cycle_fitness,42,70,1.905954360961914,0.0617992989718914,330.2454833984375,1.7488935946684132,1.0,0,50
F_cycle_fitness,42,71,1.905954360961914,0.0617992989718914,330.2454833984375,1.7322306046043525,1.0,1,50
F_cycle_fitness,42,72,1.905954360961914,0.0617992989718914,330.2454833984375,1.656381043177247,1.0,2,50
F_cycle_fitness,42,73,1.905954360961914,0.0617992989718914,330.2454833984375,1.596247381984876,1.0,3,50
F_cycle_fitness,42,74,1.905954360961914,0.0617992989718914,330.2454833984375,1.604024759520752,1.0,4,50
F_cycle_fitness,42,75,1.905954360961914,0.0617992989718914,330.2454833984375,1.6372742879026978,1.0,5,50
F_cycle_fitness,42,76,1.905954360961914,0.0617992989718914,330.2454833984375,1.6124036438083886,1.0,6,50
F_cycle_fitness,42,77,1.905954360961914,0.0617992989718914,330.2454833984375,1.6175191313132595,1.0,7,50
F_cycle_fitness,42,78,1.905954360961914,0.0617992989718914,330.2454833984375,1.638136512447305,1.0,8,50
F_cycle_fitness,42,79,1.905954360961914,0.0617992989718914,330.2454833984375,1.6865320038310876,1.0,9,50
F_cycle_fitness,42,80,1.905954360961914,0.0617992989718914,330.2454833984375,1.677336366554126,1.0,10,50
F_cycle_fitness,42,81,1.905954360961914,0.0617992989718914,330.2454833984375,1.6683701795634491,1.0,11,50
F_cycle_fitness,42,82,1.905954360961914,0.0617992989718914,330.2454833984375,1.6351629959933944,1.0,12,50
F_cycle_fitness,42,83,1.905954360961914,0.0617992989718914,330.2454833984375,1.625883843345745,1.0,13,50
F_cycle_fitness,42,84,1.905954360961914,0.0617992989718914,330.2454833984375,1.6052641828107799,1.0,14,50
F_cycle_fitness,42,85,1.905954360961914,0.0617992989718914,330.2454833984375,1.6408124599874987,1.0,15,50
F_cycle_fitness,42,86,1.905954360961914,0.0617992989718914,330.2454833984375,1.6445286006632283,1.0,16,50
F_cycle_fitness,42,87,1.905954360961914,0.0617992989718914,330.2454833984375,1.6099091349542038,1.0,17,50
F_cycle_fitness,42,88,1.905954360961914,0.0617992989718914,330.2454833984375,1.6448955024401186,1.0,18,50
F_cycle_fitness,42,89,1.905954360961914,0.0617992989718914,330.2454833984375,1.659665324345382,1.0,19,50
F_cycle_fitness,42,90,1.905954360961914,0.0617992989718914,330.2454833984375,1.7320909855106035,1.0,0,50
F_cycle_fitness,42,91,1.905954360961914,0.0617992989718914,330.2454833984375,1.7360962785115304,1.0,1,50
F_cycle_fitness,42,92,1.905954360961914,0.0617992989718914,330.2454833984375,1.698748043522918,1.0,2,50
F_cycle_fitness,42,93,1.905954360961914,0.0617992989718914,330.2454833984375,1.6761952718553457,1.0,3,50
F_cycle_fitness,42,94,1.905954360961914,0.0617992989718914,330.2454833984375,1.6509362813939412,1.0,4,50
F_cycle_fitness,42,95,1.905954360961914,0.0617992989718914,330.2454833984375,1.626375779754885,1.0,5,50
F_cycle_fitness,42,96,1.905954360961914,0.0617992989718914,330.2454833984375,1.6225040878654107,1.0,6,50
F_cycle_fitness,42,97,1.905954360961914,0.0617992989718914,330.2454833984375,1.633319886533398,1.0,7,50
F_cycle_fitness,42,98,1.905954360961914,0.0617992989718914,330.2454833984375,1.6044461079447088,1.0,8,50
F_cycle_fitness,42,99,1.905954360961914,0.0617992989718914,330.2454833984375,1.6012469187399738,1.0,9,50
F_cycle_fitness,42,100,1.905954360961914,0.0617992989718914,330.2454833984375,1.6385464083639842,1.0,10,50
F_cycle_fitness,42,101,1.905954360961914,0.0617992989718914,330.2454833984375,1.621078244524954,1.0,11,50
F_cycle_fitness,42,102,1.905954360961914,0.0617992989718914,330.2454833984375,1.6400316268218302,1.0,12,50
F_cycle_fitness,42,103,1.905954360961914,0.0617992989718914,330.2454833984375,1.664722978215742,1.0,13,50
F_cycle_fitness,42,104,1.905954360961914,0.0617992989718914,330.2454833984375,1.64105603006225,1.0,14,50
F_cycle_fitness,42,105,1.905954360961914,0.0617992989718914,330.2454833984375,1.624396567914959,1.0,15,50
F_cycle_fitness,42,106,1.905954360961914,0.0617992989718914,330.2454833984375,1.602381207779641,1.0,16,50
F_cycle_fitness,42,107,1.905954360961914,0.0617992989718914,330.2454833984375,1.592603032346781,1.0,17,50
F_cycle_fitness,42,108,1.905954360961914,0.0617992989718914,330.2454833984375,1.5840315980683772,1.0,18,50
F_cycle_fitness,42,109,1.905954360961914,0.0617992989718914,330.2454833984375,1.583253867578186,1.0,19,50
F_cycle_fitness,42,110,1.905954360961914,0.0617992989718914,330.2454833984375,1.6343444115249655,1.0,0,50
F_cycle_fitness,42,111,1.905954360961914,0.0617992989718914,330.2454833984375,1.5889527189757187,1.0,1,50
F_cycle_fitness,42,112,1.905954360961914,0.0617992989718914,330.2454833984375,1.54314079110196,1.0,2,50
F_cycle_fitness,42,113,1.905954360961914,0.0617992989718914,330.2454833984375,1.521558050442868,1.0,3,50
F_cycle_fitness,42,114,1.905954360961914,0.0617992989718914,330.2454833984375,1.514143962523286,1.0,4,50
F_cycle_fitness,42,115,1.905954360961914,0.0617992989718914,330.2454833984375,1.4955897290488456,1.0,5,50
F_cycle_fitness,42,116,1.905954360961914,0.0617992989718914,330.2454833984375,1.479553081977607,1.0,6,50
F_cycle_fitness,42,117,1.905954360961914,0.0617992989718914,330.2454833984375,1.4777029093482978,1.0,7,50
F_cycle_fitness,42,118,1.905954360961914,0.0617992989718914,330.2454833984375,1.465689622712552,1.0,8,50
F_cycle_fitness,42,119,1.905954360961914,0.0617992989718914,330.2454833984375,1.4968270426133057,1.0,9,50
F_cycle_fitness,42,120,1.905954360961914,0.0617992989718914,330.2454833984375,1.5045958646862208,1.0,10,50
F_cycle_fitness,42,121,1.905954360961914,0.0617992989718914,330.2454833984375,1.519212478681719,1.0,11,50
F_cycle_fitness,42,122,1.905954360961914,0.0617992989718914,330.2454833984375,1.4913565788967813,1.0,12,50
F_cycle_fitness,42,123,1.905954360961914,0.0617992989718914,330.2454833984375,1.4837636709948094,1.0,13,50
F_cycle_fitness,42,124,1.905954360961914,0.0617992989718914,330.2454833984375,1.5263573060201523,1.0,14,50
F_cycle_fitness,42,125,1.905954360961914,0.0617992989718914,330.2454833984375,1.5189758570526708,1.0,15,50
F_cycle_fitness,42,126,1.905954360961914,0.0617992989718914,330.2454833984375,1.549888598354816,1.0,16,50
F_cycle_fitness,42,127,1.905954360961914,0.0617992989718914,330.2454833984375,1.4841448375759847,1.0,17,50
F_cycle_fitness,42,128,1.905954360961914,0.0617992989718914,330.2454833984375,1.467587078623925,1.0,18,50
F_cycle_fitness,42,129,1.905954360961914,0.0617992989718914,330.2454833984375,1.4488278673469033,1.0,19,50
F_cycle_fitness,42,130,1.905954360961914,0.0617992989718914,330.2454833984375,1.558845255422881,1.0,0,50
F_cycle_fitness,42,131,1.905954360961914,0.0617992989718914,330.2454833984375,1.5181585037049499,1.0,1,50
F_cycle_fitness,42,132,1.905954360961914,0.0617992989718914,330.2454833984375,1.5130026494319708,1.0,2,50
F_cycle_fitness,42,133,1.905954360961914,0.0617992989718914,330.2454833984375,1.4979862709117777,1.0,3,50
F_cycle_fitness,42,134,1.905954360961914,0.0617992989718914,330.2454833984375,1.4822744206083627,1.0,4,50
F_cycle_fitness,42,135,1.905954360961914,0.0617992989718914,330.2454833984375,1.4822663259572848,1.0,5,50
F_cycle_fitness,42,136,1.905954360961914,0.0617992989718914,330.2454833984375,1.4437064245250237,1.0,6,50
F_cycle_fitness,42,137,1.905954360961914,0.0617992989718914,330.2454833984375,1.4446250540320187,1.0,7,50
F_cycle_fitness,42,138,1.905954360961914,0.0617992989718914,330.2454833984375,1.3891929830029346,1.0,8,50
F_cycle_fitness,42,139,1.905954360961914,0.0617992989718914,330.2454833984375,1.4004854740372756,1.0,9,50
F_cycle_fitness,42,140,1.905954360961914,0.0617992989718914,330.2454833984375,1.4273001062552153,1.0,10,50
F_cycle_fitness,42,141,1.905954360961914,0.0617992989718914,330.2454833984375,1.3975264116125838,1.0,11,50
F_cycle_fitness,42,142,1.905954360961914,0.0617992989718914,330.2454833984375,1.3690574338899848,1.0,12,50
F_cycle_fitness,42,143,1.905954360961914,0.0617992989718914,330.2454833984375,1.4024361989925016,1.0,13,50
F_cycle_fitness,42,144,1.905954360961914,0.0617992989718914,330.2454833984375,1.346339209637012,1.0,14,50
F_cycle_fitness,42,145,1.905954360961914,0.0617992989718914,330.2454833984375,1.312740047819777,1.0,15,50
F_cycle_fitness,42,146,1.905954360961914,0.0617992989718914,330.2454833984375,1.2891313927031673,1.0,16,50
F_cycle_fitness,42,147,1.905954360961914,0.0617992989718914,330.2454833984375,1.2646040968380148,1.0,17,50
F_cycle_fitness,42,148,1.905954360961914,0.0617992989718914,330.2454833984375,1.29867547037232,1.0,18,50
F_cycle_fitness,42,149,1.905954360961914,0.0617992989718914,330.2454833984375,1.3167523667880368,1.0,19,50
F_cycle_fitness,42,150,1.905954360961914,0.0617992989718914,330.2454833984375,1.4000675367779616,1.0,0,50
F_cycle_fitness,137,1,2.0265495777130127,0.06455542147159576,300.7430114746094,1.6786535170218198,1.0,0,18
F_cycle_fitness,137,2,2.0517380237579346,0.06123768538236618,309.15692138671875,1.6850608522610226,1.0,0,36
F_cycle_fitness,137,3,1.9120162725448608,0.07563650608062744,316.1904296875,1.7203242643138337,1.0,0,50
F_cycle_fitness,137,4,1.9690196514129639,0.0706268697977066,321.18243408203125,1.717906610712008,1.0,0,50
F_cycle_fitness,137,5,1.9690196514129639,0.0706268697977066,321.18243408203125,1.7473944726311281,1.0,1,50
F_cycle_fitness,137,6,1.9690196514129639,0.0706268697977066,321.18243408203125,1.6950059699556135,1.0,2,50
F_cycle_fitness,137,7,1.9690196514129639,0.0706268697977066,321.18243408203125,1.6945422373976746,1.0,3,50
F_cycle_fitness,137,8,1.9690196514129639,0.0706268697977066,321.18243408203125,1.7169570945341763,1.0,4,50
F_cycle_fitness,137,9,1.9690196514129639,0.0706268697977066,321.18243408203125,1.724926185299471,1.0,5,50
F_cycle_fitness,137,10,1.9690196514129639,0.0706268697977066,321.18243408203125,1.7825847168252906,1.0,6,50
F_cycle_fitness,137,11,1.9690196514129639,0.0706268697977066,321.18243408203125,1.7745250767724234,1.0,7,50
F_cycle_fitness,137,12,1.9690196514129639,0.0706268697977066,321.18243408203125,1.766612024749724,1.0,8,50
F_cycle_fitness,137,13,2.726689100265503,0.06749744713306427,321.53692626953125,1.7487850191172198,1.0,0,50
F_cycle_fitness,137,14,1.9805330038070679,0.07546453922986984,323.60650634765625,1.7365751289463833,1.0,0,50
F_cycle_fitness,137,15,1.9361984729766846,0.06748715043067932,326.84881591796875,1.7422206671488905,1.0,0,50
F_cycle_fitness,137,16,1.9361984729766846,0.06748715043067932,326.84881591796875,1.708399061876089,1.0,1,50
F_cycle_fitness,137,17,1.9361984729766846,0.06748715043067932,326.84881591796875,1.7290648621701554,1.0,2,50
F_cycle_fitness,137,18,1.9361984729766846,0.06748715043067932,326.84881591796875,1.7060844049814066,1.0,3,50
F_cycle_fitness,137,19,1.9361984729766846,0.06748715043067932,326.84881591796875,1.6958344033876724,1.0,4,50
F_cycle_fitness,137,20,1.9361984729766846,0.06748715043067932,326.84881591796875,1.670898970939022,1.0,5,50
F_cycle_fitness,137,21,1.9361984729766846,0.06748715043067932,326.84881591796875,1.7270554814026362,1.0,6,50
F_cycle_fitness,137,22,1.9361984729766846,0.06748715043067932,326.84881591796875,1.7487214594825635,1.0,7,50
F_cycle_fitness,137,23,1.9361984729766846,0.06748715043067932,326.84881591796875,1.7449537157107573,1.0,8,50
F_cycle_fitness,137,24,1.9361984729766846,0.06748715043067932,326.84881591796875,1.7341917082441232,1.0,9,50
F_cycle_fitness,137,25,1.9361984729766846,0.06748715043067932,326.84881591796875,1.6855753998287117,1.0,10,50
F_cycle_fitness,137,26,1.9361984729766846,0.06748715043067932,326.84881591796875,1.6923798310397162,1.0,11,50
F_cycle_fitness,137,27,1.9361984729766846,0.06748715043067932,326.84881591796875,1.7298430574901091,1.0,12,50
F_cycle_fitness,137,28,2.217803478240967,0.08294866979122162,330.76837158203125,1.7286939834230401,1.0,0,50
F_cycle_fitness,137,29,2.217803478240967,0.08294866979122162,330.76837158203125,1.7183936056281073,1.0,1,50
F_cycle_fitness,137,30,2.217803478240967,0.08294866979122162,330.76837158203125,1.6744553691068238,1.0,2,50
F_cycle_fitness,137,31,2.217803478240967,0.08294866979122162,330.76837158203125,1.6718954441936669,1.0,3,50
F_cycle_fitness,137,32,2.217803478240967,0.08294866979122162,330.76837158203125,1.6790414344462463,1.0,4,50
F_cycle_fitness,137,33,2.217803478240967,0.08294866979122162,330.76837158203125,1.6637758503116102,1.0,5,50
F_cycle_fitness,137,34,2.217803478240967,0.08294866979122162,330.76837158203125,1.6930820458801266,1.0,6,50
F_cycle_fitness,137,35,2.217803478240967,0.08294866979122162,330.76837158203125,1.7116553410224185,1.0,7,50
F_cycle_fitness,137,36,2.217803478240967,0.08294866979122162,330.76837158203125,1.657169854935296,1.0,8,50
F_cycle_fitness,137,37,2.217803478240967,0.08294866979122162,330.76837158203125,1.6737328574266672,1.0,9,50
F_cycle_fitness,137,38,2.217803478240967,0.08294866979122162,330.76837158203125,1.7125063077755907,1.0,10,50
F_cycle_fitness,137,39,2.217803478240967,0.08294866979122162,330.76837158203125,1.6979411178162267,1.0,11,50
F_cycle_fitness,137,40,2.217803478240967,0.08294866979122162,330.76837158203125,1.665413683602663,1.0,12,50
F_cycle_fitness,137,41,2.217803478240967,0.08294866979122162,330.76837158203125,1.6764391575643285,1.0,13,50
F_cycle_fitness,137,42,2.217803478240967,0.08294866979122162,330.76837158203125,1.656258739013535,1.0,14,50
F_cycle_fitness,137,43,2.217803478240967,0.08294866979122162,330.76837158203125,1.6240444184119265,1.0,15,50
F_cycle_fitness,137,44,2.217803478240967,0.08294866979122162,330.76837158203125,1.6704755077019935,1.0,16,50
F_cycle_fitness,137,45,2.217803478240967,0.08294866979122162,330.76837158203125,1.6742404222628202,1.0,17,50
F_cycle_fitness,137,46,2.217803478240967,0.08294866979122162,330.76837158203125,1.7139482511199695,1.0,18,50
F_cycle_fitness,137,47,2.217803478240967,0.08294866979122162,330.76837158203125,1.7105777338943495,1.0,19,50
F_cycle_fitness,137,48,2.217803478240967,0.08294866979122162,330.76837158203125,1.712502033891724,1.0,0,50
F_cycle_fitness,137,49,2.217803478240967,0.08294866979122162,330.76837158203125,1.675774931676192,1.0,1,50
F_cycle_fitness,137,50,2.217803478240967,0.08294866979122162,330.76837158203125,1.7036618272469897,1.0,2,50
F_cycle_fitness,137,51,2.217803478240967,0.08294866979122162,330.76837158203125,1.714970105958042,1.0,3,50
F_cycle_fitness,137,52,2.217803478240967,0.08294866979122162,330.76837158203125,1.7111809067890018,1.0,4,50
F_cycle_fitness,137,53,2.217803478240967,0.08294866979122162,330.76837158203125,1.6716141718964939,1.0,5,50
F_cycle_fitness,137,54,2.217803478240967,0.08294866979122162,330.76837158203125,1.683455101292057,1.0,6,50
F_cycle_fitness,137,55,2.217803478240967,0.08294866979122162,330.76837158203125,1.6989726901197388,1.0,7,50
F_cycle_fitness,137,56,2.217803478240967,0.08294866979122162,330.76837158203125,1.7326047523829935,1.0,8,50
F_cycle_fitness,137,57,2.217803478240967,0.08294866979122162,330.76837158203125,1.6592352237479522,1.0,9,50
F_cycle_fitness,137,58,2.217803478240967,0.08294866979122162,330.76837158203125,1.6239385719427153,1.0,10,50
F_cycle_fitness,137,59,2.217803478240967,0.08294866979122162,330.76837158203125,1.6326875588825507,1.0,11,50
F_cycle_fitness,137,60,2.217803478240967,0.08294866979122162,330.76837158203125,1.7009080309080902,1.0,12,50
F_cycle_fitness,137,61,2.217803478240967,0.08294866979122162,330.76837158203125,1.6898208796176466,1.0,13,50
F_cycle_fitness,137,62,2.217803478240967,0.08294866979122162,330.76837158203125,1.6666006532274105,1.0,14,50
F_cycle_fitness,137,63,2.217803478240967,0.08294866979122162,330.76837158203125,1.6493541422170492,1.0,15,50
F_cycle_fitness,137,64,2.217803478240967,0.08294866979122162,330.76837158203125,1.6154057263888404,1.0,16,50
F_cycle_fitness,137,65,2.217803478240967,0.08294866979122162,330.76837158203125,1.595298557489388,1.0,17,50
F_cycle_fitness,137,66,2.217803478240967,0.08294866979122162,330.76837158203125,1.6417899198656818,1.0,18,50
F_cycle_fitness,137,67,2.217803478240967,0.08294866979122162,330.76837158203125,1.6750699840639776,1.0,19,50
F_cycle_fitness,137,68,2.217803478240967,0.08294866979122162,330.76837158203125,1.6997041620735134,1.0,0,50
F_cycle_fitness,137,69,2.217803478240967,0.08294866979122162,330.76837158203125,1.6775435359987192,1.0,1,50
F_cycle_fitness,137,70,2.217803478240967,0.08294866979122162,330.76837158203125,1.667144423501299,1.0,2,50
F_cycle_fitness,137,71,2.217803478240967,0.08294866979122162,330.76837158203125,1.6743390551476147,1.0,3,50
F_cycle_fitness,137,72,2.217803478240967,0.08294866979122162,330.76837158203125,1.6631429497377752,1.0,4,50
F_cycle_fitness,137,73,2.217803478240967,0.08294866979122162,330.76837158203125,1.6886929573219007,1.0,5,50
F_cycle_fitness,137,74,2.217803478240967,0.08294866979122162,330.76837158203125,1.6368517863338476,1.0,6,50
F_cycle_fitness,137,75,2.217803478240967,0.08294866979122162,330.76837158203125,1.6508590494187683,1.0,7,50
F_cycle_fitness,137,76,2.217803478240967,0.08294866979122162,330.76837158203125,1.631852126237677,1.0,8,50
F_cycle_fitness,137,77,2.217803478240967,0.08294866979122162,330.76837158203125,1.6712743116662785,1.0,9,50
F_cycle_fitness,137,78,2.217803478240967,0.08294866979122162,330.76837158203125,1.6892398283418706,1.0,10,50
F_cycle_fitness,137,79,2.217803478240967,0.08294866979122162,330.76837158203125,1.6507358916306987,1.0,11,50
F_cycle_fitness,137,80,2.217803478240967,0.08294866979122162,330.76837158203125,1.6667272432157203,1.0,12,50
F_cycle_fitness,137,81,2.217803478240967,0.08294866979122162,330.76837158203125,1.6477905505704962,1.0,13,50
F_cycle_fitness,137,82,2.217803478240967,0.08294866979122162,330.76837158203125,1.6605827569209373,1.0,14,50
F_cycle_fitness,137,83,2.217803478240967,0.08294866979122162,330.76837158203125,1.6379883948644485,1.0,15,50
F_cycle_fitness,137,84,2.217803478240967,0.08294866979122162,330.76837158203125,1.650358416543809,1.0,16,50
F_cycle_fitness,137,85,2.217803478240967,0.08294866979122162,330.76837158203125,1.6405024161451331,1.0,17,50
F_cycle_fitness,137,86,2.217803478240967,0.08294866979122162,330.76837158203125,1.6081576752102276,1.0,18,50
F_cycle_fitness,137,87,2.217803478240967,0.08294866979122162,330.76837158203125,1.6126542381877924,1.0,19,50
F_cycle_fitness,137,88,2.217803478240967,0.08294866979122162,330.76837158203125,1.643353059001934,1.0,0,50
F_cycle_fitness,137,89,2.217803478240967,0.08294866979122162,330.76837158203125,1.6522996677243005,1.0,1,50
F_cycle_fitness,137,90,2.217803478240967,0.08294866979122162,330.76837158203125,1.598641768546346,1.0,2,50
F_cycle_fitness,137,91,2.217803478240967,0.08294866979122162,330.76837158203125,1.581027042031256,1.0,3,50
F_cycle_fitness,137,92,2.217803478240967,0.08294866979122162,330.76837158203125,1.5891914018909252,1.0,4,50
F_cycle_fitness,137,93,2.217803478240967,0.08294866979122162,330.76837158203125,1.5853826317264912,1.0,5,50
F_cycle_fitness,137,94,2.217803478240967,0.08294866979122162,330.76837158203125,1.648125367853725,1.0,6,50
F_cycle_fitness,137,95,2.217803478240967,0.08294866979122162,330.76837158203125,1.61354215232063,1.0,7,50
F_cycle_fitness,137,96,2.217803478240967,0.08294866979122162,330.76837158203125,1.5817070770161465,1.0,8,50
F_cycle_fitness,137,97,2.217803478240967,0.08294866979122162,330.76837158203125,1.6164907373663244,1.0,9,50
F_cycle_fitness,137,98,2.217803478240967,0.08294866979122162,330.76837158203125,1.6339252410437994,1.0,10,50
F_cycle_fitness,137,99,2.217803478240967,0.08294866979122162,330.76837158203125,1.6727009731597227,1.0,11,50
F_cycle_fitness,137,100,2.217803478240967,0.08294866979122162,330.76837158203125,1.629255402407841,1.0,12,50
F_cycle_fitness,137,101,2.217803478240967,0.08294866979122162,330.76837158203125,1.650822367391778,1.0,13,50
F_cycle_fitness,137,102,2.217803478240967,0.08294866979122162,330.76837158203125,1.6426955636936809,1.0,14,50
F_cycle_fitness,137,103,2.217803478240967,0.08294866979122162,330.76837158203125,1.6279555413955176,1.0,15,50
F_cycle_fitness,137,104,2.217803478240967,0.08294866979122162,330.76837158203125,1.6129786184496349,1.0,16,50
F_cycle_fitness,137,105,2.217803478240967,0.08294866979122162,330.76837158203125,1.600506393568264,1.0,17,50
F_cycle_fitness,137,106,2.217803478240967,0.08294866979122162,330.76837158203125,1.57367955916797,1.0,18,50
F_cycle_fitness,137,107,2.217803478240967,0.08294866979122162,330.76837158203125,1.5840411774261902,1.0,19,50
F_cycle_fitness,137,108,2.217803478240967,0.08294866979122162,330.76837158203125,1.6642268607061155,1.0,0,50
F_cycle_fitness,137,109,2.217803478240967,0.08294866979122162,330.76837158203125,1.6319974658768301,1.0,1,50
F_cycle_fitness,137,110,2.217803478240967,0.08294866979122162,330.76837158203125,1.6505369455221528,1.0,2,50
F_cycle_fitness,137,111,2.217803478240967,0.08294866979122162,330.76837158203125,1.5900350845360933,1.0,3,50
F_cycle_fitness,137,112,2.217803478240967,0.08294866979122162,330.76837158203125,1.5800580456816566,1.0,4,50
F_cycle_fitness,137,113,2.217803478240967,0.08294866979122162,330.76837158203125,1.5962917523193305,1.0,5,50
F_cycle_fitness,137,114,2.217803478240967,0.08294866979122162,330.76837158203125,1.607446839884294,1.0,6,50
F_cycle_fitness,137,115,2.217803478240967,0.08294866979122162,330.76837158203125,1.609644147277488,1.0,7,50
F_cycle_fitness,137,116,2.217803478240967,0.08294866979122162,330.76837158203125,1.574519827980498,1.0,8,50
F_cycle_fitness,137,117,2.217803478240967,0.08294866979122162,330.76837158203125,1.5603968016947676,1.0,9,50
F_cycle_fitness,137,118,2.217803478240967,0.08294866979122162,330.76837158203125,1.5667021434080861,1.0,10,50
F_cycle_fitness,137,119,2.217803478240967,0.08294866979122162,330.76837158203125,1.5839492383891551,1.0,11,50
F_cycle_fitness,137,120,2.217803478240967,0.08294866979122162,330.76837158203125,1.562143430146095,1.0,12,50
F_cycle_fitness,137,121,2.217803478240967,0.08294866979122162,330.76837158203125,1.490576341732411,1.0,13,50
F_cycle_fitness,137,122,2.217803478240967,0.08294866979122162,330.76837158203125,1.529407434764475,1.0,14,50
F_cycle_fitness,137,123,2.217803478240967,0.08294866979122162,330.76837158203125,1.50737230788946,1.0,15,50
F_cycle_fitness,137,124,2.217803478240967,0.08294866979122162,330.76837158203125,1.4640854788644004,1.0,16,50
F_cycle_fitness,137,125,2.217803478240967,0.08294866979122162,330.76837158203125,1.4256845668958928,1.0,17,50
F_cycle_fitness,137,126,2.217803478240967,0.08294866979122162,330.76837158203125,1.417868597764989,1.0,18,50
F_cycle_fitness,137,127,2.217803478240967,0.08294866979122162,330.76837158203125,1.3871133653408059,1.0,19,50
F_cycle_fitness,137,128,2.217803478240967,0.08294866979122162,330.76837158203125,1.483637343254025,1.0,0,50
F_cycle_fitness,137,129,2.217803478240967,0.08294866979122162,330.76837158203125,1.5012122431386923,1.0,1,50
F_cycle_fitness,137,130,2.217803478240967,0.08294866979122162,330.76837158203125,1.4322243455494617,1.0,2,50
F_cycle_fitness,137,131,2.217803478240967,0.08294866979122162,330.76837158203125,1.390081457240582,1.0,3,50
F_cycle_fitness,137,132,2.217803478240967,0.08294866979122162,330.76837158203125,1.3792953667230266,1.0,4,50
F_cycle_fitness,137,133,2.217803478240967,0.08294866979122162,330.76837158203125,1.4066356737556125,1.0,5,50
F_cycle_fitness,137,134,2.217803478240967,0.08294866979122162,330.76837158203125,1.4101513615405277,1.0,6,50
F_cycle_fitness,137,135,2.217803478240967,0.08294866979122162,330.76837158203125,1.3594219341855378,1.0,7,50
F_cycle_fitness,137,136,2.217803478240967,0.08294866979122162,330.76837158203125,1.3551665789733998,1.0,8,50
F_cycle_fitness,137,137,2.217803478240967,0.08294866979122162,330.76837158203125,1.379672950476356,1.0,9,50
F_cycle_fitness,137,138,2.217803478240967,0.08294866979122162,330.76837158203125,1.3144487123511213,1.0,10,50
F_cycle_fitness,137,139,2.217803478240967,0.08294866979122162,330.76837158203125,1.2660947091440333,1.0,11,50
F_cycle_fitness,137,140,2.217803478240967,0.08294866979122162,330.76837158203125,1.2355715024742953,1.0,12,50
F_cycle_fitness,137,141,2.217803478240967,0.08294866979122162,330.76837158203125,1.2343273137763777,1.0,13,50
F_cycle_fitness,137,142,2.217803478240967,0.08294866979122162,330.76837158203125,1.2875439313236603,1.0,14,50
F_cycle_fitness,137,143,2.217803478240967,0.08294866979122162,330.76837158203125,1.261242850198662,1.0,15,50
F_cycle_fitness,137,144,2.217803478240967,0.08294866979122162,330.76837158203125,1.2237424115362023,1.0,16,50
F_cycle_fitness,137,145,2.217803478240967,0.08294866979122162,330.76837158203125,1.2193967713273148,1.0,17,50
F_cycle_fitness,137,146,2.217803478240967,0.08294866979122162,330.76837158203125,1.1767792627849838,1.0,18,50
F_cycle_fitness,137,147,2.217803478240967,0.08294866979122162,330.76837158203125,1.157014780478997,1.0,19,50
F_cycle_fitness,137,148,2.217803478240967,0.08294866979122162,330.76837158203125,1.265421752818248,1.0,0,50
F_cycle_fitness,137,149,2.217803478240967,0.08294866979122162,330.76837158203125,1.256649820861565,1.0,1,50
F_cycle_fitness,137,150,2.217803478240967,0.08294866979122162,330.76837158203125,1.2088629189337174,1.0,2,50
F_cycle_fitness,271,1,1.8981910943984985,0.061163876205682755,299.3686218261719,1.7170714020560198,1.0,0,18
F_cycle_fitness,271,2,2.3075807094573975,0.08291816711425781,312.62042236328125,1.712209633588755,1.0,0,36
F_cycle_fitness,271,3,2.3075807094573975,0.08291816711425781,312.62042236328125,1.7115776812973391,1.0,1,50
F_cycle_fitness,271,4,2.3075807094573975,0.08291816711425781,312.62042236328125,1.7079375463192858,1.0,2,50
F_cycle_fitness,271,5,2.022864818572998,0.06820719689130783,313.35748291015625,1.6833594765788025,1.0,0,50
F_cycle_fitness,271,6,2.1226725578308105,0.049311719834804535,316.93121337890625,1.6401393290561288,1.0,0,50
F_cycle_fitness,271,7,2.1226725578308105,0.049311719834804535,316.93121337890625,1.694937015097246,1.0,1,50
F_cycle_fitness,271,8,2.1517233848571777,0.04579852148890495,323.81475830078125,1.7270741770296572,1.0,0,50
F_cycle_fitness,271,9,2.1517233848571777,0.04579852148890495,323.81475830078125,1.7662998577446314,1.0,1,50
F_cycle_fitness,271,10,2.1517233848571777,0.04579852148890495,323.81475830078125,1.7384524637577756,1.0,2,50
F_cycle_fitness,271,11,2.1517233848571777,0.04579852148890495,323.81475830078125,1.7356928107098228,1.0,3,50
F_cycle_fitness,271,12,2.1517233848571777,0.04579852148890495,323.81475830078125,1.7192337637992867,1.0,4,50
F_cycle_fitness,271,13,2.1517233848571777,0.04579852148890495,323.81475830078125,1.7144966758235058,1.0,5,50
F_cycle_fitness,271,14,2.1517233848571777,0.04579852148890495,323.81475830078125,1.6870838187483101,1.0,6,50
F_cycle_fitness,271,15,2.1517233848571777,0.04579852148890495,323.81475830078125,1.6990262391483444,1.0,7,50
F_cycle_fitness,271,16,2.1517233848571777,0.04579852148890495,323.81475830078125,1.6845889154764708,1.0,8,50
F_cycle_fitness,271,17,2.1517233848571777,0.04579852148890495,323.81475830078125,1.7096161085248311,1.0,9,50
F_cycle_fitness,271,18,2.1517233848571777,0.04579852148890495,323.81475830078125,1.7073275954138418,1.0,10,50
F_cycle_fitness,271,19,2.1517233848571777,0.04579852148890495,323.81475830078125,1.6754955438201606,1.0,11,50
F_cycle_fitness,271,20,2.2754406929016113,0.08453524112701416,325.958740234375,1.6981869869944721,1.0,0,50
F_cycle_fitness,271,21,2.2754406929016113,0.08453524112701416,325.958740234375,1.7277511114342734,1.0,1,50
F_cycle_fitness,271,22,2.2754406929016113,0.08453524112701416,325.958740234375,1.7014063184288353,1.0,2,50
F_cycle_fitness,271,23,2.2754406929016113,0.08453524112701416,325.958740234375,1.6882238762853992,1.0,3,50
F_cycle_fitness,271,24,2.2754406929016113,0.08453524112701416,325.958740234375,1.7250727752923638,1.0,4,50
F_cycle_fitness,271,25,2.2754406929016113,0.08453524112701416,325.958740234375,1.7013502584782314,1.0,5,50
F_cycle_fitness,271,26,2.2754406929016113,0.08453524112701416,325.958740234375,1.6735567418822597,1.0,6,50
F_cycle_fitness,271,27,2.2754406929016113,0.08453524112701416,325.958740234375,1.673004388952933,1.0,7,50
F_cycle_fitness,271,28,2.0065741539001465,0.06090188026428223,326.69854736328125,1.6150593677089724,1.0,0,50
F_cycle_fitness,271,29,2.0065741539001465,0.06090188026428223,326.69854736328125,1.6583031923389948,1.0,1,50
F_cycle_fitness,271,30,2.0065741539001465,0.06090188026428223,326.69854736328125,1.6762046677018683,1.0,2,50
F_cycle_fitness,271,31,2.0065741539001465,0.06090188026428223,326.69854736328125,1.6634422880198982,1.0,3,50
F_cycle_fitness,271,32,2.0065741539001465,0.06090188026428223,326.69854736328125,1.6446515687430914,1.0,4,50
F_cycle_fitness,271,33,2.0065741539001465,0.06090188026428223,326.69854736328125,1.690560629275641,1.0,5,50
F_cycle_fitness,271,34,2.0065741539001465,0.06090188026428223,326.69854736328125,1.703578693007978,1.0,6,50
F_cycle_fitness,271,35,2.0065741539001465,0.06090188026428223,326.69854736328125,1.721531445991868,1.0,7,50
F_cycle_fitness,271,36,1.9554868936538696,0.060828667134046555,328.08160400390625,1.6868810524679703,1.0,0,50
F_cycle_fitness,271,37,1.9554868936538696,0.060828667134046555,328.08160400390625,1.7101230749755107,1.0,1,50
F_cycle_fitness,271,38,1.9554868936538696,0.060828667134046555,328.08160400390625,1.6580553347598417,1.0,2,50
F_cycle_fitness,271,39,1.9554868936538696,0.060828667134046555,328.08160400390625,1.6888136779706648,1.0,3,50
F_cycle_fitness,271,40,1.9554868936538696,0.060828667134046555,328.08160400390625,1.6671200455318054,1.0,4,50
F_cycle_fitness,271,41,1.9554868936538696,0.060828667134046555,328.08160400390625,1.6550999552929704,1.0,5,50
F_cycle_fitness,271,42,1.9554868936538696,0.060828667134046555,328.08160400390625,1.6645669417271451,1.0,6,50
F_cycle_fitness,271,43,1.9554868936538696,0.060828667134046555,328.08160400390625,1.698638494151903,1.0,7,50
F_cycle_fitness,271,44,1.9554868936538696,0.060828667134046555,328.08160400390625,1.6550017931186145,1.0,8,50
F_cycle_fitness,271,45,1.9554868936538696,0.060828667134046555,328.08160400390625,1.6870302299922904,1.0,9,50
F_cycle_fitness,271,46,1.9554868936538696,0.060828667134046555,328.08160400390625,1.6654325499350577,1.0,10,50
F_cycle_fitness,271,47,1.9554868936538696,0.060828667134046555,328.08160400390625,1.646222133760078,1.0,11,50
F_cycle_fitness,271,48,1.9554868936538696,0.060828667134046555,328.08160400390625,1.6732502777724418,1.0,12,50
F_cycle_fitness,271,49,1.9554868936538696,0.060828667134046555,328.08160400390625,1.6505318280279335,1.0,13,50
F_cycle_fitness,271,50,1.9554868936538696,0.060828667134046555,328.08160400390625,1.6437603560190748,1.0,14,50
F_cycle_fitness,271,51,1.9554868936538696,0.060828667134046555,328.08160400390625,1.659412337302049,1.0,15,50
F_cycle_fitness,271,52,1.9554868936538696,0.060828667134046555,328.08160400390625,1.639274940637465,1.0,16,50
F_cycle_fitness,271,53,1.9554868936538696,0.060828667134046555,328.08160400390625,1.5985982865532224,1.0,17,50
F_cycle_fitness,271,54,1.9554868936538696,0.060828667134046555,328.08160400390625,1.614019918342155,1.0,18,50
F_cycle_fitness,271,55,1.9554868936538696,0.060828667134046555,328.08160400390625,1.6667310958487276,1.0,19,50
F_cycle_fitness,271,56,1.9554868936538696,0.060828667134046555,328.08160400390625,1.668443084479257,1.0,0,50
F_cycle_fitness,271,57,1.9554868936538696,0.060828667134046555,328.08160400390625,1.6774073537972036,1.0,1,50
F_cycle_fitness,271,58,1.9554868936538696,0.060828667134046555,328.08160400390625,1.6749103169215958,1.0,2,50
F_cycle_fitness,271,59,1.9554868936538696,0.060828667134046555,328.08160400390625,1.6846329591615203,1.0,3,50
F_cycle_fitness,271,60,1.9554868936538696,0.060828667134046555,328.08160400390625,1.6705717651174545,1.0,4,50
F_cycle_fitness,271,61,1.9554868936538696,0.060828667134046555,328.08160400390625,1.7071516126341673,1.0,5,50
F_cycle_fitness,271,62,1.9554868936538696,0.060828667134046555,328.08160400390625,1.703526647064092,1.0,6,50
F_cycle_fitness,271,63,1.9554868936538696,0.060828667134046555,328.08160400390625,1.742169664613354,1.0,7,50
F_cycle_fitness,271,64,1.9554868936538696,0.060828667134046555,328.08160400390625,1.783162509468337,1.0,8,50
F_cycle_fitness,271,65,1.9554868936538696,0.060828667134046555,328.08160400390625,1.7518931905650394,1.0,9,50
F_cycle_fitness,271,66,1.9554868936538696,0.060828667134046555,328.08160400390625,1.7321612276265868,1.0,10,50
F_cycle_fitness,271,67,1.9554868936538696,0.060828667134046555,328.08160400390625,1.7346526599554764,1.0,11,50
F_cycle_fitness,271,68,1.9554868936538696,0.060828667134046555,328.08160400390625,1.689191959706123,1.0,12,50
F_cycle_fitness,271,69,1.9554868936538696,0.060828667134046555,328.08160400390625,1.6968370849007592,1.0,13,50
F_cycle_fitness,271,70,1.9554868936538696,0.060828667134046555,328.08160400390625,1.7189517113655954,1.0,14,50
F_cycle_fitness,271,71,1.9554868936538696,0.060828667134046555,328.08160400390625,1.673938220766253,1.0,15,50
F_cycle_fitness,271,72,1.9554868936538696,0.060828667134046555,328.08160400390625,1.6371577463516456,1.0,16,50
F_cycle_fitness,271,73,1.9554868936538696,0.060828667134046555,328.08160400390625,1.5949664906316918,1.0,17,50
F_cycle_fitness,271,74,1.9554868936538696,0.060828667134046555,328.08160400390625,1.5885763241194675,1.0,18,50
F_cycle_fitness,271,75,1.9554868936538696,0.060828667134046555,328.08160400390625,1.6249717294716697,1.0,19,50
F_cycle_fitness,271,76,1.9554868936538696,0.060828667134046555,328.08160400390625,1.644340922117926,1.0,0,50
F_cycle_fitness,271,77,1.9554868936538696,0.060828667134046555,328.08160400390625,1.634198180048523,1.0,1,50
F_cycle_fitness,271,78,1.9554868936538696,0.060828667134046555,328.08160400390625,1.6298034733045945,1.0,2,50
F_cycle_fitness,271,79,1.9554868936538696,0.060828667134046555,328.08160400390625,1.5747694244116197,1.0,3,50
F_cycle_fitness,271,80,1.9554868936538696,0.060828667134046555,328.08160400390625,1.6226268562587647,1.0,4,50
F_cycle_fitness,271,81,1.9554868936538696,0.060828667134046555,328.08160400390625,1.6374190228703798,1.0,5,50
F_cycle_fitness,271,82,1.9554868936538696,0.060828667134046555,328.08160400390625,1.6208144884698625,1.0,6,50
F_cycle_fitness,271,83,1.9554868936538696,0.060828667134046555,328.08160400390625,1.5962947726690295,1.0,7,50
F_cycle_fitness,271,84,1.9554868936538696,0.060828667134046555,328.08160400390625,1.599279866687369,1.0,8,50
F_cycle_fitness,271,85,1.9554868936538696,0.060828667134046555,328.08160400390625,1.6426929969546609,1.0,9,50
F_cycle_fitness,271,86,1.9554868936538696,0.060828667134046555,328.08160400390625,1.6170819788684392,1.0,10,50
F_cycle_fitness,271,87,1.9554868936538696,0.060828667134046555,328.08160400390625,1.6347387605180013,1.0,11,50
F_cycle_fitness,271,88,1.9554868936538696,0.060828667134046555,328.08160400390625,1.6263706543481973,1.0,12,50
F_cycle_fitness,271,89,1.9554868936538696,0.060828667134046555,328.08160400390625,1.620706779767455,1.0,13,50
F_cycle_fitness,271,90,1.9554868936538696,0.060828667134046555,328.08160400390625,1.5882282854194574,1.0,14,50
F_cycle_fitness,271,91,1.9554868936538696,0.060828667134046555,328.08160400390625,1.6185255403342016,1.0,15,50
F_cycle_fitness,271,92,1.9554868936538696,0.060828667134046555,328.08160400390625,1.607699964341769,1.0,16,50
F_cycle_fitness,271,93,1.9554868936538696,0.060828667134046555,328.08160400390625,1.6079461107571562,1.0,17,50
F_cycle_fitness,271,94,1.9554868936538696,0.060828667134046555,328.08160400390625,1.6233721967402541,1.0,18,50
F_cycle_fitness,271,95,1.9554868936538696,0.060828667134046555,328.08160400390625,1.5806175133462672,1.0,19,50
F_cycle_fitness,271,96,1.9554868936538696,0.060828667134046555,328.08160400390625,1.5573344244298937,1.0,0,50
F_cycle_fitness,271,97,1.9554868936538696,0.060828667134046555,328.08160400390625,1.605543691546012,1.0,1,50
F_cycle_fitness,271,98,1.9554868936538696,0.060828667134046555,328.08160400390625,1.5860370812241729,1.0,2,50
F_cycle_fitness,271,99,1.9554868936538696,0.060828667134046555,328.08160400390625,1.6438559116589848,1.0,3,50
F_cycle_fitness,271,100,1.9554868936538696,0.060828667134046555,328.08160400390625,1.6496568461560743,1.0,4,50
F_cycle_fitness,271,101,1.9554868936538696,0.060828667134046555,328.08160400390625,1.6562524604528204,1.0,5,50
F_cycle_fitness,271,102,1.9554868936538696,0.060828667134046555,328.08160400390625,1.6041888884121185,1.0,6,50
F_cycle_fitness,271,103,1.9554868936538696,0.060828667134046555,328.08160400390625,1.5762926107722557,1.0,7,50
F_cycle_fitness,271,104,1.9554868936538696,0.060828667134046555,328.08160400390625,1.5819225515950652,1.0,8,50
F_cycle_fitness,271,105,1.9554868936538696,0.060828667134046555,328.08160400390625,1.5403566358166614,1.0,9,50
F_cycle_fitness,271,106,1.9554868936538696,0.060828667134046555,328.08160400390625,1.543010793328032,1.0,10,50
F_cycle_fitness,271,107,1.9554868936538696,0.060828667134046555,328.08160400390625,1.5839765585870533,1.0,11,50
F_cycle_fitness,271,108,1.9554868936538696,0.060828667134046555,328.08160400390625,1.5527643390377093,1.0,12,50
F_cycle_fitness,271,109,1.9554868936538696,0.060828667134046555,328.08160400390625,1.5645129515347216,1.0,13,50
F_cycle_fitness,271,110,1.9554868936538696,0.060828667134046555,328.08160400390625,1.529753534683489,1.0,14,50
F_cycle_fitness,271,111,1.9554868936538696,0.060828667134046555,328.08160400390625,1.5489864906539859,1.0,15,50
F_cycle_fitness,271,112,1.9554868936538696,0.060828667134046555,328.08160400390625,1.5380749491796697,1.0,16,50
F_cycle_fitness,271,113,1.9554868936538696,0.060828667134046555,328.08160400390625,1.5457471969502012,1.0,17,50
F_cycle_fitness,271,114,1.9554868936538696,0.060828667134046555,328.08160400390625,1.502110787544818,1.0,18,50
F_cycle_fitness,271,115,1.9554868936538696,0.060828667134046555,328.08160400390625,1.4893206846419844,1.0,19,50
F_cycle_fitness,271,116,1.9554868936538696,0.060828667134046555,328.08160400390625,1.5389909975341274,1.0,0,50
F_cycle_fitness,271,117,1.9554868936538696,0.060828667134046555,328.08160400390625,1.552097125658929,1.0,1,50
F_cycle_fitness,271,118,1.9554868936538696,0.060828667134046555,328.08160400390625,1.540855150453004,1.0,2,50
F_cycle_fitness,271,119,1.9554868936538696,0.060828667134046555,328.08160400390625,1.5294184092114753,1.0,3,50
F_cycle_fitness,271,120,1.9554868936538696,0.060828667134046555,328.08160400390625,1.5391340089947523,1.0,4,50
F_cycle_fitness,271,121,1.9554868936538696,0.060828667134046555,328.08160400390625,1.531038116867064,1.0,5,50
F_cycle_fitness,271,122,1.9554868936538696,0.060828667134046555,328.08160400390625,1.5445276846857143,1.0,6,50
F_cycle_fitness,271,123,1.9554868936538696,0.060828667134046555,328.08160400390625,1.5023977700225521,1.0,7,50
F_cycle_fitness,271,124,1.9554868936538696,0.060828667134046555,328.08160400390625,1.497547236631791,1.0,8,50
F_cycle_fitness,271,125,1.9554868936538696,0.060828667134046555,328.08160400390625,1.5054798382072143,1.0,9,50
F_cycle_fitness,271,126,1.9554868936538696,0.060828667134046555,328.08160400390625,1.4821723849425474,1.0,10,50
F_cycle_fitness,271,127,1.9554868936538696,0.060828667134046555,328.08160400390625,1.4582024257890183,1.0,11,50
F_cycle_fitness,271,128,1.9554868936538696,0.060828667134046555,328.08160400390625,1.4451754014244773,1.0,12,50
F_cycle_fitness,271,129,1.9554868936538696,0.060828667134046555,328.08160400390625,1.4130153108029386,1.0,13,50
F_cycle_fitness,271,130,1.9554868936538696,0.060828667134046555,328.08160400390625,1.4057068493727485,1.0,14,50
F_cycle_fitness,271,131,1.9554868936538696,0.060828667134046555,328.08160400390625,1.395445834635293,1.0,15,50
F_cycle_fitness,271,132,1.9554868936538696,0.060828667134046555,328.08160400390625,1.3322279281841494,1.0,16,50
F_cycle_fitness,271,133,1.9554868936538696,0.060828667134046555,328.08160400390625,1.3207134350551946,1.0,17,50
F_cycle_fitness,271,134,1.9554868936538696,0.060828667134046555,328.08160400390625,1.3262673182696634,1.0,18,50
F_cycle_fitness,271,135,1.9554868936538696,0.060828667134046555,328.08160400390625,1.3559433217183883,1.0,19,50
F_cycle_fitness,271,136,1.9554868936538696,0.060828667134046555,328.08160400390625,1.4430126947605642,1.0,0,50
F_cycle_fitness,271,137,1.9554868936538696,0.060828667134046555,328.08160400390625,1.453712912288243,1.0,1,50
F_cycle_fitness,271,138,1.9554868936538696,0.060828667134046555,328.08160400390625,1.4466213318643903,1.0,2,50
F_cycle_fitness,271,139,1.9554868936538696,0.060828667134046555,328.08160400390625,1.3925547704837942,1.0,3,50
F_cycle_fitness,271,140,1.9554868936538696,0.060828667134046555,328.08160400390625,1.3352071217365553,1.0,4,50
F_cycle_fitness,271,141,1.9554868936538696,0.060828667134046555,328.08160400390625,1.3293345115817377,1.0,5,50
F_cycle_fitness,271,142,1.9554868936538696,0.060828667134046555,328.08160400390625,1.3148723547269923,1.0,6,50
F_cycle_fitness,271,143,1.9554868936538696,0.060828667134046555,328.08160400390625,1.3450787420565944,1.0,7,50
F_cycle_fitness,271,144,1.9554868936538696,0.060828667134046555,328.08160400390625,1.3476813583307794,1.0,8,50
F_cycle_fitness,271,145,1.9554868936538696,0.060828667134046555,328.08160400390625,1.3467933307088986,1.0,9,50
F_cycle_fitness,271,146,1.9554868936538696,0.060828667134046555,328.08160400390625,1.3643258716925168,1.0,10,50
F_cycle_fitness,271,147,1.9554868936538696,0.060828667134046555,328.08160400390625,1.356903866068722,1.0,11,50
F_cycle_fitness,271,148,1.9554868936538696,0.060828667134046555,328.08160400390625,1.3700336212284834,1.0,12,50
F_cycle_fitness,271,149,1.9554868936538696,0.060828667134046555,328.08160400390625,1.3691036818228484,1.0,13,50
F_cycle_fitness,271,150,1.9554868936538696,0.060828667134046555,328.08160400390625,1.3639750863212476,1.0,14,50
