arm,seed,gen,ppf_pred,sigma,h_sens_pop,sens_novelty,composite,pos_0,pos_1,pos_2,pos_3,pos_4,pos_5,pos_6,pos_7,pos_8,pos_9,pos_10,pos_11,pos_12,pos_13,pos_14,pos_15,pos_16,pos_17,pos_18,pos_19,pos_20,pos_21,pos_22,pos_23,pos_24,pos_25,pos_26,pos_27,pos_28,pos_29,pos_30
C_full_trust,137,1,5.048914909362793,0.21606382727622986,1.7159029177112104,34.76519775390625,5.838820457458496,5,1,2,7,5,3,6,5,5,1,4,1,5,6,3,3,4,3,1,1,5,1,1,7,6,3,3,4,1,1,6
C_full_trust,42,1,4.9023942947387695,0.25084763765335083,1.7060988414066414,35.355587005615234,5.760461330413818,5,5,8,6,3,4,5,3,1,5,5,5,1,5,2,3,1,9,1,6,7,1,1,4,4,1,1,4,4,1,5
D_warmstart,42,2,4.597607612609863,0.17288729548454285,1.671021798368415,31.7348690032959,5.680230140686035,5,1,5,3,1,8,1,2,1,5,7,1,1,3,4,1,5,4,4,8,1,1,1,1,4,3,1,2,4,1,1
F_cycle_fitness,137,2,4.495988368988037,0.1895560324192047,1.6850608522610226,29.67059898376465,5.476828098297119,2,1,5,1,3,1,1,6,1,5,5,1,6,6,1,1,3,4,9,3,4,1,1,1,1,5,1,4,1,1,1
B_quantum,42,2,4.96594762802124,0.20522922277450562,2.1163700915828474,35.80783462524414,5.2681379318237305,6,1,5,5,1,7,1,6,1,5,4,1,7,3,5,1,7,7,3,3,7,1,1,1,3,7,1,7,6,1,1
D_warmstart,137,2,4.327849864959717,0.17558610439300537,1.7159970132980593,29.030494689941406,5.152617454528809,5,1,1,1,3,8,1,3,1,5,5,1,1,4,7,1,3,1,1,4,6,1,1,1,4,5,1,8,5,1,1
C_full_trust,42,3,5.22674560546875,0.2396658957004547,1.6423641787046575,31.372724533081055,4.954709529876709,1,5,2,6,4,1,1,1,5,1,3,5,1,1,1,1,5,2,7,1,1,1,4,6,1,1,5,4,4,1,3
F_cycle_fitness,271,3,4.363102912902832,0.18439516425132751,1.7115776812973391,28.44110107421875,4.801015853881836,5,1,5,5,1,3,1,9,1,5,5,1,5,1,1,1,1,9,3,1,5,1,1,1,3,1,1,6,4,1,1
F_cycle_fitness,42,2,3.4669597148895264,0.1522512286901474,1.6441194980710725,30.593355178833008,4.637989521026611,6,1,5,3,4,5,1,6,1,6,6,1,5,1,5,1,1,3,5,5,7,1,1,1,9,1,1,4,1,1,1
D_warmstart,137,3,3.501500368118286,0.15455283224582672,1.6876217534434712,29.63457489013672,4.578473091125488,5,1,4,3,4,1,1,6,1,5,5,1,6,7,6,1,4,1,7,5,1,1,1,1,1,1,1,5,4,1,1
C_full_trust,271,3,5.204648017883301,0.1967926323413849,1.7136953953166596,37.82025146484375,4.528981685638428,5,1,6,1,4,1,5,1,5,5,4,2,1,3,1,8,3,5,1,2,1,3,6,2,2,9,1,4,9,5,6
C_full_trust,42,2,5.834748268127441,0.25069889426231384,1.6793703953295855,33.00547790527344,4.340636253356934,1,5,2,6,4,1,7,1,5,4,3,4,6,1,4,1,1,2,1,5,1,1,1,1,1,3,5,4,6,4,3
C_full_trust,271,2,5.074069499969482,0.17020240426063538,1.7246089000711857,36.6700325012207,4.196154594421387,5,5,6,4,6,5,6,3,1,6,4,1,9,1,1,5,7,5,1,1,1,9,5,4,3,4,6,6,1,1,1
B_quantum,137,2,4.832283020019531,0.1571265161037445,2.1415128253700155,36.87239074707031,3.995134115219116,5,1,6,2,4,4,1,2,1,2,4,1,1,8,7,1,8,3,3,9,4,1,1,1,2,1,1,8,3,1,1
F_cycle_fitness,42,1,3.802767515182495,0.14057622849941254,1.6971515090836724,31.089670181274414,3.9768714904785156,6,1,6,3,3,3,1,1,1,5,8,1,1,9,1,1,2,1,3,5,1,1,1,1,7,4,1,5,4,1,1
F_cycle_fitness,137,3,4.780587673187256,0.14502112567424774,1.7203242643138337,29.999813079833984,3.976304769515991,2,1,5,3,3,4,1,6,1,5,3,1,3,1,1,1,3,9,4,1,4,1,1,1,1,3,1,5,2,1,1
D_warmstart,271,1,2.8633663654327393,0.15102523565292358,1.6786982029179507,29.230751037597656,3.905397415161133,1,1,4,1,1,1,1,5,1,5,9,1,1,5,1,1,4,7,8,5,6,1,1,1,3,6,1,4,5,1,1
C_full_trust,137,2,4.261058807373047,0.1549237221479416,1.6963462715169906,38.147945404052734,3.9028408527374268,5,1,2,1,3,4,2,1,7,5,4,3,5,7,5,4,3,9,1,1,3,1,1,1,2,3,8,4,8,3,5
C_full_trust,42,3,4.119336128234863,0.1858830600976944,1.6423641787046575,35.78425598144531,3.8832004070281982,5,5,3,3,1,4,4,3,1,4,1,4,1,5,6,4,4,3,3,6,1,4,2,5,5,1,4,9,6,6,1
D_warmstart,42,3,3.1567187309265137,0.13532300293445587,1.643370518929351,27.26384162902832,3.8082878589630127,5,1,3,5,3,9,1,5,1,3,3,1,3,5,4,1,1,1,3,5,1,1,1,1,1,6,1,1,1,1,1
B_quantum,42,3,4.187531471252441,0.13857752084732056,2.130947430274064,38.05359649658203,3.77569317817688,2,1,8,8,1,4,1,6,1,5,7,1,9,8,2,1,3,1,4,7,2,1,1,1,8,5,1,8,4,1,1
A_baseline,137,1,4.0199384689331055,0.1478116363286972,1.6986961595053849,27.88614273071289,3.760828733444214,2,1,1,1,4,5,1,6,1,5,4,1,1,3,5,1,1,4,1,5,5,1,1,1,7,8,1,1,5,1,1
A_baseline,42,3,3.5362954139709473,0.14466236531734467,1.6477796934161912,26.477222442626953,3.7582077980041504,5,1,6,1,4,4,1,1,1,4,4,1,4,4,2,1,1,1,6,5,3,1,1,1,4,1,1,1,1,1,1
A_baseline,271,1,3.649698257446289,0.158671572804451,1.7028626883948244,27.660654067993164,3.7534210681915283,5,1,6,4,1,4,1,5,1,1,1,1,1,4,1,1,1,1,3,2,5,1,1,1,5,4,1,2,7,1,1
F_cycle_fitness,42,2,2.199258327484131,0.14347343146800995,1.6441194980710725,27.766817092895508,3.732006788253784,3,1,1,1,4,1,1,5,1,3,1,1,4,3,8,1,3,4,1,7,4,1,1,1,8,1,1,4,5,1,1
D_warmstart,42,3,4.498738765716553,0.12666742503643036,1.643370518929351,29.055578231811523,3.7054061889648438,5,1,2,1,2,4,1,1,1,1,1,1,4,1,2,1,3,4,8,1,1,1,1,1,3,6,1,5,9,1,1
A_baseline,271,3,3.8268978595733643,0.15909022092819214,1.7318923663245391,28.0313720703125,3.6868605613708496,4,1,5,5,1,3,1,2,1,5,5,1,5,1,1,1,1,9,4,1,5,1,1,1,3,4,1,6,1,1,1
D_warmstart,271,2,3.7202987670898438,0.13778655230998993,1.6946379261377278,26.935142517089844,3.5970029830932617,5,1,4,3,1,1,1,5,1,6,1,1,4,3,1,1,1,1,1,7,6,1,1,1,1,1,1,6,5,1,1
A_baseline,137,2,3.862895965576172,0.1380869597196579,1.693519910712289,26.72408103942871,3.5890636444091797,1,1,5,1,9,1,1,3,1,5,5,1,5,6,1,1,3,4,1,3,4,1,1,1,1,4,1,1,5,1,1
D_warmstart,137,3,3.908174991607666,0.1286119967699051,1.6876217534434712,30.839094161987305,3.553966999053955,5,1,4,4,1,3,1,4,1,5,4,1,3,3,5,1,1,1,2,5,2,1,1,1,7,3,1,7,6,1,1
D_warmstart,271,1,4.515318870544434,0.14599476754665375,1.6786982029179507,27.965404510498047,3.437626838684082,5,1,5,4,1,1,1,5,1,6,1,1,5,3,4,1,1,1,1,7,6,1,1,1,8,1,1,4,5,1,1
F_cycle_fitness,42,3,3.7128233909606934,0.14594165980815887,1.6820811204366448,28.338930130004883,3.382153272628784,6,1,5,1,1,5,1,6,1,6,6,1,5,1,5,1,3,3,5,1,1,1,1,1,9,1,1,4,1,1,1
D_warmstart,137,2,2.8060173988342285,0.1262313723564148,1.7159970132980593,31.629425048828125,3.333739757537842,1,1,4,9,4,5,1,1,1,5,5,1,5,7,1,1,3,7,7,2,1,1,1,1,9,1,1,5,6,1,1
A_baseline,137,2,3.766143321990967,0.1274113655090332,1.693519910712289,28.199419021606445,3.30887770652771,1,1,5,6,5,4,1,4,1,5,3,1,1,5,5,1,1,8,5,2,4,1,1,1,1,6,1,1,1,1,1
C_full_trust,271,1,5.047318935394287,0.15630872547626495,1.6965083989669192,34.92673110961914,3.3076725006103516,1,6,5,2,1,1,1,1,5,5,8,5,5,3,6,1,4,1,1,5,4,3,4,3,1,3,8,1,4,1,7
B_quantum,137,3,4.644421100616455,0.13944219052791595,2.125885561412913,36.644622802734375,3.302095651626587,5,1,2,2,4,7,1,9,1,2,3,1,4,1,4,1,3,7,4,7,4,1,1,1,6,9,1,3,8,1,1
D_warmstart,137,1,4.394005298614502,0.13488304615020752,1.727322541073141,27.757469177246094,3.293026924133301,5,1,8,5,1,1,1,1,1,5,4,1,3,2,4,1,1,3,6,4,1,1,1,1,1,5,1,1,4,1,1
F_cycle_fitness,271,1,2.8800365924835205,0.11369889229536057,1.7170714020560198,31.362749099731445,3.2689437866210938,1,1,1,4,8,4,1,1,1,6,9,1,3,8,5,1,8,1,3,3,5,1,1,1,3,1,1,8,1,1,1
D_warmstart,137,1,3.338629961013794,0.12399757653474808,1.727322541073141,30.054035186767578,3.2626218795776367,1,1,6,1,1,1,1,1,1,7,1,1,4,1,5,1,9,4,4,7,6,1,1,1,4,5,1,8,3,1,1
C_full_trust,42,2,4.603842735290527,0.20233899354934692,1.6793703953295855,34.08370590209961,3.2546467781066895,5,5,8,3,1,4,5,3,1,4,1,8,1,5,6,4,4,3,1,6,1,1,1,5,5,2,4,4,6,1,1
B_quantum,137,1,3.931306838989258,0.14183063805103302,2.1253783346720634,39.34432601928711,3.2437610626220703,2,1,2,9,3,3,1,5,1,2,7,1,9,7,4,1,3,3,9,7,6,1,1,1,4,3,1,6,6,1,1
C_full_trust,271,2,4.361035346984863,0.1322956681251526,1.7246089000711857,40.411441802978516,3.235219955444336,8,5,5,4,6,3,3,1,4,5,1,1,7,6,5,9,8,1,3,3,5,6,3,1,2,3,5,3,4,6,9
C_full_trust,137,2,3.338655471801758,0.14693555235862732,1.6963462715169906,35.32408905029297,3.1961841583251953,5,5,4,1,3,5,9,5,9,4,2,1,3,1,7,1,3,1,1,1,4,1,5,4,1,1,1,5,8,7,5
A_baseline,271,2,2.6853036880493164,0.110019750893116,1.7051794436027286,31.242698669433594,3.189016342163086,5,1,7,3,1,1,1,1,1,3,7,1,1,2,4,1,4,6,1,1,4,1,1,1,3,5,1,2,2,1,1
F_cycle_fitness,42,1,3.992278575897217,0.1248355507850647,1.6971515090836724,30.411983489990234,3.1198554039001465,5,1,6,5,1,3,1,4,1,8,1,1,1,1,6,1,7,1,4,2,1,1,1,1,2,1,1,3,6,1,1
D_warmstart,271,3,2.4710733890533447,0.11175744980573654,1.7070175873601512,28.788381576538086,3.083059549331665,3,1,5,4,1,3,1,1,1,4,4,1,4,1,6,1,9,1,3,3,4,1,1,1,3,3,1,4,7,1,1
B_quantum,42,3,4.297728538513184,0.13129456341266632,2.130947430274064,35.81190490722656,3.03185772895813,6,1,1,8,6,9,1,5,1,5,4,1,9,4,8,1,8,4,3,9,6,1,1,1,2,3,1,6,6,1,1
C_full_trust,271,1,4.283755779266357,0.15059566497802734,1.6965083989669192,34.489288330078125,3.024031400680542,1,5,3,3,1,5,4,4,5,4,1,1,5,9,9,1,1,1,1,2,8,1,4,1,2,4,7,5,1,6,1
D_warmstart,137,1,2.295621871948242,0.12912796437740326,1.727322541073141,27.780519485473633,3.0126607418060303,1,1,7,4,3,4,1,5,1,1,4,1,4,4,1,1,9,1,4,5,4,1,1,1,1,1,1,4,7,1,1
C_full_trust,271,1,3.220209836959839,0.13668711483478546,1.6965083989669192,37.015663146972656,2.9732654094696045,1,6,1,6,1,9,3,2,3,9,4,3,4,3,5,6,8,4,1,4,1,1,3,1,7,1,1,4,5,5,4
A_baseline,271,2,4.403094291687012,0.10868510603904724,1.7051794436027286,30.22811508178711,2.9221882820129395,5,1,1,4,3,3,1,2,1,5,8,1,6,6,1,1,3,1,4,1,2,1,1,1,3,1,1,6,4,1,1
B_quantum,42,1,3.600757598876953,0.1376713365316391,2.1128006835293633,33.36343002319336,2.875379800796509,9,1,5,2,6,4,1,9,1,5,6,1,1,6,7,1,5,1,9,1,2,1,1,1,1,2,1,4,1,1,1
F_cycle_fitness,271,3,2.537282705307007,0.1292101889848709,1.7115776812973391,29.745281219482422,2.8675754070281982,1,1,1,1,1,1,1,1,1,8,3,1,9,4,5,1,4,4,9,2,5,1,1,1,3,5,1,3,6,1,1
C_full_trust,271,3,5.076000213623047,0.14687389135360718,1.7136953953166596,37.58818054199219,2.8556268215179443,3,5,6,3,6,6,8,1,6,5,3,1,1,3,4,4,3,1,6,3,2,6,1,1,4,6,4,3,4,3,3
C_full_trust,271,3,4.221568584442139,0.15807057917118073,1.7136953953166596,34.81135177612305,2.8531370162963867,1,2,6,6,6,1,5,3,1,5,5,1,7,3,5,1,4,1,3,3,3,4,1,5,3,3,1,5,6,1,1
B_quantum,271,2,4.199915885925293,0.13953082263469696,2.1015302831172304,34.6319580078125,2.8223493099212646,5,1,2,2,6,1,1,7,1,5,6,1,1,1,7,1,1,8,6,7,3,1,1,1,3,9,1,9,1,1,1
B_quantum,271,3,4.0688910484313965,0.14856186509132385,2.126292706265462,34.755088806152344,2.803642749786377,5,1,2,2,3,6,1,7,1,5,6,1,1,5,5,1,3,7,7,5,7,1,1,1,3,4,1,3,3,1,1
D_warmstart,42,1,3.0952541828155518,0.12478306889533997,1.6835588247166946,28.610563278198242,2.8028013706207275,5,1,8,5,1,1,1,6,1,3,4,1,1,2,5,1,1,4,5,4,3,1,1,1,1,1,1,4,5,1,1
B_quantum,137,1,4.683801174163818,0.14745885133743286,2.1253783346720634,35.81150817871094,2.8007352352142334,5,1,5,8,8,1,1,5,1,2,3,1,9,5,8,1,8,4,8,5,5,1,1,1,9,5,1,1,6,1,1
B_quantum,271,1,2.65794038772583,0.12101899087429047,2.1263770131229864,36.16028594970703,2.7938342094421387,5,1,2,3,4,7,1,6,1,4,1,1,2,9,9,1,2,4,6,9,8,1,1,1,4,7,1,5,1,1,1
D_warmstart,42,1,3.2250778675079346,0.12903037667274475,1.6835588247166946,27.518112182617188,2.763798713684082,5,1,1,1,3,5,1,5,1,8,1,1,1,1,4,1,4,1,1,1,6,1,1,1,4,4,1,9,8,1,1
A_baseline,42,1,4.147393703460693,0.12840870022773743,1.718658390426175,27.56110954284668,2.757077693939209,5,1,1,1,4,3,1,7,1,5,8,1,1,1,1,1,2,1,1,5,4,1,1,1,1,1,1,4,7,1,1
A_baseline,42,2,2.7375576496124268,0.14852090179920197,1.667806176480219,24.746854782104492,2.755171298980713,5,1,1,1,9,5,1,1,1,1,4,1,3,5,5,1,3,1,1,5,1,1,1,1,1,5,1,5,1,1,1
C_full_trust,42,1,4.260017395019531,0.15164683759212494,1.7060988414066414,35.48332214355469,2.7462260723114014,2,3,5,1,1,9,5,1,5,5,3,1,3,6,1,5,5,1,1,2,7,3,1,1,6,4,4,4,1,9,4
B_quantum,271,2,2.477992534637451,0.11395557969808578,2.1015302831172304,40.698333740234375,2.743194580078125,8,1,2,4,3,9,1,6,1,8,2,1,3,1,2,1,9,9,8,9,7,1,1,1,3,2,1,6,7,1,1
F_cycle_fitness,137,1,2.5592594146728516,0.116218201816082,1.6786535170218198,28.521028518676758,2.730846643447876,5,1,3,3,1,3,1,2,1,4,6,1,3,1,1,1,4,4,5,4,1,1,1,1,4,4,1,7,1,1,1
B_quantum,137,1,1.962516188621521,0.12165001034736633,2.1253783346720634,40.53117752075195,2.7206664085388184,1,1,8,8,9,2,1,1,1,7,8,1,7,7,6,1,9,4,6,7,8,1,1,1,7,3,1,9,6,1,1
F_cycle_fitness,137,2,3.7789371013641357,0.13380305469036102,1.6850608522610226,27.205446243286133,2.7065486907958984,1,1,5,6,5,4,1,1,1,5,3,1,1,5,1,1,1,8,5,2,4,1,1,1,1,6,1,1,1,1,1
F_cycle_fitness,137,3,1.9274839162826538,0.11427391320466995,1.7203242643138337,30.600383758544922,2.7038686275482178,1,1,3,4,1,3,1,6,1,4,9,1,1,8,1,1,8,4,8,5,5,1,1,1,3,1,1,3,5,1,1
B_quantum,42,3,4.00991678237915,0.10937697440385818,2.130947430274064,39.999324798583984,2.6749320030212402,7,1,5,7,8,6,1,2,1,5,2,1,2,1,9,1,2,9,9,8,7,1,1,1,4,1,1,2,7,1,1
F_cycle_fitness,271,2,3.40520977973938,0.12029922008514404,1.712209633588755,28.993215560913086,2.6585991382598877,4,1,5,6,1,4,1,4,1,1,7,1,8,4,1,1,8,1,4,4,3,1,1,1,4,1,1,4,5,1,1
A_baseline,42,2,3.820042848587036,0.13176509737968445,1.667806176480219,28.36737060546875,2.6553709506988525,5,1,5,1,5,6,1,2,1,4,1,1,1,6,1,1,1,1,7,4,7,1,1,1,6,5,1,3,1,1,1
B_quantum,271,2,2.7903106212615967,0.13953176140785217,2.1015302831172304,33.59147262573242,2.640383005142212,6,1,3,1,7,4,1,6,1,2,1,1,4,5,1,1,4,8,7,6,5,1,1,1,9,1,1,7,3,1,1
A_baseline,271,1,2.8546581268310547,0.15417170524597168,1.7028626883948244,22.863601684570312,2.6340742111206055,1,1,1,1,1,5,1,1,1,6,4,1,3,1,1,1,4,4,1,1,1,1,1,1,4,1,1,4,1,1,1
F_cycle_fitness,271,2,3.762455463409424,0.11639837175607681,1.712209633588755,29.630887985229492,2.6044352054595947,6,1,8,3,8,4,1,1,1,5,5,1,3,1,5,1,1,1,1,3,1,1,1,1,3,6,1,8,4,1,1
A_baseline,271,3,4.167680740356445,0.13866391777992249,1.7318923663245391,26.616640090942383,2.604341983795166,5,1,5,4,4,1,1,2,1,1,6,1,1,6,1,1,1,1,3,1,5,1,1,1,4,3,1,4,5,1,1
A_baseline,137,1,2.2938990592956543,0.1187940314412117,1.6986961595053849,28.516357421875,2.5757460594177246,6,1,4,1,1,1,1,7,1,1,1,1,4,5,5,1,4,4,7,2,5,1,1,1,3,1,1,7,1,1,1
F_cycle_fitness,271,2,2.7355880737304688,0.12202420085668564,1.712209633588755,28.158809661865234,2.574615716934204,6,1,1,4,3,1,1,5,1,8,1,1,3,8,1,1,3,1,1,6,5,1,1,1,3,1,1,3,1,1,1
A_baseline,271,3,3.9015414714813232,0.12476273626089096,1.7318923663245391,29.425260543823242,2.568842887878418,4,1,5,3,1,1,1,2,1,5,5,1,3,5,1,1,3,7,1,1,6,1,1,1,5,7,1,1,8,1,1
B_quantum,137,3,3.755476474761963,0.11917894333600998,2.125885561412913,37.5421257019043,2.5675735473632812,7,1,5,1,7,8,1,6,1,5,6,1,8,2,5,1,7,6,5,7,3,1,1,1,8,7,1,4,9,1,1
A_baseline,42,1,2.986607789993286,0.12064460664987564,1.718658390426175,28.385250091552734,2.559654712677002,5,1,1,1,7,4,1,4,1,4,8,1,4,4,2,1,3,7,1,1,3,1,1,1,4,1,1,1,4,1,1
C_full_trust,42,2,5.273646354675293,0.1811799556016922,1.6793703953295855,32.84028244018555,2.5531179904937744,5,1,5,5,1,1,4,4,5,5,1,9,5,1,3,1,2,3,3,3,3,1,4,1,4,5,4,5,4,1,6
A_baseline,271,3,3.308345317840576,0.1147843673825264,1.7318923663245391,31.46474838256836,2.5477194786071777,3,1,5,4,2,1,1,1,1,5,2,1,5,1,7,1,6,1,1,7,6,1,1,1,2,4,1,6,1,1,1
D_warmstart,137,2,2.7575535774230957,0.10124928504228592,1.7159970132980593,33.69430923461914,2.5468320846557617,7,1,1,5,1,1,1,1,1,7,7,1,9,9,5,1,6,3,1,5,7,1,1,1,4,7,1,3,5,1,1
A_baseline,42,2,3.788379669189453,0.11661796271800995,1.667806176480219,31.427257537841797,2.5309042930603027,6,1,5,3,8,5,1,6,1,6,4,1,3,1,1,1,1,6,5,5,7,1,1,1,9,1,1,4,6,1,1
B_quantum,137,1,4.409772872924805,0.14482007920742035,2.1253783346720634,34.862571716308594,2.5292537212371826,7,1,5,1,1,8,1,5,1,5,1,1,2,4,2,1,8,4,7,7,9,1,1,1,2,5,1,6,4,1,1
A_baseline,271,2,2.560664653778076,0.10520622134208679,1.7051794436027286,29.159221649169922,2.5234134197235107,1,1,3,1,1,9,1,5,1,1,5,1,4,5,5,1,1,4,6,2,6,1,1,1,1,6,1,9,6,1,1
A_baseline,42,1,3.3781943321228027,0.10617416352033615,1.718658390426175,31.5037899017334,2.503462314605713,1,1,5,3,4,1,1,1,1,7,9,1,9,4,5,1,1,1,7,1,7,1,1,1,3,2,1,4,6,1,1
B_quantum,42,3,3.0033440589904785,0.11128512024879456,2.130947430274064,38.43864059448242,2.5001611709594727,5,1,6,8,6,1,1,9,1,8,8,1,8,3,1,1,7,4,2,5,7,1,1,1,6,2,1,2,4,1,1
B_quantum,271,2,3.6323490142822266,0.12214131653308868,2.1015302831172304,37.19367980957031,2.4951159954071045,6,1,5,1,9,3,1,1,1,6,9,1,6,5,2,1,2,7,7,9,4,1,1,1,6,8,1,6,5,1,1
F_cycle_fitness,271,2,3.954326629638672,0.12264775484800339,1.712209633588755,27.554609298706055,2.485138416290283,3,1,5,5,1,5,1,1,1,6,1,1,4,1,2,1,1,9,3,1,4,1,1,1,1,4,1,3,5,1,1
F_cycle_fitness,271,3,2.819547176361084,0.1208558902144432,1.7115776812973391,29.40292739868164,2.475834608078003,6,1,1,2,3,6,1,5,1,1,7,1,3,5,4,1,4,4,1,5,1,1,1,1,3,1,1,6,6,1,1
A_baseline,271,2,2.975161552429199,0.11038471013307571,1.7051794436027286,27.340818405151367,2.474931478500366,1,1,6,6,4,1,1,3,1,1,4,1,4,5,1,1,4,4,1,1,3,1,1,1,9,3,1,8,1,1,1
D_warmstart,271,2,2.2023580074310303,0.10238127410411835,1.6946379261377278,29.870908737182617,2.4643938541412354,1,1,4,3,3,1,1,5,1,7,4,1,6,7,5,1,1,3,8,4,4,1,1,1,5,1,1,3,1,1,1
F_cycle_fitness,271,3,3.2697010040283203,0.10817109793424606,1.7115776812973391,31.775598526000977,2.411757230758667,6,1,5,7,4,9,1,5,1,4,1,1,4,4,4,1,9,5,3,3,6,1,1,1,7,6,1,4,1,1,1
F_cycle_fitness,137,1,2.227053165435791,0.11397749930620193,1.6786535170218198,27.51688575744629,2.4092156887054443,5,1,1,4,1,5,1,3,1,3,7,1,3,1,3,1,4,1,4,6,3,1,1,1,5,1,1,5,1,1,1
F_cycle_fitness,271,1,2.273221731185913,0.12164987623691559,1.7170714020560198,24.419673919677734,2.3719136714935303,1,1,1,1,4,1,1,1,1,8,3,1,4,1,4,1,1,4,4,3,1,1,1,1,1,5,1,1,4,1,1
F_cycle_fitness,271,1,2.9932475090026855,0.10589910298585892,1.7170714020560198,28.8431339263916,2.366564989089966,5,1,5,3,9,1,1,4,1,3,1,1,1,2,4,1,4,1,1,1,9,1,1,1,6,1,1,5,2,1,1
A_baseline,137,1,3.5687344074249268,0.12850752472877502,1.6986961595053849,25.428974151611328,2.333616256713867,5,1,1,1,9,6,1,8,1,1,4,1,3,1,1,1,1,4,1,5,1,1,1,1,4,5,1,4,4,1,1
A_baseline,42,1,4.234055995941162,0.11869484931230545,1.718658390426175,27.59492301940918,2.3136119842529297,5,1,5,1,6,6,1,5,1,1,5,1,4,6,4,1,3,1,2,9,1,1,1,1,1,5,1,1,1,1,1
C_full_trust,137,2,4.308053970336914,0.14671015739440918,1.6963462715169906,28.966033935546875,2.302597999572754,1,1,5,3,7,1,5,5,5,3,4,4,1,5,1,1,4,1,4,1,5,1,1,4,1,5,1,5,1,4,4
B_quantum,137,1,2.909008741378784,0.13352090120315552,2.1253783346720634,35.876197814941406,2.3005831241607666,6,1,9,9,4,8,1,5,1,6,9,1,3,6,5,1,1,6,9,3,1,1,1,1,1,6,1,9,7,1,1
C_full_trust,137,2,4.227654933929443,0.11480086296796799,1.6963462715169906,37.841007232666016,2.284420967102051,3,5,1,8,8,3,3,3,3,6,4,3,1,4,8,5,1,1,9,8,6,8,4,3,1,1,6,1,3,1,1
A_baseline,42,1,3.856153964996338,0.12406226992607117,1.718658390426175,25.978940963745117,2.2439842224121094,3,1,5,1,6,4,1,1,1,5,1,1,6,4,4,1,4,1,1,3,4,1,1,1,1,1,1,3,4,1,1
C_full_trust,137,3,3.7684364318847656,0.10812606662511826,1.6931660836346205,38.362632751464844,2.242046594619751,1,1,1,4,1,4,2,1,5,6,1,8,1,4,3,9,5,2,4,7,7,9,1,2,4,5,6,4,4,6,1
C_full_trust,42,1,3.3056693077087402,0.13826747238636017,1.7060988414066414,34.70807647705078,2.2318320274353027,1,5,1,7,7,3,5,9,1,1,1,6,9,1,4,1,5,5,1,5,4,9,4,5,1,1,5,6,6,1,4
A_baseline,42,1,3.0809051990509033,0.10758532583713531,1.718658390426175,29.756099700927734,2.2245607376098633,3,1,6,1,4,6,1,7,1,1,1,1,4,3,4,1,3,9,1,9,1,1,1,1,8,6,1,1,7,1,1
A_baseline,42,3,3.1019368171691895,0.10286157578229904,1.6477796934161912,29.823678970336914,2.220364570617676,6,1,3,3,1,1,1,6,1,6,4,1,1,1,1,1,3,3,6,5,7,1,1,1,9,1,1,4,6,1,1
A_baseline,137,3,3.5000438690185547,0.10072401165962219,1.6882049642164727,29.473304748535156,2.212829828262329,1,1,5,3,6,6,1,1,1,6,4,1,6,1,6,1,3,3,1,3,5,1,1,1,1,1,1,2,3,1,1
B_quantum,42,2,3.7777810096740723,0.11440901458263397,2.1163700915828474,38.822364807128906,2.2121150493621826,5,1,5,2,7,7,1,6,1,8,5,1,3,3,9,1,8,2,9,9,7,1,1,1,2,1,1,6,4,1,1
B_quantum,42,1,3.0165328979492188,0.10440082848072052,2.1128006835293633,38.087318420410156,2.210465908050537,9,1,6,5,6,6,1,2,1,5,8,1,5,9,1,1,9,9,6,2,9,1,1,1,5,8,1,5,5,1,1
D_warmstart,271,1,2.993215322494507,0.10595525056123734,1.6786982029179507,30.337238311767578,2.1735973358154297,1,1,5,1,9,6,1,1,1,1,6,1,9,7,3,1,4,7,5,3,3,1,1,1,5,4,1,1,8,1,1
C_full_trust,137,3,3.958388566970825,0.12417425960302353,1.6931660836346205,33.07484436035156,2.1735801696777344,1,1,5,1,7,1,1,5,5,3,4,4,2,1,1,1,4,6,5,8,1,3,3,1,1,5,5,8,1,4,4
D_warmstart,271,3,2.781486988067627,0.09425131231546402,1.7070175873601512,29.893869400024414,2.1723790168762207,3,1,1,1,3,7,1,1,1,6,5,1,5,1,4,1,8,4,8,5,5,1,1,1,5,3,1,4,5,1,1
F_cycle_fitness,137,2,2.234999656677246,0.10689998418092728,1.6850608522610226,30.620637893676758,2.171349287033081,2,1,1,8,1,7,1,1,1,4,3,1,3,3,6,1,3,6,4,4,1,1,1,1,1,1,1,7,2,1,1
D_warmstart,42,1,2.8450942039489746,0.11133961379528046,1.6835588247166946,28.343061447143555,2.1534440517425537,5,1,1,1,1,5,1,1,1,8,4,1,8,4,4,1,4,1,7,1,5,1,1,1,6,7,1,1,1,1,1
C_full_trust,271,2,4.343358039855957,0.1399906575679779,1.7246089000711857,30.184534072875977,2.14701509475708,1,5,5,1,1,4,1,4,3,3,4,1,1,1,3,4,1,4,1,1,1,8,1,5,4,6,4,1,1,9,6
B_quantum,271,1,4.463318347930908,0.12087474018335342,2.1263770131229864,32.38504409790039,2.1407289505004883,5,1,1,9,4,1,1,5,1,5,6,1,3,4,1,1,9,3,2,6,1,1,1,1,4,7,1,6,7,1,1
B_quantum,271,1,2.2664999961853027,0.1200798973441124,2.1263770131229864,32.616397857666016,2.1399362087249756,9,1,1,5,1,8,1,8,1,3,9,1,4,5,3,1,3,4,1,4,6,1,1,1,4,2,1,7,5,1,1
A_baseline,271,2,2.862680196762085,0.10177400708198547,1.7051794436027286,28.120405197143555,2.1329517364501953,4,1,6,1,4,1,1,1,1,8,7,1,4,1,1,1,1,4,3,3,1,1,1,1,7,2,1,1,1,1,1
D_warmstart,271,1,3.0086770057678223,0.10145937651395798,1.6786982029179507,31.111042022705078,2.131957530975342,1,1,4,7,1,1,1,6,1,5,3,1,8,3,1,1,4,9,7,1,9,1,1,1,1,4,1,2,1,1,1
A_baseline,137,3,2.6646034717559814,0.10880064964294434,1.6882049642164727,26.646146774291992,2.1261794567108154,5,1,1,1,6,6,1,1,1,4,8,1,3,1,1,1,1,2,4,1,1,1,1,1,5,5,1,4,5,1,1
B_quantum,137,1,3.712822675704956,0.1105722114443779,2.1253783346720634,39.51066207885742,2.1259872913360596,8,1,2,2,7,9,1,9,1,5,7,1,4,7,5,1,5,8,9,5,4,1,1,1,8,1,1,8,7,1,1
F_cycle_fitness,42,1,4.226950645446777,0.10436695069074631,1.6971515090836724,30.058799743652344,2.1155104637145996,2,1,5,1,7,7,1,1,1,5,3,1,6,5,1,1,6,1,1,9,4,1,1,1,5,5,1,4,1,1,1
D_warmstart,42,2,3.7826316356658936,0.11566797643899918,1.671021798368415,27.102092742919922,2.1056153774261475,5,1,5,4,9,1,1,6,1,1,1,1,1,1,1,1,1,1,2,9,1,1,1,1,3,4,1,2,4,1,1
C_full_trust,137,1,2.8635528087615967,0.1091063916683197,1.7159029177112104,37.51893615722656,2.1011669635772705,6,2,3,3,3,3,1,1,4,7,5,8,6,3,3,3,4,4,1,7,5,8,1,1,3,1,1,1,1,6,1
F_cycle_fitness,137,1,3.959831953048706,0.10833121091127396,1.6786535170218198,27.390148162841797,2.086884021759033,2,1,1,1,3,5,1,6,1,5,4,1,1,3,1,1,1,4,1,5,5,1,1,1,7,8,1,1,3,1,1
C_full_trust,137,1,4.566141605377197,0.11569621413946152,1.7159029177112104,35.85173416137695,2.0857765674591064,1,5,3,2,3,1,5,3,1,5,5,3,5,7,5,4,3,9,1,3,1,1,1,1,3,3,5,2,8,3,1
B_quantum,42,2,4.0131516456604,0.12263699620962143,2.1163700915828474,35.94630813598633,2.0827748775482178,5,1,2,1,7,8,1,1,1,6,4,1,3,1,8,1,6,3,7,6,7,1,1,1,6,8,1,9,4,1,1
A_baseline,271,1,3.2335548400878906,0.11669798195362091,1.7028626883948244,27.804859161376953,2.0588438510894775,1,1,5,8,1,1,1,3,1,7,4,1,4,3,2,1,1,1,1,1,1,1,1,1,1,6,1,3,5,1,1
A_baseline,271,1,3.587613344192505,0.11039614677429199,1.7028626883948244,29.100915908813477,2.0527303218841553,5,1,5,3,9,1,1,1,1,3,1,1,1,2,4,1,4,1,1,1,9,1,1,1,3,1,1,2,2,1,1
D_warmstart,42,1,2.408379077911377,0.10877564549446106,1.6835588247166946,28.3841552734375,2.048705816268921,7,1,3,1,3,2,1,5,1,1,3,1,3,3,4,1,1,4,3,3,6,1,1,1,6,6,1,1,1,1,1
B_quantum,42,1,4.684589385986328,0.10249828547239304,2.1128006835293633,37.53643035888672,2.0200934410095215,5,1,5,2,3,2,1,1,1,6,7,1,2,8,6,1,7,8,3,8,1,1,1,1,2,7,1,3,3,1,1
C_full_trust,42,2,3.1913394927978516,0.16803216934204102,1.6793703953295855,31.3101863861084,2.0172319412231445,5,1,1,7,4,1,5,5,1,4,8,2,1,1,1,5,4,3,3,7,4,1,3,1,1,5,1,1,1,3,3
A_baseline,42,1,2.8527934551239014,0.10003294050693512,1.718658390426175,30.473039627075195,2.015829563140869,3,1,8,6,3,6,1,3,1,5,4,1,1,5,5,1,6,9,1,6,3,1,1,1,1,1,1,4,1,1,1
F_cycle_fitness,137,1,2.7153191566467285,0.10812626779079437,1.6786535170218198,27.087238311767578,2.014601230621338,6,1,4,1,1,1,1,7,1,1,1,1,4,5,1,1,4,4,7,4,5,1,1,1,3,1,1,7,1,1,1
B_quantum,271,3,3.1896824836730957,0.11697973310947418,2.126292706265462,37.44880676269531,2.013575315475464,6,1,6,5,5,3,1,5,1,3,9,1,9,8,9,1,4,4,9,2,7,1,1,1,2,4,1,8,4,1,1
A_baseline,137,1,2.4067182540893555,0.11605571955442429,1.6986961595053849,26.534523010253906,2.0105555057525635,6,1,1,1,4,5,1,5,1,1,4,1,3,6,1,1,4,1,3,5,5,1,1,1,5,5,1,3,4,1,1
D_warmstart,42,2,2.633114814758301,0.10816922783851624,1.671021798368415,28.297176361083984,1.9988919496536255,2,1,5,1,1,9,1,4,1,1,3,1,7,6,5,1,1,6,3,5,1,1,1,1,5,1,1,5,1,1,1
A_baseline,42,2,4.1547417640686035,0.12528103590011597,1.667806176480219,25.904415130615234,1.9955658912658691,5,1,6,4,1,4,1,4,1,8,1,1,1,1,5,1,9,1,4,1,1,1,1,1,1,1,1,1,1,1,1
D_warmstart,42,2,4.3169474601745605,0.10535791516304016,1.671021798368415,28.92287254333496,1.9945393800735474,2,1,5,1,3,5,1,5,1,1,1,1,4,1,1,1,3,4,6,6,6,1,1,1,1,2,1,9,5,1,1
B_quantum,137,2,3.3195807933807373,0.10599728673696518,2.1415128253700155,37.85527420043945,1.9659923315048218,4,1,5,4,9,2,1,2,1,6,8,1,3,7,5,1,9,1,8,5,2,1,1,1,7,5,1,8,7,1,1
B_quantum,271,3,2.999852418899536,0.11109992861747742,2.126292706265462,38.54214859008789,1.963992714881897,6,1,6,2,6,8,1,9,1,2,5,1,1,5,5,1,2,2,5,5,9,1,1,1,9,2,1,6,5,1,1
D_warmstart,271,1,2.38187313079834,0.09949429333209991,1.6786982029179507,30.563121795654297,1.9386305809020996,1,1,4,1,1,4,1,1,1,2,9,1,3,3,9,1,3,1,8,5,1,1,1,1,5,1,1,9,4,1,1
F_cycle_fitness,42,1,2.8554399013519287,0.11214841902256012,1.6971515090836724,27.410181045532227,1.9171595573425293,6,1,1,1,7,1,1,4,1,7,1,1,4,3,1,1,4,4,6,4,1,1,1,1,6,1,1,4,1,1,1
D_warmstart,271,2,3.605102062225342,0.10265975445508957,1.6946379261377278,27.523170471191406,1.912295937538147,5,1,1,3,8,7,1,1,1,6,6,1,3,1,1,1,1,1,1,1,6,1,1,1,5,6,1,5,1,1,1
B_quantum,42,1,3.6046581268310547,0.11279203742742538,2.1128006835293633,34.36134338378906,1.9078478813171387,6,1,5,9,6,7,1,5,1,6,6,1,8,4,4,1,3,6,5,1,4,1,1,1,1,9,1,3,9,1,1
D_warmstart,271,2,3.5940093994140625,0.09233710169792175,1.6946379261377278,29.723615646362305,1.9065444469451904,4,1,1,2,1,1,1,9,1,5,1,1,3,2,1,1,4,1,4,3,2,1,1,1,6,3,1,7,1,1,1
F_cycle_fitness,137,1,3.19246244430542,0.10931709408760071,1.6786535170218198,26.23296356201172,1.9036606550216675,5,1,1,1,1,5,1,1,1,1,3,1,6,3,5,1,7,1,9,1,1,1,1,1,1,8,1,3,1,1,1
C_full_trust,137,3,4.02614688873291,0.12018445134162903,1.6931660836346205,32.24958038330078,1.9014246463775635,3,1,5,1,4,8,6,6,5,6,1,1,1,5,3,1,1,3,5,1,1,4,4,5,5,1,5,7,4,1,1
A_baseline,137,3,3.1669278144836426,0.10546693950891495,1.6882049642164727,26.358993530273438,1.8918334245681763,5,1,7,9,3,4,1,3,1,1,1,1,1,2,1,1,1,1,1,1,4,1,1,1,3,4,1,4,1,1,1
D_warmstart,42,1,2.8192992210388184,0.10064339637756348,1.6835588247166946,29.339088439941406,1.8875635862350464,1,1,2,5,5,9,1,3,1,3,1,1,1,5,4,1,1,1,3,4,5,1,1,1,3,6,1,8,4,1,1
D_warmstart,271,2,3.7269225120544434,0.09595334529876709,1.6946379261377278,28.848108291625977,1.883305311203003,5,1,4,7,1,6,1,3,1,5,1,1,1,7,3,1,3,1,6,1,1,1,1,1,4,1,1,2,3,1,1
F_cycle_fitness,137,3,3.6065268516540527,0.11471229791641235,1.7203242643138337,26.4249324798584,1.8658335208892822,1,1,3,5,1,1,1,1,1,5,5,1,3,3,4,1,1,8,4,1,4,1,1,1,1,6,1,1,6,1,1
F_cycle_fitness,42,1,2.361689329147339,0.11114343255758286,1.6971515090836724,27.368757247924805,1.8628264665603638,1,1,1,1,4,1,1,1,1,7,9,1,1,4,5,1,1,1,7,1,1,1,1,1,3,2,1,4,6,1,1
B_quantum,271,3,3.6791999340057373,0.10963542014360428,2.126292706265462,38.26447677612305,1.8610285520553589,5,1,2,9,3,4,1,4,1,8,7,1,8,9,3,1,4,3,9,3,8,1,1,1,1,7,1,9,3,1,1
F_cycle_fitness,42,1,2.224669933319092,0.11329043656587601,1.6971515090836724,26.883827209472656,1.8593544960021973,2,1,4,4,1,4,1,9,1,1,1,1,3,5,6,1,1,1,1,1,5,1,1,1,3,8,1,4,1,1,1
C_full_trust,271,2,4.4673004150390625,0.12643593549728394,1.7246089000711857,31.90629005432129,1.85543954372406,1,5,1,2,1,1,1,5,5,1,1,5,5,1,3,1,4,1,5,5,9,3,8,4,1,3,5,1,4,1,7
D_warmstart,271,1,2.771117687225342,0.1217210441827774,1.6786982029179507,25.235937118530273,1.8477208614349365,4,1,1,5,1,4,1,1,1,1,9,1,1,4,5,1,4,1,1,1,6,1,1,1,1,6,1,1,8,1,1
B_quantum,137,2,3.477435350418091,0.11024541407823563,2.1415128253700155,36.163917541503906,1.8297990560531616,3,1,5,1,8,9,1,2,1,2,5,1,4,5,2,1,8,3,2,5,7,1,1,1,4,8,1,4,4,1,1
B_quantum,42,1,3.3396072387695312,0.097694993019104,2.1128006835293633,37.683895111083984,1.8249112367630005,3,1,2,2,7,2,1,1,1,6,6,1,9,4,8,1,1,8,5,6,2,1,1,1,1,2,1,8,6,1,1
F_cycle_fitness,271,3,4.385247230529785,0.10957849025726318,1.7115776812973391,28.271644592285156,1.8242498636245728,5,1,5,4,1,4,1,4,1,1,7,1,8,6,1,1,8,1,4,1,5,1,1,1,4,1,1,4,1,1,1
B_quantum,271,3,4.033174991607666,0.1239011287689209,2.126292706265462,34.65104675292969,1.8230401277542114,2,1,6,5,1,5,1,7,1,5,3,1,4,5,3,1,6,8,9,6,1,1,1,1,2,2,1,3,6,1,1
B_quantum,271,1,4.7362542152404785,0.11930478364229202,2.1263770131229864,30.981773376464844,1.820957899093628,6,1,5,1,3,8,1,5,1,5,1,1,3,1,3,1,9,6,8,4,3,1,1,1,6,3,1,3,5,1,1
F_cycle_fitness,137,3,3.447154998779297,0.10073110461235046,1.7203242643138337,29.28727912902832,1.8192576169967651,3,1,5,3,6,6,1,1,1,6,5,1,6,1,6,1,3,3,1,3,5,1,1,1,1,1,1,3,3,1,1
A_baseline,42,1,3.6313366889953613,0.09701460599899292,1.718658390426175,30.177885055541992,1.8178187608718872,4,1,5,3,7,7,1,4,1,5,3,1,3,5,1,1,6,1,6,1,7,1,1,1,5,5,1,4,1,1,1
C_full_trust,271,3,3.273991823196411,0.12502610683441162,1.7136953953166596,35.18735122680664,1.8161696195602417,1,1,6,6,1,1,5,1,6,3,8,4,3,5,5,4,3,1,3,3,8,5,3,1,1,3,1,4,1,6,7
D_warmstart,42,1,3.378544569015503,0.0837489441037178,1.6835588247166946,32.46753692626953,1.7902443408966064,5,1,5,3,4,8,1,2,1,3,7,1,9,1,4,1,5,1,4,8,1,1,1,1,5,3,1,2,4,1,1
B_quantum,271,3,2.950437068939209,0.11578524112701416,2.126292706265462,36.35335159301758,1.7864265441894531,6,1,5,9,3,8,1,6,1,6,8,1,2,5,3,1,2,5,5,1,6,1,1,1,9,9,1,1,8,1,1
B_quantum,42,2,2.450923442840576,0.12717784941196442,2.1163700915828474,32.78025436401367,1.7650113105773926,1,1,6,9,3,7,1,9,1,7,3,1,1,8,2,1,3,4,3,1,5,1,1,1,3,4,1,1,4,1,1
C_full_trust,271,1,3.9701666831970215,0.13463753461837769,1.6965083989669192,30.621625900268555,1.7604258060455322,8,5,5,4,3,1,3,1,4,2,1,1,1,1,9,1,1,1,1,5,5,1,1,1,1,4,5,1,4,6,1
C_full_trust,137,1,3.9791245460510254,0.11191411316394806,1.7159029177112104,34.7640380859375,1.7591978311538696,1,2,3,8,1,5,1,3,1,5,1,3,3,3,9,5,5,4,1,1,1,1,4,6,3,5,1,2,1,6,4
F_cycle_fitness,271,1,3.3389370441436768,0.09727180749177933,1.7170714020560198,28.07132911682129,1.7533810138702393,3,1,1,5,5,3,1,8,1,5,5,1,2,1,5,1,1,1,5,1,5,1,1,1,1,6,1,3,3,1,1
B_quantum,137,2,3.396331787109375,0.10710044205188751,2.1415128253700155,36.44186019897461,1.7461657524108887,1,1,2,9,6,8,1,4,1,5,6,1,2,9,7,1,5,1,8,6,4,1,1,1,1,2,1,9,5,1,1
F_cycle_fitness,137,1,2.380131959915161,0.09380757808685303,1.6786535170218198,29.452524185180664,1.7428194284439087,1,1,6,4,4,1,1,1,1,1,8,1,3,1,5,1,3,2,3,5,9,1,1,1,3,6,1,4,4,1,1
B_quantum,137,3,4.2697906494140625,0.11261320114135742,2.125885561412913,34.750457763671875,1.7322874069213867,5,1,3,1,1,3,1,6,1,5,1,1,7,8,6,1,8,1,7,9,6,1,1,1,7,9,1,9,3,1,1
F_cycle_fitness,271,2,3.7806625366210938,0.09282740205526352,1.712209633588755,30.631452560424805,1.7197970151901245,5,1,4,4,1,3,1,9,1,5,5,1,6,6,1,1,3,4,3,4,2,1,1,1,3,1,1,6,4,1,1
A_baseline,137,2,2.9197919368743896,0.0848049446940422,1.693519910712289,31.40450096130371,1.713947057723999,1,1,9,4,5,1,1,5,1,5,8,1,7,1,4,1,1,7,2,5,9,1,1,1,3,5,1,1,4,1,1
B_quantum,42,1,2.599905014038086,0.10956161469221115,2.1128006835293633,34.09225082397461,1.708242654800415,9,1,2,9,2,1,1,5,1,1,7,1,3,3,4,1,1,4,1,7,9,1,1,1,2,1,1,2,4,1,1
B_quantum,42,1,2.707246780395508,0.09337104111909866,2.1128006835293633,38.11928176879883,1.7053651809692383,8,1,5,9,5,9,1,5,1,1,9,1,9,7,8,1,5,9,7,5,6,1,1,1,5,2,1,7,6,1,1
D_warmstart,42,1,4.179563045501709,0.11211593449115753,1.6835588247166946,25.993459701538086,1.7003158330917358,2,1,5,1,3,1,1,5,1,1,1,1,2,1,1,1,3,4,4,1,6,1,1,1,1,6,1,1,4,1,1
D_warmstart,271,2,2.1098289489746094,0.09165835380554199,1.6946379261377278,29.007266998291016,1.6983728408813477,1,1,1,4,1,4,1,5,1,1,9,1,2,2,5,1,4,4,6,1,6,1,1,1,1,4,1,7,1,1,1
C_full_trust,42,2,4.887372016906738,0.15208350121974945,1.6793703953295855,31.95972442626953,1.6978776454925537,1,1,1,3,6,5,2,9,5,5,3,4,1,1,7,4,4,4,1,9,4,1,1,1,3,8,1,1,4,1,1
A_baseline,271,3,2.433408737182617,0.09639531373977661,1.7318923663245391,30.811195373535156,1.6884576082229614,5,1,7,3,2,4,1,1,1,4,7,1,1,5,5,1,4,6,1,1,4,1,1,1,3,5,1,4,2,1,1
D_warmstart,42,1,2.4385223388671875,0.09673254936933517,1.6835588247166946,29.209842681884766,1.6879899501800537,1,1,3,1,4,1,1,5,1,7,7,1,1,4,1,1,6,4,4,8,3,1,1,1,5,1,1,3,1,1,1
D_warmstart,42,2,3.095674991607666,0.11281246691942215,1.671021798368415,25.638959884643555,1.6799527406692505,6,1,1,1,3,4,1,5,1,1,4,1,4,1,8,1,6,4,4,1,1,1,1,1,1,1,1,1,9,1,1
A_baseline,271,2,2.685349464416504,0.09822786599397659,1.7051794436027286,26.772750854492188,1.6778628826141357,4,1,1,6,8,4,1,1,1,1,9,1,3,1,5,1,1,3,3,3,1,1,1,1,5,5,1,4,1,1,1
D_warmstart,42,3,2.773505687713623,0.0913628563284874,1.643370518929351,28.42074203491211,1.6702253818511963,9,1,6,1,4,6,1,5,1,1,3,1,9,5,3,1,4,1,4,1,5,1,1,1,1,4,1,4,3,1,1
B_quantum,42,1,2.14289927482605,0.10991030931472778,2.1128006835293633,33.749778747558594,1.6608484983444214,7,1,4,1,9,1,1,7,1,3,1,1,9,4,9,1,4,8,8,3,6,1,1,1,2,1,1,4,2,1,1
D_warmstart,271,1,3.876466751098633,0.09918686002492905,1.6786982029179507,29.21016502380371,1.6579421758651733,6,1,7,7,1,6,1,3,1,5,1,1,1,1,2,1,4,1,1,1,5,1,1,1,4,1,1,2,3,1,1
D_warmstart,42,1,3.504396915435791,0.11952506005764008,1.6835588247166946,24.191970825195312,1.6538970470428467,5,1,1,1,3,1,1,5,1,1,3,1,1,5,4,1,1,1,3,7,1,1,1,1,1,1,1,4,5,1,1
A_baseline,271,3,3.1571855545043945,0.1023881584405899,1.7318923663245391,29.331418991088867,1.653752088546753,6,1,1,2,3,8,1,5,1,1,4,1,3,4,4,1,3,4,2,1,8,1,1,1,3,1,1,1,6,1,1
D_warmstart,42,3,2.4234459400177,0.08321105688810349,1.643370518929351,30.502708435058594,1.6535725593566895,1,1,1,6,2,3,1,3,1,1,3,1,8,5,7,1,4,8,1,3,3,1,1,1,5,1,1,9,3,1,1
F_cycle_fitness,271,2,2.145810842514038,0.0937531515955925,1.712209633588755,30.052417755126953,1.6490845680236816,6,1,1,4,1,5,1,1,1,9,7,1,3,4,7,1,9,5,1,3,1,1,1,1,1,7,1,1,1,1,1
C_full_trust,271,2,3.8022170066833496,0.10353144258260727,1.7246089000711857,36.84131622314453,1.6373090744018555,7,6,4,1,4,2,3,4,2,2,1,4,1,1,1,1,1,3,1,8,1,5,2,4,3,1,7,1,4,5,1
A_baseline,42,2,3.637828826904297,0.10524619370698929,1.667806176480219,28.73296356201172,1.6350138187408447,5,1,2,6,8,1,1,1,1,1,4,1,2,5,1,1,4,1,4,6,7,1,1,1,1,4,1,1,1,1,1
D_warmstart,42,3,2.3428173065185547,0.09020594507455826,1.643370518929351,28.549711227416992,1.6339961290359497,5,1,4,7,1,1,1,7,1,4,1,1,1,6,7,1,9,1,1,4,3,1,1,1,4,1,1,5,1,1,1
D_warmstart,137,3,2.016261577606201,0.09556656330823898,1.6876217534434712,29.14303207397461,1.6251047849655151,3,1,4,3,1,1,1,7,1,1,8,1,1,3,7,1,3,3,1,6,4,1,1,1,5,5,1,4,5,1,1
C_full_trust,42,1,3.5295932292938232,0.10822427272796631,1.7060988414066414,36.96073532104492,1.6202954053878784,5,6,1,3,1,6,4,1,7,9,1,1,2,4,4,5,1,1,1,8,9,4,3,5,5,5,6,3,1,1,1
D_warmstart,271,2,3.974918842315674,0.10547340661287308,1.6946379261377278,25.699190139770508,1.61842679977417,1,1,6,1,4,1,1,1,1,5,8,1,1,4,4,1,4,1,1,1,1,1,1,1,8,1,1,4,3,1,1
D_warmstart,271,3,3.2858099937438965,0.0916726216673851,1.7070175873601512,27.927623748779297,1.6122760772705078,3,1,4,3,1,1,1,1,1,5,1,1,4,1,1,1,9,7,1,4,6,1,1,1,2,5,1,1,8,1,1
F_cycle_fitness,271,3,3.659822463989258,0.09342041611671448,1.7115776812973391,30.559446334838867,1.6078507900238037,6,1,8,5,8,1,1,1,1,5,3,1,3,1,5,1,1,5,1,5,1,1,1,1,3,6,1,8,8,1,1
F_cycle_fitness,271,1,3.4745590686798096,0.10181079059839249,1.7170714020560198,25.974084854125977,1.5978052616119385,5,1,6,4,1,1,1,4,1,1,1,1,4,4,1,1,1,1,9,1,5,1,1,1,5,4,1,5,7,1,1
A_baseline,137,3,2.880671977996826,0.08737676590681076,1.6882049642164727,29.969919204711914,1.5803899765014648,6,1,3,3,4,1,1,6,1,7,5,1,1,8,4,1,4,1,3,4,9,1,1,1,1,5,1,1,1,1,1
B_quantum,271,2,3.406911849975586,0.10697952657938004,2.1015302831172304,35.817989349365234,1.5784531831741333,5,1,6,4,3,7,1,5,1,7,5,1,6,9,3,1,2,1,4,7,8,1,1,1,4,4,1,3,2,1,1
C_full_trust,271,1,3.7583396434783936,0.10854639112949371,1.6965083989669192,34.86411666870117,1.5767016410827637,1,1,1,4,6,5,7,1,5,2,3,1,1,3,1,3,5,5,4,1,7,5,4,4,1,6,1,3,8,7,1
C_full_trust,42,1,3.4158546924591064,0.1380992829799652,1.7060988414066414,29.9090576171875,1.5735244750976562,1,1,1,1,3,3,1,1,5,1,5,5,6,1,1,6,4,4,6,9,3,1,5,3,4,1,1,3,1,1,6
D_warmstart,137,3,3.530876874923706,0.10027559101581573,1.6876217534434712,27.639841079711914,1.5630537271499634,1,1,5,3,8,4,1,4,1,2,1,1,6,5,5,1,1,1,3,1,4,1,1,1,4,3,1,1,1,1,1
A_baseline,271,2,2.8148932456970215,0.09155117720365524,1.7051794436027286,28.15341567993164,1.5588635206222534,1,1,7,1,7,5,1,1,1,6,5,1,1,1,3,1,4,5,1,4,2,1,1,1,1,1,1,3,3,1,1
F_cycle_fitness,42,1,2.4938230514526367,0.09640447795391083,1.6971515090836724,29.097089767456055,1.5529594421386719,3,1,3,3,3,1,1,1,1,5,3,1,3,5,5,1,1,3,5,6,6,1,1,1,3,8,1,4,1,1,1
B_quantum,271,2,2.9302031993865967,0.08508951216936111,2.1015302831172304,41.24840545654297,1.5523655414581299,6,1,5,9,7,4,1,9,1,8,9,1,7,8,5,1,6,8,3,5,9,1,1,1,6,7,1,8,9,1,1
F_cycle_fitness,271,2,3.9053261280059814,0.10894434154033661,1.712209633588755,25.942380905151367,1.5421783924102783,1,1,1,1,7,1,1,6,1,5,5,1,4,1,5,1,1,4,1,1,4,1,1,1,2,4,1,1,2,1,1
F_cycle_fitness,137,2,3.0691261291503906,0.08265160024166107,1.6850608522610226,32.853118896484375,1.5417428016662598,1,1,9,4,5,1,1,5,1,5,4,1,7,1,4,1,2,7,2,3,9,1,1,1,3,5,1,3,4,1,1
B_quantum,271,2,3.614926815032959,0.12359865754842758,2.1015302831172304,31.340213775634766,1.5361697673797607,1,1,5,5,5,6,1,1,1,2,4,1,6,8,3,1,1,1,3,1,4,1,1,1,7,8,1,4,2,1,1
A_baseline,271,1,3.8122310638427734,0.11671621352434158,1.7028626883948244,25.09477424621582,1.5315556526184082,1,1,5,4,6,5,1,1,1,5,1,1,3,1,4,1,3,1,5,1,5,1,1,1,5,1,1,1,3,1,1
A_baseline,137,3,2.0361311435699463,0.08128111809492111,1.6882049642164727,31.455400466918945,1.5253686904907227,1,1,3,4,1,5,1,6,1,4,9,1,1,3,8,1,8,1,8,1,5,1,1,1,6,8,1,3,5,1,1
C_full_trust,137,2,2.252980947494507,0.10523035377264023,1.6963462715169906,35.04404830932617,1.5193650722503662,1,1,1,3,1,4,4,3,1,1,6,8,3,1,1,8,7,1,1,5,3,3,8,7,1,3,2,2,1,4,1
F_cycle_fitness,137,2,3.422738552093506,0.08889859914779663,1.6850608522610226,31.213762283325195,1.5186914205551147,1,1,6,4,1,1,1,7,1,5,2,1,6,1,4,1,1,3,5,4,3,1,1,1,2,6,1,6,8,1,1
F_cycle_fitness,42,1,2.882995128631592,0.09751928597688675,1.6971515090836724,28.68421173095703,1.5175745487213135,1,1,5,1,1,3,1,4,1,6,7,1,1,4,4,1,7,5,5,1,5,1,1,1,4,3,1,5,1,1,1
B_quantum,271,2,3.143465757369995,0.09367306530475616,2.1015302831172304,38.8268928527832,1.5114943981170654,7,1,7,6,7,6,1,2,1,2,1,1,8,9,8,1,6,3,4,3,3,1,1,1,2,1,1,7,6,1,1
D_warmstart,42,3,3.0321614742279053,0.08624193072319031,1.643370518929351,28.957351684570312,1.5028935670852661,1,1,6,1,1,9,1,5,1,3,9,1,8,1,3,1,1,4,1,8,1,1,1,1,3,6,1,3,1,1,1
F_cycle_fitness,271,1,3.4767982959747314,0.09616894274950027,1.7170714020560198,27.056930541992188,1.500070333480835,4,1,5,5,4,7,1,3,1,1,2,1,4,1,1,1,1,6,4,1,2,1,1,1,4,1,1,1,3,1,1
F_cycle_fitness,271,2,3.075596570968628,0.10203487426042557,1.712209633588755,27.344974517822266,1.4995992183685303,1,1,6,6,8,4,1,1,1,1,1,1,4,5,1,1,4,4,1,1,5,1,1,1,9,3,1,8,1,1,1
A_baseline,42,2,2.4253275394439697,0.1159675270318985,1.667806176480219,25.15426254272461,1.4959763288497925,4,1,6,1,1,4,1,1,1,1,3,1,1,5,1,1,4,1,3,1,7,1,1,1,5,5,1,4,1,1,1
A_baseline,137,2,3.3558101654052734,0.0858382135629654,1.693519910712289,29.880708694458008,1.4956965446472168,2,1,1,4,1,9,1,6,1,5,1,1,5,8,1,1,4,1,2,4,7,1,1,1,3,1,1,6,1,1,1
C_full_trust,42,3,5.543920993804932,0.11600562185049057,1.6423641787046575,33.8415412902832,1.4840062856674194,4,5,5,2,4,3,9,7,6,1,1,4,1,1,6,1,3,3,1,1,4,9,1,1,3,1,4,6,1,3,1
B_quantum,137,3,2.2815117835998535,0.09843640774488449,2.125885561412913,36.74677276611328,1.4835436344146729,5,1,3,7,7,1,1,1,1,8,8,1,9,3,1,1,4,2,2,6,1,1,1,1,9,2,1,2,8,1,1
D_warmstart,137,1,3.5065696239471436,0.10057692229747772,1.727322541073141,27.253143310546875,1.4793723821640015,1,1,5,6,4,1,1,1,1,1,1,1,4,3,5,1,2,3,4,1,4,1,1,1,9,3,1,3,3,1,1
D_warmstart,42,1,3.7062149047851562,0.09995345771312714,1.6835588247166946,27.4960994720459,1.4747594594955444,1,1,1,7,3,7,1,5,1,5,1,1,4,2,3,1,1,4,3,1,6,1,1,1,5,1,1,1,5,1,1
B_quantum,42,3,2.6096482276916504,0.09624025225639343,2.130947430274064,36.7533073425293,1.4704666137695312,4,1,9,8,5,9,1,6,1,5,4,1,2,2,7,1,1,4,4,4,7,1,1,1,3,9,1,2,9,1,1
C_full_trust,271,1,3.6874611377716064,0.11438484489917755,1.6965083989669192,33.08507537841797,1.4700117111206055,4,6,1,4,1,1,3,3,5,1,7,1,4,1,1,3,4,1,3,5,2,1,3,1,7,4,5,5,1,8,1
A_baseline,137,2,2.383852958679199,0.09559613466262817,1.693519910712289,26.925397872924805,1.4663103818893433,6,1,3,1,1,1,1,6,1,4,9,1,1,7,5,1,4,1,1,4,4,1,1,1,1,5,1,1,1,1,1
D_warmstart,137,1,2.7631282806396484,0.10711680352687836,1.727322541073141,25.69428062438965,1.4578982591629028,5,1,1,4,9,3,1,1,1,3,4,1,1,4,7,1,1,1,1,6,1,1,1,1,1,4,1,1,3,1,1
D_warmstart,137,1,2.8661410808563232,0.08592914044857025,1.727322541073141,30.420425415039062,1.4555350542068481,8,1,5,1,1,6,1,6,1,8,1,1,6,3,9,1,1,1,7,3,5,1,1,1,4,4,1,1,5,1,1
A_baseline,42,2,3.263193130493164,0.09169990569353104,1.667806176480219,31.044233322143555,1.45534086227417,5,1,2,1,8,3,1,5,1,1,3,1,7,1,1,1,5,9,6,5,4,1,1,1,2,1,1,5,6,1,1
A_baseline,271,1,2.6470627784729004,0.08454262465238571,1.7028626883948244,31.468408584594727,1.4529387950897217,4,1,1,6,8,7,1,1,1,6,9,1,5,1,5,1,8,1,3,3,5,1,1,1,3,1,1,8,1,1,1
C_full_trust,271,1,4.562956809997559,0.12214282900094986,1.6965083989669192,31.386558532714844,1.4467846155166626,3,1,5,5,4,1,4,1,5,1,4,1,4,1,1,1,1,1,1,3,4,4,7,4,3,5,4,2,3,4,7
B_quantum,271,1,1.93076491355896,0.08887942135334015,2.1263770131229864,37.811763763427734,1.4440748691558838,8,1,4,9,9,9,1,6,1,3,8,1,8,1,7,1,1,2,6,6,2,1,1,1,3,4,1,8,8,1,1
A_baseline,42,3,2.7917027473449707,0.10065895318984985,1.6477796934161912,26.024621963500977,1.4358516931533813,1,1,1,3,1,3,1,9,1,1,1,1,1,3,1,1,8,4,4,5,1,1,1,1,4,5,1,3,6,1,1
B_quantum,271,1,2.275958299636841,0.093960240483284,2.1263770131229864,36.23869323730469,1.433027982711792,7,1,4,5,3,9,1,3,1,7,1,1,3,2,2,1,3,3,1,8,2,1,1,1,7,2,1,9,5,1,1
D_warmstart,271,3,3.0692856311798096,0.08375272899866104,1.7070175873601512,29.565683364868164,1.4279391765594482,6,1,1,7,1,7,1,4,1,2,6,1,4,1,1,1,4,1,5,5,1,1,1,1,5,1,1,9,1,1,1
F_cycle_fitness,42,2,2.579476833343506,0.09389480948448181,1.6441194980710725,27.778169631958008,1.419670581817627,5,1,1,1,5,6,1,2,1,3,4,1,1,6,1,1,1,3,4,5,7,1,1,1,6,1,1,5,1,1,1
F_cycle_fitness,137,2,2.4195609092712402,0.10009562969207764,1.6850608522610226,27.932849884033203,1.4177441596984863,5,1,2,4,4,1,1,3,1,4,1,1,1,4,4,1,3,5,5,9,4,1,1,1,3,4,1,1,1,1,1
F_cycle_fitness,42,2,3.6964592933654785,0.09884903579950333,1.6441194980710725,26.39649772644043,1.4083633422851562,6,1,1,6,1,1,1,7,1,6,1,1,4,1,4,1,3,1,1,4,1,1,1,1,9,1,1,3,1,1,1
C_full_trust,137,3,4.038691520690918,0.097471684217453,1.6931660836346205,35.290443420410156,1.3979288339614868,5,1,2,1,3,4,2,1,7,5,1,3,1,7,1,4,1,9,5,5,5,1,1,1,2,3,6,4,1,3,5
D_warmstart,271,2,2.836092948913574,0.09281789511442184,1.6946379261377278,27.503183364868164,1.3956897258758545,1,1,1,1,1,1,1,9,1,5,2,1,3,5,3,1,1,5,5,1,9,1,1,1,5,4,1,5,1,1,1
D_warmstart,137,2,4.222720146179199,0.10306558012962341,1.7159970132980593,26.76569366455078,1.3940984010696411,5,1,1,1,1,1,1,4,1,6,4,1,3,2,4,1,1,3,6,4,1,1,1,1,4,5,1,1,5,1,1
C_full_trust,42,2,4.4105224609375,0.11721406131982803,1.6793703953295855,36.34965133666992,1.3916163444519043,3,5,5,3,4,1,2,1,1,1,1,4,8,2,4,3,4,3,6,1,3,8,6,9,1,5,4,6,4,1,1
D_warmstart,271,2,2.169591188430786,0.10034044831991196,1.6946379261377278,25.847505569458008,1.3873027563095093,1,1,1,4,3,5,1,1,1,1,1,1,4,4,9,1,3,1,4,7,1,1,1,1,1,4,1,6,5,1,1
A_baseline,42,3,3.647362232208252,0.09514620155096054,1.6477796934161912,27.287446975708008,1.3784079551696777,5,1,5,9,4,3,1,4,1,1,1,1,1,1,3,1,5,1,1,6,3,1,1,1,3,5,1,2,1,1,1
F_cycle_fitness,137,3,3.2177181243896484,0.10260675102472305,1.7203242643138337,26.698280334472656,1.3724411725997925,5,1,1,4,1,7,1,1,1,1,8,1,4,5,5,1,1,6,1,3,1,1,1,1,3,1,1,7,1,1,1
A_baseline,137,1,2.8243567943573,0.09338762611150742,1.6986961595053849,28.305072784423828,1.3686734437942505,3,1,6,1,4,1,1,2,1,7,1,1,1,1,1,1,1,7,3,3,1,1,1,1,8,1,1,3,5,1,1
D_warmstart,137,2,2.610976219177246,0.10048850625753403,1.7159970132980593,27.282148361206055,1.3670881986618042,7,1,2,1,1,4,1,1,1,1,3,1,6,6,1,1,1,3,1,5,4,1,1,1,1,5,1,4,5,1,1
A_baseline,271,1,2.9951913356781006,0.10395095497369766,1.7028626883948244,26.928251266479492,1.3648828268051147,1,1,6,1,4,1,1,3,1,8,3,1,4,1,4,1,1,4,4,3,1,1,1,1,3,5,1,1,3,1,1
D_warmstart,42,2,2.073820114135742,0.08318586647510529,1.671021798368415,30.885961532592773,1.363755702972412,4,1,9,3,1,1,1,5,1,1,4,1,7,6,2,1,1,5,2,5,5,1,1,1,9,4,1,3,4,1,1
D_warmstart,42,2,3.794466018676758,0.08715043216943741,1.671021798368415,29.953943252563477,1.359928011894226,5,1,6,1,9,3,1,3,1,3,6,1,4,1,3,1,4,3,1,8,4,1,1,1,5,6,1,3,1,1,1
B_quantum,42,3,2.398510217666626,0.09916217625141144,2.130947430274064,35.276023864746094,1.3598896265029907,1,1,9,1,1,1,1,9,1,6,3,1,6,9,6,1,4,8,3,7,6,1,1,1,8,4,1,7,6,1,1
C_full_trust,137,2,3.6511988639831543,0.09966534376144409,1.6963462715169906,35.46110916137695,1.3588502407073975,3,2,1,1,5,4,1,1,5,1,8,4,5,5,4,3,8,6,4,9,5,1,5,4,5,1,3,1,1,4,6
D_warmstart,271,2,2.458942413330078,0.08594910800457001,1.6946379261377278,28.829139709472656,1.3585010766983032,6,1,4,2,1,4,1,9,1,3,1,1,4,1,5,1,4,1,4,3,5,1,1,1,5,3,1,5,5,1,1
B_quantum,42,1,3.614060640335083,0.10841438174247742,2.1128006835293633,32.46901321411133,1.3538780212402344,4,1,5,7,3,8,1,4,1,5,4,1,3,5,2,1,1,2,5,3,6,1,1,1,4,1,1,7,5,1,1
C_full_trust,137,3,3.3976662158966064,0.09997937083244324,1.6931660836346205,34.159358978271484,1.3460383415222168,5,1,2,1,4,4,5,4,1,1,9,1,1,1,8,1,1,1,7,6,5,9,1,7,3,3,1,5,5,5,6
A_baseline,42,1,3.6157736778259277,0.10503396391868591,1.718658390426175,25.876445770263672,1.3420461416244507,5,1,5,4,1,8,1,1,1,1,1,1,1,1,3,1,5,7,1,6,5,1,1,1,6,3,1,1,1,1,1
C_full_trust,271,3,2.2364301681518555,0.11602654308080673,1.7136953953166596,33.84243392944336,1.3404531478881836,1,5,1,1,1,1,1,1,4,3,7,1,1,5,5,4,7,6,1,2,1,4,4,5,3,4,5,6,1,6,5
B_quantum,137,1,4.100009441375732,0.10572201013565063,2.1253783346720634,36.18903732299805,1.3368518352508545,5,1,2,5,4,1,1,9,1,2,5,1,7,4,8,1,7,8,6,5,5,1,1,1,4,3,1,4,5,1,1
B_quantum,137,3,2.9345555305480957,0.0940401554107666,2.125885561412913,36.99215316772461,1.3340004682540894,5,1,3,8,3,3,1,5,1,8,1,1,4,2,9,1,2,3,8,3,8,1,1,1,9,9,1,8,1,1,1
F_cycle_fitness,137,2,2.085007429122925,0.0917862057685852,1.6850608522610226,29.43653678894043,1.3305741548538208,1,1,1,4,1,5,1,5,1,3,3,1,3,1,7,1,4,2,4,6,3,1,1,1,5,1,1,6,7,1,1
B_quantum,137,2,3.764824628829956,0.11212587356567383,2.1415128253700155,33.08815383911133,1.3288931846618652,7,1,5,5,5,1,1,6,1,5,1,1,5,5,1,1,4,2,4,7,2,1,1,1,8,9,1,5,8,1,1
C_full_trust,137,2,2.1785202026367188,0.11094474792480469,1.6963462715169906,32.047401428222656,1.3267927169799805,4,3,1,1,9,1,7,1,1,1,4,1,4,1,1,8,8,1,1,1,1,1,9,1,8,6,1,1,6,7,6
A_baseline,137,1,3.273564100265503,0.10037077963352203,1.6986961595053849,26.67928123474121,1.3264743089675903,1,1,5,1,2,5,1,2,1,1,5,1,3,9,1,1,4,1,1,3,3,1,1,1,1,4,1,1,3,1,1
B_quantum,271,3,3.307995557785034,0.126654714345932,2.126292706265462,30.97214126586914,1.324501395225525,5,1,4,5,3,3,1,5,1,6,4,1,3,4,9,1,4,5,2,8,1,1,1,1,5,2,1,1,1,1,1
B_quantum,271,3,3.113476514816284,0.09864234179258347,2.126292706265462,37.60978317260742,1.3236802816390991,5,1,7,3,7,9,1,5,1,1,8,1,3,9,9,1,7,3,7,4,8,1,1,1,7,9,1,6,4,1,1
C_full_trust,137,1,2.915003538131714,0.10943152010440826,1.7159029177112104,32.68795394897461,1.3213728666305542,1,5,4,8,8,4,3,3,3,3,1,3,5,4,8,1,1,1,9,6,1,3,1,1,1,1,1,1,5,1,6
A_baseline,137,1,2.64094877243042,0.08803082257509232,1.6986961595053849,29.19111442565918,1.3208452463150024,5,1,1,4,1,5,1,3,1,8,7,1,3,1,3,1,1,1,4,6,9,1,1,1,3,1,1,5,1,1,1
A_baseline,42,3,2.1607418060302734,0.0978395864367485,1.6477796934161912,26.12815284729004,1.3105069398880005,1,1,4,1,4,5,1,1,1,1,4,1,4,5,5,1,3,1,1,4,1,1,1,1,8,5,1,9,3,1,1
F_cycle_fitness,137,1,3.0111992359161377,0.09774357825517654,1.6786535170218198,26.30147361755371,1.30963134765625,6,1,1,1,4,5,1,5,1,1,1,1,3,6,1,1,4,1,3,1,5,1,1,1,5,5,1,8,4,1,1
A_baseline,137,1,2.630885601043701,0.07999373972415924,1.6986961595053849,30.792949676513672,1.3095977306365967,1,1,8,4,1,4,1,6,1,5,1,1,5,5,6,1,1,1,2,4,7,1,1,1,6,1,1,7,6,1,1
D_warmstart,137,1,3.932569980621338,0.09304866939783096,1.727322541073141,28.167566299438477,1.308828592300415,1,1,6,5,1,1,1,5,1,5,4,1,8,1,7,1,1,4,5,3,1,1,1,1,5,5,1,5,4,1,1
C_full_trust,137,1,2.2798261642456055,0.07051002979278564,1.7159029177112104,41.90395736694336,1.3087576627731323,3,9,5,8,5,4,6,1,4,9,1,2,3,8,5,5,1,8,1,1,1,8,1,5,3,1,8,2,4,7,7
C_full_trust,137,1,1.9434725046157837,0.09196866303682327,1.7159029177112104,36.7674560546875,1.30661940574646,3,3,1,4,9,1,1,1,4,7,4,3,1,1,2,4,8,4,4,8,1,3,5,3,6,5,6,4,1,1,3
A_baseline,137,2,2.6678833961486816,0.07186169177293777,1.693519910712289,32.80659484863281,1.3055508136749268,5,1,8,4,1,1,1,5,1,8,3,1,3,1,7,1,1,2,4,6,3,1,1,1,3,4,1,6,7,1,1
F_cycle_fitness,271,3,2.4230000972747803,0.09701170772314072,1.7115776812973391,28.0791072845459,1.294144630432129,1,1,1,4,5,4,1,1,1,1,3,1,1,8,5,1,8,3,4,3,4,1,1,1,5,5,1,8,1,1,1
F_cycle_fitness,42,1,2.6614990234375,0.0928053930401802,1.6971515090836724,28.63541603088379,1.2930594682693481,3,1,8,1,3,6,1,3,1,5,4,1,1,5,5,1,6,1,1,6,3,1,1,1,1,1,1,4,3,1,1
A_baseline,271,1,3.3527305126190186,0.10675982385873795,1.7028626883948244,25.954818725585938,1.290499210357666,5,1,3,6,1,1,1,1,1,5,4,1,5,5,1,1,3,5,1,1,1,1,1,1,1,5,1,6,1,1,1
A_baseline,271,3,2.3188235759735107,0.09380356222391129,1.7318923663245391,29.19725799560547,1.2844033241271973,6,1,7,1,7,5,1,4,1,6,4,1,4,1,1,1,4,1,5,5,1,1,1,1,5,1,1,6,3,1,1
A_baseline,42,3,3.287285566329956,0.09548607468605042,1.6477796934161912,26.626861572265625,1.278830647468567,3,1,6,3,1,4,1,1,1,1,1,1,4,1,4,1,3,4,4,4,7,1,1,1,6,5,1,1,5,1,1
D_warmstart,137,3,2.283888816833496,0.08510737121105194,1.6876217534434712,29.934616088867188,1.2711012363433838,4,1,4,4,1,5,1,3,1,1,4,1,1,6,5,1,9,2,3,5,3,1,1,1,4,6,1,7,1,1,1
B_quantum,42,2,3.2801201343536377,0.10357527434825897,2.1163700915828474,35.48308563232422,1.270339012145996,1,1,6,5,6,2,1,9,1,5,2,1,3,3,1,1,5,6,2,1,6,1,1,1,9,9,1,7,8,1,1
B_quantum,137,1,3.0368618965148926,0.09845493733882904,2.1253783346720634,37.27336883544922,1.2693171501159668,7,1,5,2,6,3,1,2,1,3,2,1,6,8,7,1,8,8,1,4,6,1,1,1,1,4,1,7,5,1,1
D_warmstart,42,2,3.2557766437530518,0.09690790623426437,1.671021798368415,27.255550384521484,1.269309401512146,3,1,5,1,4,5,1,4,1,1,1,1,7,1,6,1,3,1,3,4,5,1,1,1,3,7,1,3,1,1,1
F_cycle_fitness,137,1,2.6738903522491455,0.0879853367805481,1.6786535170218198,28.623268127441406,1.2685718536376953,6,1,2,5,1,1,1,1,1,3,1,1,4,5,9,1,4,1,6,4,3,1,1,1,1,1,1,5,6,1,1
D_warmstart,271,1,2.604055643081665,0.09830465167760849,1.6786982029179507,27.417808532714844,1.2655413150787354,1,1,2,6,1,1,1,1,1,3,1,1,4,9,6,1,4,1,8,4,1,1,1,1,1,1,1,5,1,1,1
B_quantum,271,3,3.012453556060791,0.08741874992847443,2.126292706265462,39.88430404663086,1.2599282264709473,5,1,5,7,7,2,1,6,1,3,7,1,2,9,7,1,9,2,5,3,5,1,1,1,3,7,1,2,8,1,1
D_warmstart,271,2,2.2046079635620117,0.08641178160905838,1.6946379261377278,28.304115295410156,1.2558563947677612,1,1,4,1,1,1,1,1,1,2,9,1,3,5,1,1,9,1,6,1,1,1,1,1,5,1,1,3,6,1,1
C_full_trust,42,3,4.082674503326416,0.11728900671005249,1.6423641787046575,31.795446395874023,1.254900336265564,6,5,4,1,7,4,1,4,1,9,1,1,3,1,1,3,1,1,1,1,8,1,4,1,4,3,4,4,7,1,3
D_warmstart,42,1,2.048274278640747,0.09049326926469803,1.6835588247166946,28.445131301879883,1.2537314891815186,1,1,1,4,9,1,1,4,1,7,4,1,3,1,5,1,4,1,4,2,1,1,1,1,5,1,1,5,8,1,1
D_warmstart,42,3,3.345457077026367,0.0886727049946785,1.643370518929351,27.078157424926758,1.2519159317016602,3,1,4,6,9,3,1,3,1,5,5,1,4,5,1,1,1,1,1,3,4,1,1,1,3,1,1,1,5,1,1
F_cycle_fitness,271,1,3.297997236251831,0.08910366147756577,1.7170714020560198,27.716665267944336,1.2446670532226562,9,1,1,5,1,5,1,5,1,5,3,1,6,3,1,1,7,4,1,1,1,1,1,1,1,4,1,5,4,1,1
D_warmstart,42,1,3.8095481395721436,0.09010708332061768,1.6835588247166946,28.431922912597656,1.233931541442871,5,1,4,1,1,1,1,3,1,2,6,1,4,1,6,1,4,7,1,1,1,1,1,1,4,4,1,4,5,1,1
F_cycle_fitness,42,3,2.795703411102295,0.08101851493120193,1.6820811204366448,31.319950103759766,1.2336667776107788,6,1,6,5,8,1,1,9,1,4,8,1,3,1,1,1,2,5,4,4,6,1,1,1,3,1,1,1,3,1,1
C_full_trust,271,2,2.755506753921509,0.08515378832817078,1.7246089000711857,39.09660720825195,1.2312675714492798,6,7,1,5,3,5,2,3,3,6,4,1,3,5,3,6,4,1,1,3,5,3,7,6,4,1,1,3,6,4,6
D_warmstart,271,3,4.007036209106445,0.08838216960430145,1.7070175873601512,27.053314208984375,1.224613904953003,1,1,5,1,1,6,1,1,1,6,1,1,8,4,1,1,4,4,3,1,1,1,1,1,1,9,1,7,1,1,1
B_quantum,271,1,2.834871768951416,0.10531245172023773,2.1263770131229864,31.635740280151367,1.2222020626068115,7,1,2,5,8,6,1,9,1,1,3,1,4,3,4,1,3,6,1,1,1,1,1,1,3,5,1,5,7,1,1
B_quantum,137,3,2.9674386978149414,0.09560106694698334,2.125885561412913,36.052005767822266,1.2218079566955566,5,1,2,1,9,5,1,4,1,1,3,1,2,2,8,1,3,8,9,6,2,1,1,1,5,7,1,7,1,1,1
A_baseline,271,2,3.709557294845581,0.09038320928812027,1.7051794436027286,26.708433151245117,1.2204440832138062,1,1,5,4,4,4,1,4,1,6,1,1,3,3,9,1,1,1,1,1,9,1,1,1,3,1,1,1,3,1,1
A_baseline,271,3,4.284259796142578,0.11228007078170776,1.7318923663245391,24.854089736938477,1.2181439399719238,5,1,5,1,4,1,1,1,1,1,1,1,3,3,1,1,1,1,2,1,1,1,1,1,3,6,1,4,9,1,1
A_baseline,137,2,2.4044439792633057,0.07688387483358383,1.693519910712289,30.871992111206055,1.2169451713562012,4,1,6,1,5,4,1,3,1,3,8,1,3,3,5,1,3,2,4,1,1,1,1,1,2,6,1,3,5,1,1
A_baseline,271,2,3.309260129928589,0.08254165202379227,1.7051794436027286,29.031267166137695,1.2127496004104614,3,1,5,6,4,1,1,2,1,1,6,1,8,1,1,1,8,1,3,1,4,1,1,1,4,3,1,6,1,1,1
B_quantum,271,1,3.218909740447998,0.08681682497262955,2.1263770131229864,37.06721115112305,1.2119624614715576,4,1,7,9,7,4,1,5,1,5,6,1,3,7,6,1,4,7,9,2,6,1,1,1,4,3,1,6,6,1,1
C_full_trust,271,3,2.3100028038024902,0.11992192268371582,1.7136953953166596,31.920574188232422,1.2119334936141968,3,1,3,4,4,1,1,6,6,3,4,1,1,3,1,3,4,1,3,1,1,4,8,1,1,1,5,4,5,6,5
A_baseline,42,2,3.5137062072753906,0.09659405797719955,1.667806176480219,28.248065948486328,1.2049803733825684,5,1,5,3,3,1,1,3,1,1,1,1,4,1,3,1,5,1,7,6,3,1,1,1,6,3,1,2,1,1,1
B_quantum,137,3,2.5367960929870605,0.0895540788769722,2.125885561412913,37.33141326904297,1.1986210346221924,9,1,6,9,7,9,1,4,1,6,1,1,8,1,2,1,9,3,5,6,4,1,1,1,6,5,1,8,8,1,1
C_full_trust,137,2,3.1652565002441406,0.1055806577205658,1.6963462715169906,32.57870101928711,1.1900650262832642,8,5,4,4,4,5,4,5,1,1,1,1,3,6,8,7,4,1,4,5,4,1,1,4,4,4,1,4,4,1,3
B_quantum,137,3,3.5113987922668457,0.09430345147848129,2.125885561412913,36.175384521484375,1.187540888786316,5,1,2,7,3,4,1,3,1,7,2,1,8,9,6,1,3,6,6,1,8,1,1,1,3,6,1,1,1,1,1
C_full_trust,271,2,3.255335569381714,0.10531924664974213,1.7246089000711857,32.99597930908203,1.1853265762329102,1,1,6,1,9,4,1,3,1,5,5,4,1,1,9,1,1,5,4,5,3,1,9,6,5,1,5,6,8,1,1
A_baseline,137,3,3.3398220539093018,0.08145099133253098,1.6882049642164727,29.53215217590332,1.177329421043396,1,1,5,5,5,8,1,1,1,7,8,1,3,3,5,1,5,1,4,1,1,1,1,1,5,1,1,6,4,1,1
F_cycle_fitness,137,3,2.6103525161743164,0.08897849172353745,1.7203242643138337,28.71261215209961,1.1676445007324219,4,1,1,4,8,1,1,5,1,5,4,1,5,7,6,1,1,1,5,1,1,1,1,1,3,6,1,3,8,1,1
D_warmstart,42,1,2.9408321380615234,0.08478213101625443,1.6835588247166946,29.19397735595703,1.1567891836166382,4,1,1,1,4,5,1,1,1,2,6,1,4,7,3,1,1,8,3,5,5,1,1,1,1,4,1,1,5,1,1
A_baseline,137,2,3.158198595046997,0.08059598505496979,1.693519910712289,29.44891929626465,1.1526744365692139,1,1,1,8,1,1,1,7,1,5,4,1,6,1,4,1,7,3,1,4,1,1,1,1,5,6,1,2,5,1,1
B_quantum,137,2,2.675609588623047,0.09808680415153503,2.1415128253700155,35.339962005615234,1.146998643875122,6,1,2,3,2,9,1,8,1,8,4,1,1,3,6,1,1,8,6,1,5,1,1,1,1,9,1,9,3,1,1
A_baseline,137,3,3.03932523727417,0.0867113471031189,1.6882049642164727,27.821163177490234,1.1451081037521362,1,1,1,1,8,3,1,5,1,5,3,1,4,7,5,1,1,1,5,1,4,1,1,1,3,4,1,5,8,1,1
D_warmstart,137,3,2.3403401374816895,0.10416288673877716,1.6876217534434712,24.49060821533203,1.1433498859405518,4,1,3,1,4,4,1,4,1,1,1,1,8,6,3,1,1,1,1,3,1,1,1,1,4,5,1,1,1,1,1
B_quantum,271,2,2.8631434440612793,0.10336750000715256,2.1015302831172304,34.22609329223633,1.1389394998550415,7,1,7,9,6,3,1,8,1,6,1,1,1,6,3,1,1,4,7,3,5,1,1,1,8,5,1,3,6,1,1
A_baseline,137,1,3.720205783843994,0.09531605243682861,1.6986961595053849,26.870521545410156,1.1381303071975708,3,1,1,1,5,3,1,1,1,5,4,1,4,4,4,1,3,3,1,4,7,1,1,1,1,5,1,4,4,1,1
B_quantum,271,3,3.4595234394073486,0.11604463309049606,2.126292706265462,32.32322311401367,1.1325774192810059,1,1,5,5,7,9,1,4,1,1,3,1,9,9,1,1,1,9,8,4,8,1,1,1,6,1,1,3,2,1,1
B_quantum,271,1,4.016850471496582,0.09186258167028427,2.1263770131229864,35.084346771240234,1.1290369033813477,4,1,5,6,1,8,1,7,1,5,3,1,3,9,6,1,2,7,4,6,4,1,1,1,9,5,1,7,1,1,1
C_full_trust,137,3,2.063223123550415,0.07962366938591003,1.6931660836346205,38.60680389404297,1.1275204420089722,1,1,4,3,9,1,1,6,3,9,1,8,3,1,5,8,9,1,1,1,5,9,7,7,1,1,7,1,2,1,5
D_warmstart,271,2,2.331357717514038,0.06949691474437714,1.6946379261377278,31.410924911499023,1.1260383129119873,4,1,5,4,4,6,1,3,1,8,5,1,1,6,6,1,4,4,6,5,4,1,1,1,2,3,1,1,6,1,1
A_baseline,137,3,4.193184852600098,0.10441495478153229,1.6882049642164727,22.516559600830078,1.1209452152252197,5,1,1,1,1,4,1,6,1,5,1,1,1,1,1,1,3,1,1,1,1,1,1,1,1,1,1,5,5,1,1
D_warmstart,42,2,3.7647926807403564,0.09951795637607574,1.671021798368415,25.911123275756836,1.1200965642929077,4,1,5,4,1,1,1,3,1,5,1,1,1,3,1,1,7,1,1,8,5,1,1,1,5,4,1,1,1,1,1
D_warmstart,271,3,2.538560390472412,0.08223998546600342,1.7070175873601512,28.498342514038086,1.116594910621643,1,1,2,7,5,3,1,1,1,1,3,1,1,2,1,1,9,3,7,1,3,1,1,1,1,4,1,1,1,1,1
B_quantum,137,2,2.7595648765563965,0.09328177571296692,2.1415128253700155,36.263267517089844,1.113637089729309,9,1,6,5,5,9,1,8,1,3,7,1,7,9,1,1,1,4,3,9,8,1,1,1,1,9,1,8,1,1,1
A_baseline,137,2,2.145484209060669,0.07784310728311539,1.693519910712289,30.005813598632812,1.1117753982543945,2,1,1,8,1,7,1,1,1,4,3,1,4,3,6,1,3,6,4,4,1,1,1,1,1,1,1,6,2,1,1
A_baseline,137,1,3.198241949081421,0.09069466590881348,1.6986961595053849,27.678834915161133,1.1066209077835083,2,1,5,1,1,1,1,1,1,1,1,1,6,5,9,1,1,4,6,3,1,1,1,1,4,5,1,2,5,1,1
B_quantum,137,3,3.448193073272705,0.09731896966695786,2.125885561412913,35.03794860839844,1.1023324728012085,5,1,3,9,1,9,1,7,1,6,1,1,1,2,7,1,1,8,9,7,5,1,1,1,3,8,1,2,1,1,1
F_cycle_fitness,271,2,2.6177172660827637,0.07937054336071014,1.712209633588755,30.62673568725586,1.102218508720398,4,1,1,5,3,4,1,1,1,6,9,1,3,8,5,1,4,5,1,1,5,1,1,1,5,7,1,6,4,1,1
A_baseline,271,3,3.6220364570617676,0.09773851931095123,1.7318923663245391,27.368213653564453,1.1021989583969116,1,1,1,1,1,1,1,1,1,5,3,1,9,5,8,1,4,1,9,3,3,1,1,1,3,5,1,1,6,1,1
B_quantum,137,1,2.0355019569396973,0.10005878657102585,2.1253783346720634,35.99031066894531,1.092245101928711,6,1,1,1,9,9,1,3,1,9,8,1,3,6,7,1,9,9,3,5,1,1,1,1,6,8,1,8,1,1,1
B_quantum,137,2,3.4092586040496826,0.10676101595163345,2.1415128253700155,33.04878234863281,1.0889983177185059,6,1,2,1,2,6,1,9,1,1,4,1,3,7,1,1,3,1,4,4,2,1,1,1,6,7,1,3,2,1,1
A_baseline,42,1,2.5851972103118896,0.0845298022031784,1.718658390426175,29.381032943725586,1.082310438156128,6,1,1,1,7,1,1,4,1,7,1,1,4,5,5,1,4,2,1,4,9,1,1,1,6,1,1,4,1,1,1
F_cycle_fitness,137,3,2.395425319671631,0.0880570188164711,1.7203242643138337,28.476957321166992,1.0773918628692627,5,1,9,9,8,1,1,5,1,4,1,1,5,4,1,1,1,1,4,9,4,1,1,1,1,4,1,4,1,1,1
D_warmstart,271,3,2.334711790084839,0.08443467319011688,1.7070175873601512,27.582094192504883,1.075181245803833,5,1,4,4,8,1,1,9,1,3,1,1,6,6,1,1,1,1,1,1,5,1,1,1,4,5,1,4,3,1,1
A_baseline,42,1,3.3023407459259033,0.07932437211275101,1.718658390426175,30.550395965576172,1.0714608430862427,1,1,3,3,1,4,1,9,1,5,3,1,2,1,1,1,8,4,4,2,4,1,1,1,3,8,1,4,1,1,1
D_warmstart,271,3,2.249988555908203,0.0901668444275856,1.7070175873601512,25.704946517944336,1.070238709449768,3,1,1,1,1,1,1,1,1,1,1,1,4,3,1,1,4,3,1,8,6,1,1,1,8,3,1,6,4,1,1
F_cycle_fitness,42,1,3.1410787105560303,0.09189905226230621,1.6971515090836724,27.73796844482422,1.06475031375885,5,1,8,1,4,1,1,3,1,7,4,1,3,1,1,1,1,1,4,5,3,1,1,1,4,3,1,4,1,1,1
B_quantum,271,2,2.436485528945923,0.08900579810142517,2.1015302831172304,37.46015167236328,1.0643161535263062,9,1,6,8,4,6,1,2,1,2,8,1,1,4,4,1,4,2,1,2,9,1,1,1,8,8,1,5,5,1,1
F_cycle_fitness,137,2,2.8842310905456543,0.09807892143726349,1.6850608522610226,26.387157440185547,1.0639913082122803,5,1,1,1,4,6,1,8,1,1,4,1,3,5,6,1,1,8,5,1,1,1,1,1,1,3,1,4,1,1,1
A_baseline,271,2,2.4078800678253174,0.08025375008583069,1.7051794436027286,28.90745735168457,1.05955970287323,7,1,7,8,6,5,1,5,1,1,1,1,7,3,3,1,1,6,1,4,4,1,1,1,4,1,1,1,1,1,1
C_full_trust,137,3,3.3774466514587402,0.08910752832889557,1.6931660836346205,35.259521484375,1.057004451751709,5,2,1,1,3,5,2,5,3,1,2,1,3,8,1,1,3,1,4,7,4,1,5,1,1,1,1,5,8,7,5
A_baseline,137,3,4.240159511566162,0.0926961749792099,1.6882049642164727,25.583778381347656,1.0544387102127075,1,1,5,3,3,4,1,6,1,5,3,1,1,1,1,1,1,1,4,1,1,1,1,1,4,3,1,2,1,1,1
D_warmstart,137,1,3.5725059509277344,0.10138526558876038,1.727322541073141,25.14716911315918,1.0521910190582275,1,1,1,1,1,5,1,1,1,5,2,1,4,1,1,1,1,1,3,8,3,1,1,1,1,4,1,3,3,1,1
F_cycle_fitness,271,2,2.3075807094573975,0.08291816711425781,1.712209633588755,29.53545379638672,1.051567554473877,1,1,1,4,8,4,1,1,1,1,9,1,3,8,5,1,8,3,3,3,1,1,1,1,5,1,1,8,1,1,1
C_full_trust,271,1,2.9272918701171875,0.09262179583311081,1.6965083989669192,35.1201286315918,1.0488982200622559,4,5,1,1,1,1,4,2,1,3,7,1,4,3,3,6,1,4,6,5,5,1,5,8,1,4,3,6,1,8,3
D_warmstart,137,2,3.1295485496520996,0.10099417716264725,1.7159970132980593,25.34205436706543,1.0441744327545166,3,1,5,2,1,4,1,3,1,1,1,1,1,5,5,1,3,3,1,3,3,1,1,1,1,4,1,1,1,1,1
D_warmstart,42,3,2.925062894821167,0.08845270425081253,1.643370518929351,26.0960750579834,1.0402908325195312,1,1,5,1,3,5,1,5,1,3,1,1,1,1,3,1,3,4,6,6,2,1,1,1,1,4,1,1,1,1,1
B_quantum,271,2,3.543989658355713,0.10475639998912811,2.1015302831172304,33.295555114746094,1.0380908250808716,5,1,6,2,8,3,1,5,1,3,2,1,7,3,4,1,1,1,3,5,6,1,1,1,9,3,1,3,3,1,1
F_cycle_fitness,271,1,2.3679134845733643,0.08822216093540192,1.7170714020560198,26.876943588256836,1.0366740226745605,1,1,1,1,3,4,1,1,1,2,7,1,3,5,1,1,4,5,1,1,4,1,1,1,1,1,1,5,3,1,1
F_cycle_fitness,42,2,2.2359468936920166,0.09499877691268921,1.6441194980710725,25.30094337463379,1.03629469871521,1,1,1,1,4,5,1,1,1,1,3,1,1,4,4,1,1,3,7,4,1,1,1,1,3,4,1,6,6,1,1
F_cycle_fitness,42,3,2.2232766151428223,0.0958453118801117,1.6820811204366448,26.42211151123047,1.0324680805206299,1,1,4,4,8,5,1,1,1,1,7,1,4,3,3,1,3,4,3,1,4,1,1,1,4,1,1,1,1,1,1
C_full_trust,271,1,3.204145908355713,0.08408557623624802,1.6965083989669192,36.745418548583984,1.0310580730438232,1,6,6,4,1,4,7,1,3,6,1,4,2,1,1,4,3,1,3,7,3,4,1,3,5,1,5,2,2,4,1
D_warmstart,42,1,3.6099438667297363,0.0943424180150032,1.6835588247166946,26.49485969543457,1.0191859006881714,1,1,2,4,4,1,1,4,1,5,4,1,7,4,1,1,6,1,1,1,1,1,1,1,5,1,1,1,4,1,1
D_warmstart,42,3,3.564969539642334,0.07944365590810776,1.643370518929351,28.36734962463379,1.015859603881836,5,1,3,4,1,1,1,4,1,2,4,1,9,1,1,1,1,7,4,1,1,1,1,1,5,3,1,5,4,1,1
F_cycle_fitness,137,1,3.8023879528045654,0.09022863209247589,1.6786535170218198,26.794296264648438,1.0149667263031006,3,1,1,1,4,5,1,1,1,5,3,1,4,4,4,1,1,3,1,4,7,1,1,1,9,5,1,4,1,1,1
C_full_trust,42,1,3.1152215003967285,0.08186210691928864,1.7060988414066414,38.41616439819336,1.0127460956573486,3,3,5,5,4,1,8,1,7,1,9,4,6,2,1,5,1,9,1,1,3,6,4,7,5,1,4,4,4,5,8
B_quantum,271,1,2.2245826721191406,0.08077496290206909,2.1263770131229864,37.69125747680664,1.0118646621704102,8,1,6,3,4,3,1,6,1,9,7,1,9,4,7,1,2,7,7,5,3,1,1,1,3,1,1,6,4,1,1
B_quantum,137,2,2.654143810272217,0.09770295768976212,2.1415128253700155,34.71227264404297,1.0115183591842651,2,1,5,2,8,6,1,2,1,1,1,1,5,4,7,1,1,6,5,8,8,1,1,1,8,7,1,5,6,1,1
C_full_trust,42,1,2.749281167984009,0.07865472882986069,1.7060988414066414,39.10289001464844,1.0081937313079834,4,1,4,5,1,1,4,4,7,5,1,8,5,5,4,7,2,4,3,3,3,9,4,9,4,3,4,5,3,1,6
A_baseline,137,3,2.0697715282440186,0.07412860542535782,1.6882049642164727,30.757389068603516,1.007359266281128,4,1,9,3,6,4,1,1,1,1,3,1,3,1,5,1,4,5,9,3,5,1,1,1,8,4,1,2,5,1,1
B_quantum,137,2,3.234868288040161,0.09036172926425934,2.1415128253700155,36.35469436645508,1.0044331550598145,6,1,5,7,1,2,1,3,1,1,7,1,2,8,1,1,4,7,7,2,2,1,1,1,2,6,1,2,1,1,1
A_baseline,42,2,2.485351324081421,0.09247097373008728,1.667806176480219,28.032609939575195,1.0025629997253418,1,1,3,3,1,3,1,4,1,6,4,1,3,8,3,1,1,1,4,5,6,1,1,1,3,1,1,5,1,1,1
A_baseline,137,2,2.866795301437378,0.08442820608615875,1.693519910712289,27.4700984954834,0.9957625269889832,5,1,2,4,4,1,1,3,1,1,1,1,5,4,4,1,8,1,5,9,1,1,1,1,4,4,1,1,1,1,1
A_baseline,42,3,3.0891342163085938,0.07421185076236725,1.6477796934161912,31.145803451538086,0.9944325685501099,3,1,6,3,1,3,1,3,1,6,6,1,5,7,4,1,6,1,3,1,6,1,1,1,3,3,1,3,1,1,1
B_quantum,137,2,4.05565881729126,0.0875287726521492,2.1415128253700155,36.94809341430664,0.9940482378005981,5,1,1,6,6,7,1,9,1,6,8,1,8,8,6,1,8,3,4,9,7,1,1,1,3,3,1,4,4,1,1
B_quantum,271,1,2.332930564880371,0.0898435041308403,2.1263770131229864,34.884273529052734,0.9922713041305542,1,1,1,4,3,7,1,7,1,6,3,1,4,6,7,1,7,3,2,5,7,1,1,1,9,4,1,8,4,1,1
D_warmstart,137,1,3.0835843086242676,0.08534630388021469,1.727322541073141,28.457767486572266,0.9911437034606934,4,1,5,5,1,1,1,5,1,4,5,1,1,3,4,1,6,1,4,5,5,1,1,1,1,1,1,8,7,1,1
D_warmstart,137,1,2.160646915435791,0.08769645541906357,1.727322541073141,27.928224563598633,0.9902264475822449,4,1,5,1,1,1,1,1,1,4,4,1,1,3,1,1,1,1,4,5,2,1,1,1,6,8,1,7,7,1,1
F_cycle_fitness,42,1,2.2951905727386475,0.08990465104579926,1.6971515090836724,27.789838790893555,0.9848780632019043,1,1,1,1,1,8,1,5,1,2,3,1,6,5,1,1,4,5,4,3,4,1,1,1,1,1,1,5,4,1,1
A_baseline,42,2,2.3994784355163574,0.09920002520084381,1.667806176480219,26.196182250976562,0.981159508228302,1,1,1,3,4,5,1,1,1,1,3,1,9,4,4,1,1,1,1,4,7,1,1,1,3,4,1,4,6,1,1
D_warmstart,137,2,2.5688931941986084,0.07719846069812775,1.7159970132980593,31.14616584777832,0.9795830249786377,4,1,5,2,1,4,1,1,1,9,4,1,1,4,4,1,4,8,3,5,9,1,1,1,7,3,1,4,1,1,1
F_cycle_fitness,271,3,3.4877307415008545,0.08070117980241776,1.7115776812973391,29.858379364013672,0.9784361124038696,3,1,5,1,2,1,1,1,1,5,2,1,5,1,8,1,6,1,3,7,4,1,1,1,2,4,1,1,1,1,1
D_warmstart,137,1,2.081516742706299,0.07444503903388977,1.727322541073141,30.837047576904297,0.9783080816268921,1,1,2,1,1,5,1,7,1,7,4,1,8,2,1,1,1,6,1,5,4,1,1,1,6,7,1,1,1,1,1
C_full_trust,271,2,3.4410057067871094,0.10472719371318817,1.7246089000711857,31.62253761291504,0.9762324094772339,1,1,6,7,6,1,1,1,1,5,5,3,7,3,1,1,1,1,1,5,3,8,1,5,4,4,7,1,1,1,5
D_warmstart,271,3,3.108151435852051,0.07695207744836807,1.7070175873601512,29.496585845947266,0.9744222164154053,4,1,5,5,4,6,1,1,1,1,5,1,5,1,6,1,1,9,6,1,5,1,1,1,2,3,1,6,8,1,1
F_cycle_fitness,271,2,2.6004443168640137,0.09026315808296204,1.712209633588755,27.41248893737793,0.9733548164367676,1,1,1,1,1,4,1,9,1,1,4,1,1,8,9,1,7,4,4,1,1,1,1,1,1,7,1,4,5,1,1
F_cycle_fitness,137,2,2.532346487045288,0.10614844411611557,1.6850608522610226,23.916175842285156,0.9727046489715576,5,1,1,1,4,1,1,1,1,1,1,1,5,4,3,1,1,1,2,1,3,1,1,1,4,4,1,5,4,1,1
F_cycle_fitness,42,3,3.0503759384155273,0.07621689885854721,1.6820811204366448,30.908388137817383,0.9710752367973328,1,1,5,6,1,1,1,1,1,7,2,1,6,4,4,1,4,5,4,7,6,1,1,1,1,5,1,5,5,1,1
B_quantum,271,2,2.417677879333496,0.09427805244922638,2.1015302831172304,35.577476501464844,0.9700608253479004,5,1,2,3,5,6,1,5,1,7,3,1,2,2,7,1,1,6,5,2,3,1,1,1,4,6,1,5,4,1,1
F_cycle_fitness,271,1,3.4542107582092285,0.09521467983722687,1.7170714020560198,24.523767471313477,0.9646666646003723,5,1,1,1,1,8,1,1,1,1,5,1,1,3,4,1,4,4,1,1,1,1,1,1,3,6,1,6,1,1,1
C_full_trust,271,3,3.448194980621338,0.09424836933612823,1.7136953953166596,36.39059829711914,0.9642652273178101,4,5,5,6,4,5,1,4,3,7,4,1,1,2,5,1,1,6,4,1,8,4,1,2,6,1,1,9,5,3,1
F_cycle_fitness,271,3,3.995239734649658,0.10364934802055359,1.7115776812973391,24.836462020874023,0.9605079293251038,5,1,1,1,5,1,1,1,1,6,1,1,3,4,1,1,1,1,3,1,1,1,1,1,3,7,1,4,3,1,1
C_full_trust,271,2,4.2363409996032715,0.08544343709945679,1.7246089000711857,36.99037170410156,0.9569927453994751,5,4,6,1,6,1,1,3,5,5,4,4,5,3,1,1,4,8,9,1,1,3,6,2,2,3,8,1,4,5,5
A_baseline,42,1,3.0742764472961426,0.07253271341323853,1.718658390426175,31.54343605041504,0.9523721933364868,6,1,6,3,3,3,1,1,1,1,8,1,1,9,1,1,2,3,3,5,1,1,1,1,7,4,1,2,4,1,1
D_warmstart,137,2,2.465480089187622,0.08512526005506516,1.7159970132980593,28.93323516845703,0.9512145519256592,2,1,1,6,4,3,1,5,1,4,5,1,4,5,5,1,3,6,5,4,1,1,1,1,1,1,1,3,6,1,1
F_cycle_fitness,271,3,2.466600179672241,0.08825326710939407,1.7115776812973391,28.081125259399414,0.9496785998344421,1,1,1,3,3,4,1,3,1,8,4,1,1,4,9,1,1,4,4,1,1,1,1,1,4,7,1,3,5,1,1
B_quantum,137,2,2.5443174839019775,0.08001622557640076,2.1415128253700155,38.42020797729492,0.9472936391830444,5,1,4,2,7,8,1,6,1,7,9,1,8,7,6,1,2,4,1,9,9,1,1,1,5,4,1,6,1,1,1
C_full_trust,271,3,1.9217102527618408,0.08130490779876709,1.7136953953166596,39.43742752075195,0.9453458786010742,3,7,8,4,3,1,3,3,3,9,1,1,9,6,3,1,4,1,6,5,1,1,4,1,4,7,2,7,1,5,6
F_cycle_fitness,42,2,2.3687081336975098,0.07152556627988815,1.6441194980710725,30.99697494506836,0.9405776262283325,1,1,2,6,8,1,1,4,1,9,6,1,6,5,1,1,1,1,4,6,7,1,1,1,1,4,1,1,3,1,1
B_quantum,137,1,2.383805990219116,0.09520663321018219,2.1253783346720634,36.13075637817383,0.9398196339607239,6,1,5,8,9,6,1,4,1,4,9,1,4,1,6,1,3,4,5,8,6,1,1,1,2,7,1,2,7,1,1
A_baseline,271,1,2.265458345413208,0.07157330960035324,1.7028626883948244,31.545087814331055,0.935594379901886,4,1,8,3,5,5,1,5,1,7,4,1,4,2,3,1,5,4,5,1,7,1,1,1,4,1,1,1,5,1,1
D_warmstart,137,2,2.451181650161743,0.07470260560512543,1.7159970132980593,31.51300621032715,0.9296237230300903,4,1,4,4,1,1,1,1,1,5,4,1,3,3,1,1,8,1,2,5,2,1,1,1,7,8,1,7,6,1,1
F_cycle_fitness,42,1,3.257721424102783,0.09414427727460861,1.6971515090836724,26.56460952758789,0.9222227334976196,5,1,1,1,4,3,1,5,1,7,8,1,1,1,1,1,2,1,1,5,1,1,1,1,1,1,1,4,1,1,1
B_quantum,42,2,2.1462461948394775,0.10357844084501266,2.1163700915828474,33.24037170410156,0.9204740524291992,4,1,2,6,4,1,1,8,1,1,7,1,5,8,3,1,1,3,6,2,9,1,1,1,3,4,1,1,2,1,1
D_warmstart,137,2,2.2940726280212402,0.09322642534971237,1.7159970132980593,26.637439727783203,0.9161196351051331,4,1,1,7,1,1,1,9,1,3,1,1,5,5,5,1,1,1,6,6,5,1,1,1,1,1,1,1,5,1,1
C_full_trust,137,3,2.741929531097412,0.09533566981554031,1.6931660836346205,32.34761428833008,0.9142467379570007,1,1,3,5,1,4,1,5,2,1,1,7,1,5,6,7,4,1,3,5,3,1,1,1,1,5,4,5,7,4,1
B_quantum,271,3,2.37473726272583,0.08573905378580093,2.126292706265462,38.18134689331055,0.9137344360351562,5,1,7,9,2,3,1,3,1,8,4,1,8,3,1,1,8,7,6,1,2,1,1,1,9,8,1,2,4,1,1
D_warmstart,271,3,1.9945615530014038,0.07404778897762299,1.7070175873601512,30.120729446411133,0.9115167260169983,9,1,4,1,1,8,1,1,1,3,3,1,4,5,1,1,9,4,1,5,9,1,1,1,1,6,1,9,1,1,1
C_full_trust,137,2,2.6694016456604004,0.08137163519859314,1.6963462715169906,37.39810562133789,0.909954309463501,4,9,1,5,5,6,3,1,4,4,4,6,5,5,1,4,1,3,2,8,1,4,4,5,2,5,1,9,6,5,1
F_cycle_fitness,42,2,2.2075350284576416,0.09749108552932739,1.6441194980710725,23.906780242919922,0.907872200012207,1,1,1,1,1,1,1,5,1,1,9,1,1,1,1,1,4,4,3,5,5,1,1,1,8,4,1,1,1,1,1
D_warmstart,137,1,2.0016019344329834,0.07962706685066223,1.727322541073141,29.359233856201172,0.9074610471725464,1,1,4,1,2,1,1,1,1,7,3,1,2,1,3,1,4,6,4,1,1,1,1,1,5,3,1,5,7,1,1
B_quantum,42,1,3.042158365249634,0.10457149147987366,2.1128006835293633,31.008514404296875,0.9048163890838623,2,1,5,4,5,3,1,5,1,3,1,1,8,1,5,1,1,5,2,1,8,1,1,1,9,5,1,3,6,1,1
B_quantum,271,1,2.8378496170043945,0.07432157546281815,2.1263770131229864,38.97359848022461,0.9034724831581116,9,1,1,2,6,8,1,4,1,2,8,1,7,7,7,1,6,7,4,3,8,1,1,1,8,2,1,5,1,1,1
B_quantum,137,3,3.5065150260925293,0.09715232253074646,2.125885561412913,34.04246139526367,0.9019681215286255,8,1,1,9,4,2,1,7,1,5,5,1,3,1,1,1,3,8,5,9,5,1,1,1,4,7,1,9,6,1,1
F_cycle_fitness,42,2,2.5711915493011475,0.08776095509529114,1.6441194980710725,26.443273544311523,0.8989840745925903,1,1,1,1,2,4,1,1,1,1,6,1,7,9,1,1,1,4,4,5,4,1,1,1,1,1,1,5,3,1,1
C_full_trust,42,3,3.7399489879608154,0.09408115595579147,1.6423641787046575,34.48396682739258,0.8955273032188416,1,8,3,3,1,5,1,1,5,5,1,4,2,5,1,5,2,1,4,2,1,1,3,3,3,3,4,1,1,6,1
F_cycle_fitness,42,2,3.248434543609619,0.08281036466360092,1.6441194980710725,27.730670928955078,0.8939098715782166,5,1,2,1,8,3,1,4,1,1,3,1,1,1,1,1,5,9,1,5,3,1,1,1,1,1,1,5,6,1,1
F_cycle_fitness,42,3,2.5153584480285645,0.07875918596982956,1.6820811204366448,29.79716682434082,0.8920483589172363,1,1,4,5,4,6,1,3,1,6,4,1,5,4,4,1,1,1,7,9,5,1,1,1,1,4,1,4,9,1,1
B_quantum,42,2,2.1524763107299805,0.07186170667409897,2.1163700915828474,40.94266891479492,0.890931248664856,8,1,4,8,9,9,1,7,1,8,6,1,9,3,9,1,2,1,8,2,2,1,1,1,7,1,1,2,9,1,1
B_quantum,271,1,3.637953996658325,0.09091844409704208,2.1263770131229864,33.9716796875,0.8907586336135864,6,1,3,5,5,9,1,3,1,5,1,1,9,1,9,1,9,9,5,1,2,1,1,1,1,6,1,9,6,1,1
D_warmstart,271,2,3.6676833629608154,0.08364090323448181,1.6946379261377278,27.37872314453125,0.8884443044662476,5,1,4,1,1,7,1,9,1,5,3,1,5,1,1,1,4,1,4,1,1,1,1,1,8,3,1,6,1,1,1
F_cycle_fitness,137,1,2.9000515937805176,0.07907524704933167,1.6786535170218198,29.050302505493164,0.8872613310813904,3,1,8,5,1,4,1,6,1,5,1,1,5,4,1,1,1,1,5,4,7,1,1,1,6,1,1,7,1,1,1
B_quantum,42,1,2.7101049423217773,0.06778644770383835,2.1128006835293633,40.09347915649414,0.88631671667099,4,1,8,8,9,3,1,7,1,6,9,1,7,7,7,1,2,3,4,7,6,1,1,1,1,6,1,6,8,1,1
C_full_trust,137,2,3.8698532581329346,0.09452370554208755,1.6963462715169906,33.50472640991211,0.8846932649612427,3,5,6,2,1,1,5,1,1,1,4,1,7,1,6,3,4,1,8,6,1,4,5,1,1,3,4,5,4,1,6
C_full_trust,271,1,4.03192663192749,0.10776643455028534,1.6965083989669192,31.124828338623047,0.8824974298477173,1,5,5,4,1,4,1,1,3,3,1,5,1,1,3,4,1,4,1,1,7,3,1,3,5,3,1,1,8,9,6
F_cycle_fitness,271,1,3.4188437461853027,0.08517100661993027,1.7170714020560198,26.89771842956543,0.8759227991104126,3,1,1,5,4,1,1,1,1,5,1,1,6,9,5,1,1,3,1,1,1,1,1,1,6,4,1,5,9,1,1
F_cycle_fitness,271,3,2.9830076694488525,0.07220347970724106,1.7115776812973391,31.120441436767578,0.8754336833953857,4,1,9,5,3,1,1,1,1,5,5,1,5,5,4,1,8,4,8,6,5,1,1,1,1,2,1,1,3,1,1
F_cycle_fitness,42,3,3.521087169647217,0.10001099854707718,1.6820811204366448,24.428401947021484,0.874610185623169,5,1,9,1,1,4,1,1,1,1,3,1,3,5,4,1,1,1,1,4,5,1,1,1,1,5,1,1,1,1,1
B_quantum,42,1,2.913865566253662,0.09035090357065201,2.1128006835293633,34.37525177001953,0.8706868886947632,3,1,6,5,6,6,1,5,1,8,5,1,5,5,5,1,1,3,8,9,4,1,1,1,5,3,1,7,6,1,1
D_warmstart,271,3,2.297333240509033,0.0699937716126442,1.7070175873601512,31.219568252563477,0.8692464232444763,6,1,1,2,3,7,1,9,1,1,3,1,5,6,1,1,4,2,4,1,3,1,1,1,8,1,1,6,6,1,1
C_full_trust,271,2,3.063307523727417,0.09415543079376221,1.7246089000711857,33.850372314453125,0.8687792420387268,1,5,1,3,7,8,4,5,1,1,9,4,4,3,4,8,1,1,1,5,1,4,1,5,4,4,5,2,5,5,1
A_baseline,137,2,3.364670991897583,0.08019059151411057,1.693519910712289,27.955671310424805,0.8667672276496887,1,1,1,8,3,4,1,6,1,5,3,1,1,8,1,1,6,1,4,1,1,1,1,1,1,3,1,2,1,1,1
F_cycle_fitness,137,2,3.1068243980407715,0.07559286057949066,1.6850608522610226,30.676664352416992,0.8664665222167969,1,1,6,1,5,4,1,1,1,3,2,1,3,3,5,1,3,9,4,4,3,1,1,1,2,1,1,3,8,1,1
A_baseline,42,1,2.389660596847534,0.07551976293325424,1.718658390426175,30.403757095336914,0.8662725687026978,4,1,1,1,3,8,1,5,1,2,3,1,9,5,8,1,4,5,4,3,4,1,1,1,1,1,1,4,4,1,1
D_warmstart,42,2,2.744811773300171,0.07310228794813156,1.671021798368415,30.72902488708496,0.8661832213401794,1,1,5,4,2,3,1,4,1,8,4,1,4,1,1,1,1,9,1,8,2,1,1,1,4,4,1,2,1,1,1
F_cycle_fitness,137,2,2.3890392780303955,0.07074589282274246,1.6850608522610226,31.842592239379883,0.8658947944641113,4,1,1,4,8,3,1,5,1,5,4,1,8,7,6,1,1,6,5,1,8,1,1,1,5,4,1,5,8,1,1
A_baseline,137,2,2.1000053882598877,0.08596418052911758,1.693519910712289,26.27484703063965,0.8614230155944824,3,1,1,1,9,4,1,1,1,3,1,1,4,1,5,1,1,4,1,7,9,1,1,1,3,1,1,1,6,1,1
A_baseline,271,2,3.4482638835906982,0.08287568390369415,1.7051794436027286,27.045827865600586,0.85781329870224,1,1,1,1,1,7,1,6,1,5,4,1,1,1,7,1,1,4,1,1,4,1,1,1,2,4,1,6,2,1,1
C_full_trust,42,1,2.0841777324676514,0.08943814784288406,1.7060988414066414,35.567684173583984,0.856582522392273,1,3,1,1,4,6,3,5,1,7,1,1,9,5,1,4,4,1,7,4,2,6,9,4,1,1,7,3,1,1,6
D_warmstart,137,3,2.1002001762390137,0.0878995731472969,1.6876217534434712,27.08163833618164,0.8555329442024231,1,1,1,4,3,3,1,1,1,7,1,1,3,4,4,1,1,1,2,2,1,1,1,1,5,3,1,4,1,1,1
C_full_trust,137,1,2.46317982673645,0.07780448347330093,1.7159029177112104,37.39928436279297,0.8554760217666626,1,2,1,1,4,7,5,4,4,9,5,1,1,1,5,8,3,3,4,6,9,4,1,4,3,1,4,1,8,2,3
B_quantum,42,2,2.0837254524230957,0.09162899851799011,2.1163700915828474,35.79703140258789,0.8554701209068298,1,1,1,9,7,1,1,1,1,9,4,1,7,9,5,1,7,7,4,8,5,1,1,1,2,1,1,9,2,1,1
F_cycle_fitness,42,2,3.2365291118621826,0.07829084247350693,1.6441194980710725,28.700223922729492,0.8531562089920044,2,1,6,1,1,4,1,1,1,1,3,1,7,5,1,1,6,1,3,9,4,1,1,1,5,5,1,4,1,1,1
D_warmstart,137,2,2.2651984691619873,0.09416414052248001,1.7159970132980593,26.013660430908203,0.8481481075286865,1,1,3,1,1,1,1,9,1,1,4,1,1,3,8,1,1,4,3,2,4,1,1,1,5,3,1,1,1,1,1
C_full_trust,271,1,2.749577760696411,0.06574299186468124,1.6965083989669192,39.4121208190918,0.8456303477287292,4,3,4,1,1,1,3,2,9,4,5,9,4,2,5,6,2,3,3,3,8,5,5,1,5,3,1,5,1,1,7
C_full_trust,42,3,3.7714123725891113,0.09186557680368423,1.6423641787046575,34.61408996582031,0.8446143865585327,1,6,3,3,3,5,3,1,6,1,5,7,1,5,5,1,8,7,4,4,1,1,4,4,4,1,5,4,1,1,7
A_baseline,42,1,3.090693950653076,0.07618945837020874,1.718658390426175,30.13285255432129,0.8439374566078186,8,1,5,2,4,5,1,5,1,7,5,1,2,1,1,1,1,1,6,1,1,1,1,1,4,1,1,2,1,1,1
D_warmstart,137,2,2.892427921295166,0.08717909455299377,1.7159970132980593,27.794593811035156,0.8429646492004395,4,1,5,6,8,1,1,3,1,7,4,1,1,1,1,1,3,1,1,4,1,1,1,1,6,1,1,6,1,1,1
B_quantum,271,1,2.112210988998413,0.07409701496362686,2.1263770131229864,38.676841735839844,0.841305673122406,9,1,8,1,4,7,1,7,1,2,3,1,6,2,1,1,3,3,8,2,9,1,1,1,8,2,1,5,7,1,1
A_baseline,137,2,2.2860026359558105,0.07146887481212616,1.693519910712289,30.297882080078125,0.8398594856262207,4,1,3,5,1,1,1,3,1,8,3,1,5,5,7,1,1,8,5,6,1,1,1,1,3,4,1,3,1,1,1
F_cycle_fitness,271,1,3.2303264141082764,0.07559026032686234,1.7170714020560198,29.416053771972656,0.8397510051727295,1,1,4,1,7,3,1,9,1,5,5,1,1,5,5,1,3,4,3,4,2,1,1,1,3,1,1,6,1,1,1
D_warmstart,271,1,2.317634105682373,0.08434119820594788,1.6786982029179507,28.318517684936523,0.8392574191093445,4,1,1,4,1,1,1,1,1,2,4,1,1,5,5,1,3,4,4,5,1,1,1,1,8,1,1,9,3,1,1
B_quantum,137,1,3.279904842376709,0.09429577738046646,2.1253783346720634,35.76522445678711,0.8391241431236267,6,1,3,6,8,1,1,5,1,6,4,1,4,7,3,1,8,7,6,3,8,1,1,1,4,5,1,9,4,1,1
D_warmstart,271,1,2.023618698120117,0.08447787165641785,1.6786982029179507,28.281888961791992,0.8379332423210144,9,1,1,1,3,1,1,6,1,9,1,1,4,1,1,1,9,4,1,7,1,1,1,1,4,1,1,6,1,1,1
B_quantum,271,2,3.6824302673339844,0.1039007306098938,2.1015302831172304,32.35409164428711,0.8352524638175964,6,1,5,5,9,5,1,5,1,1,4,1,3,6,9,1,1,7,7,9,3,1,1,1,7,8,1,1,1,1,1
B_quantum,137,2,2.7877607345581055,0.08874571323394775,2.1415128253700155,35.824642181396484,0.8340544104576111,8,1,5,1,2,3,1,9,1,6,6,1,5,5,4,1,5,2,5,1,7,1,1,1,4,9,1,7,7,1,1
F_cycle_fitness,137,1,3.145759344100952,0.09034455567598343,1.6786535170218198,25.868816375732422,0.8331019878387451,1,1,1,7,1,1,1,1,1,5,2,1,4,1,6,1,1,6,5,1,4,1,1,1,1,1,1,5,1,1,1
A_baseline,137,3,3.617628574371338,0.08876051753759384,1.6882049642164727,25.53021240234375,0.8308011293411255,6,1,5,1,9,1,1,6,1,1,5,1,5,3,1,1,1,1,3,3,1,1,1,1,1,4,1,1,5,1,1
A_baseline,42,2,3.395956039428711,0.10206333547830582,1.667806176480219,24.534976959228516,0.8306170701980591,5,1,1,1,3,1,1,4,1,1,4,1,4,6,1,1,1,6,4,3,4,1,1,1,4,3,1,1,1,1,1
F_cycle_fitness,137,1,3.4015800952911377,0.08193689584732056,1.6786535170218198,28.0310115814209,0.8305742740631104,1,1,5,1,2,5,1,2,1,1,5,1,3,9,1,1,4,1,9,3,1,1,1,1,1,4,1,3,3,1,1
B_quantum,42,2,3.459801435470581,0.09277548640966415,2.1163700915828474,35.339908599853516,0.8286505341529846,7,1,5,1,1,1,1,6,1,6,1,1,7,7,8,1,9,9,6,4,1,1,1,1,3,8,1,8,9,1,1
B_quantum,42,2,3.5992960929870605,0.0922723263502121,2.1163700915828474,35.455055236816406,0.827082633972168,5,1,5,6,7,1,1,9,1,4,1,1,1,4,5,1,8,9,9,7,4,1,1,1,8,7,1,2,2,1,1
D_warmstart,42,2,3.262425184249878,0.0860595554113388,1.671021798368415,27.547279357910156,0.826444149017334,1,1,1,6,1,1,1,1,1,6,1,1,7,3,6,1,9,1,4,1,4,1,1,1,2,1,1,3,1,1,1
D_warmstart,42,3,2.1922049522399902,0.06983112543821335,1.643370518929351,29.984874725341797,0.8258795738220215,1,1,9,7,1,1,1,4,1,1,6,1,7,5,1,1,1,5,2,5,1,1,1,1,9,1,1,7,4,1,1
A_baseline,42,3,2.509427547454834,0.08919546008110046,1.6477796934161912,25.875961303710938,0.8254042267799377,1,1,1,7,3,4,1,1,1,1,1,1,1,9,3,1,3,4,1,5,1,1,1,1,4,1,1,3,9,1,1
A_baseline,271,2,2.1210379600524902,0.07848987728357315,1.7051794436027286,28.18805503845215,0.8239545822143555,4,1,1,3,4,5,1,1,1,7,4,1,4,9,3,1,1,4,5,1,4,1,1,1,4,1,1,5,5,1,1
B_quantum,271,2,2.2293179035186768,0.08778885006904602,2.1015302831172304,36.388397216796875,0.8225781917572021,6,1,7,5,3,7,1,4,1,4,8,1,4,8,2,1,1,5,7,4,9,1,1,1,2,7,1,4,9,1,1
B_quantum,137,2,2.4850351810455322,0.08149651437997818,2.1415128253700155,37.4174919128418,0.8215702772140503,3,1,3,9,9,3,1,6,1,2,3,1,3,1,8,1,9,9,4,8,9,1,1,1,1,9,1,4,9,1,1
A_baseline,271,3,2.0547521114349365,0.08918970078229904,1.7318923663245391,27.67876434326172,0.8169699311256409,1,1,6,4,3,7,1,4,1,4,4,1,9,1,5,1,1,8,1,5,4,1,1,1,1,1,1,4,1,1,1
B_quantum,137,2,3.3178813457489014,0.07942374795675278,2.1415128253700155,37.863372802734375,0.8161900043487549,8,1,2,6,7,8,1,1,1,2,5,1,8,7,9,1,6,9,6,1,4,1,1,1,6,7,1,1,4,1,1
C_full_trust,271,3,2.4319844245910645,0.0665305107831955,1.7136953953166596,42.09090805053711,0.8136526942253113,4,4,1,1,5,7,5,7,9,9,3,4,5,9,3,4,5,5,3,4,7,7,4,7,4,8,6,1,1,1,8
D_warmstart,137,3,2.326046943664551,0.07848362624645233,1.6876217534434712,29.212427139282227,0.8106700778007507,1,1,4,4,4,6,1,6,1,2,1,1,6,3,1,1,1,1,2,4,6,1,1,1,1,3,1,5,4,1,1
C_full_trust,42,3,3.2810587882995605,0.09715931117534637,1.6423641787046575,33.09105682373047,0.8072066903114319,5,2,4,3,1,2,1,4,1,4,5,2,4,5,3,3,1,1,9,3,1,3,1,1,8,5,1,1,1,1,4
A_baseline,271,2,2.0357871055603027,0.07167470455169678,1.7051794436027286,30.135873794555664,0.8039004802703857,1,1,9,1,6,1,1,3,1,1,4,1,3,1,1,1,3,1,2,2,8,1,1,1,4,6,1,6,9,1,1
B_quantum,137,1,3.37602162361145,0.10026081651449203,2.1253783346720634,34.37214660644531,0.8020368814468384,1,1,5,1,7,3,1,8,1,2,9,1,1,9,7,1,1,2,2,4,8,1,1,1,1,4,1,4,5,1,1
C_full_trust,271,2,2.7435600757598877,0.09183360636234283,1.7246089000711857,34.02092361450195,0.8019762635231018,4,5,5,1,4,1,1,4,3,7,4,1,4,5,4,4,3,6,5,5,8,1,1,4,6,1,3,1,5,4,1
F_cycle_fitness,42,2,2.4512147903442383,0.0700964704155922,1.6441194980710725,30.58234405517578,0.8010735511779785,1,1,7,1,9,4,1,2,1,7,3,1,1,4,1,1,6,1,1,5,7,1,1,1,4,5,1,3,1,1,1
F_cycle_fitness,137,1,2.474428653717041,0.07782639563083649,1.6786535170218198,28.94598960876465,0.8004759550094604,3,1,6,1,4,1,1,2,1,7,1,1,1,1,1,1,1,7,3,3,1,1,1,1,8,1,1,5,7,1,1
B_quantum,271,3,2.2364566326141357,0.0795808732509613,2.126292706265462,38.94377517700195,0.7987565398216248,9,1,8,8,4,9,1,7,1,8,2,1,3,8,6,1,3,9,3,3,7,1,1,1,8,3,1,3,1,1,1
B_quantum,42,3,1.9265902042388916,0.0746949166059494,2.130947430274064,39.00000762939453,0.7978588342666626,9,1,2,9,4,7,1,9,1,9,7,1,2,8,1,1,7,1,5,5,1,1,1,1,2,6,1,7,4,1,1
F_cycle_fitness,271,2,3.428279161453247,0.08007892966270447,1.712209633588755,28.887720108032227,0.7949029207229614,4,1,1,1,1,1,1,1,1,5,7,1,5,4,5,1,5,4,9,2,3,1,1,1,8,5,1,1,5,1,1
B_quantum,271,2,1.9056482315063477,0.08171030879020691,2.1015302831172304,37.77308654785156,0.79377281665802,1,1,8,3,6,4,1,2,1,8,9,1,2,4,7,1,3,4,6,7,3,1,1,1,8,3,1,6,8,1,1
A_baseline,42,3,3.3271803855895996,0.09940634667873383,1.6477796934161912,22.752843856811523,0.7930548787117004,1,1,1,1,4,4,1,1,1,2,1,1,4,4,1,1,1,1,4,1,1,1,1,1,5,1,1,1,1,1,1
C_full_trust,137,1,2.2119898796081543,0.08252281695604324,1.7159029177112104,35.88921356201172,0.7925589084625244,1,1,3,4,1,1,4,4,2,3,8,7,1,5,5,7,1,1,3,1,1,7,1,3,3,7,5,1,7,4,5
A_baseline,137,3,2.2750203609466553,0.07751849293708801,1.6882049642164727,28.610065460205078,0.79252690076828,6,1,1,4,6,3,1,4,1,1,4,1,2,6,8,1,4,3,1,1,2,1,1,1,3,3,1,1,1,1,1
A_baseline,42,3,2.4247164726257324,0.07664003223180771,1.6477796934161912,29.299467086791992,0.791439950466156,8,1,2,1,3,9,1,1,1,1,1,1,7,4,5,1,1,1,6,1,4,1,1,1,2,3,1,5,6,1,1
A_baseline,42,1,2.9326488971710205,0.07799606025218964,1.718658390426175,29.41980743408203,0.7871838808059692,4,1,6,1,3,3,1,1,1,2,8,1,5,1,9,1,4,1,4,3,4,1,1,1,5,1,1,1,4,1,1
A_baseline,42,3,2.1595559120178223,0.08445782214403152,1.6477796934161912,26.999300003051758,0.7827743887901306,1,1,1,4,1,3,1,9,1,4,4,1,4,5,2,1,1,4,1,4,2,1,1,1,3,1,1,4,1,1,1
F_cycle_fitness,42,2,2.799227476119995,0.08091672509908676,1.6441194980710725,27.593896865844727,0.781502366065979,5,1,3,3,3,1,1,9,1,1,4,1,4,5,3,1,5,1,7,3,4,1,1,1,1,1,1,5,1,1,1
F_cycle_fitness,271,1,2.34515380859375,0.07892037183046341,1.7170714020560198,28.15833282470703,0.7792795300483704,1,1,2,1,1,4,1,9,1,1,4,1,1,8,9,1,7,1,4,1,1,1,1,1,1,1,1,5,6,1,1
F_cycle_fitness,271,1,3.9432766437530518,0.09191883355379105,1.7170714020560198,24.473421096801758,0.7771198749542236,1,1,5,1,6,5,1,1,1,5,1,1,3,1,1,1,3,1,5,1,5,1,1,1,3,4,1,1,3,1,1
C_full_trust,271,2,2.7346818447113037,0.08740857988595963,1.7246089000711857,35.09418869018555,0.7760790586471558,1,1,4,6,8,7,3,1,1,5,1,1,3,5,1,4,4,5,8,1,9,3,9,3,1,5,8,4,1,3,4
B_quantum,42,2,2.061367988586426,0.07078739255666733,2.1163700915828474,40.47052764892578,0.7755365371704102,7,1,8,3,8,2,1,2,1,8,3,1,2,2,2,1,1,8,1,7,4,1,1,1,8,8,1,8,2,1,1
D_warmstart,271,1,2.229656934738159,0.09303846955299377,1.6786982029179507,26.07737159729004,0.7727295160293579,1,1,4,3,4,1,1,1,1,7,5,1,1,4,4,1,4,3,1,1,1,1,1,1,5,1,1,4,3,1,1
A_baseline,137,2,3.407588243484497,0.09385345876216888,1.693519910712289,23.50199317932129,0.7695284485816956,5,1,5,1,4,4,1,4,1,1,1,1,5,1,3,1,1,1,2,1,3,1,1,1,4,1,1,1,1,1,1
C_full_trust,42,2,4.078671455383301,0.10323780030012131,1.6793703953295855,34.305850982666016,0.7668883204460144,1,6,1,1,4,1,5,5,2,7,1,1,9,3,1,1,7,1,2,4,3,1,6,4,1,1,4,1,1,1,6
C_full_trust,137,2,2.9456369876861572,0.08950553089380264,1.6963462715169906,34.071109771728516,0.7664322257041931,5,9,2,7,4,3,5,5,1,1,5,3,3,6,3,1,4,3,1,6,1,1,1,1,1,3,1,5,1,5,6
B_quantum,42,3,2.2427148818969727,0.07847607135772705,2.130947430274064,37.73005294799805,0.7652045488357544,2,1,7,6,9,3,1,3,1,1,3,1,2,5,8,1,8,7,9,1,9,1,1,1,1,2,1,7,8,1,1
A_baseline,137,3,2.210219144821167,0.08516810089349747,1.6882049642164727,26.22453498840332,0.7647275924682617,1,1,1,1,5,9,1,4,1,1,4,1,3,4,5,1,8,9,1,6,1,1,1,1,1,3,1,1,1,1,1
A_baseline,271,3,2.842695474624634,0.08066031336784363,1.7318923663245391,29.218215942382812,0.76100754737854,7,1,5,1,6,1,1,3,1,6,4,1,5,4,1,1,4,5,1,5,8,1,1,1,1,4,1,1,9,1,1
A_baseline,137,3,3.0586273670196533,0.07870867848396301,1.6882049642164727,28.09185791015625,0.760886013507843,1,1,3,4,1,6,1,5,1,5,1,1,7,6,4,1,1,7,5,1,1,1,1,1,3,5,1,4,5,1,1
C_full_trust,271,1,3.0765278339385986,0.0972316563129425,1.6965083989669192,32.57072830200195,0.7607370018959045,4,1,1,4,3,8,5,6,6,1,1,3,3,1,9,8,1,4,1,1,3,4,4,4,1,6,5,1,6,4,1
F_cycle_fitness,137,3,2.237841844558716,0.09510443359613419,1.7203242643138337,25.37080955505371,0.7590997219085693,1,1,1,1,4,3,1,3,1,7,4,1,1,3,1,1,1,1,3,3,4,1,1,1,5,1,1,3,1,1,1
B_quantum,271,1,2.474857807159424,0.08171509951353073,2.1263770131229864,35.92678451538086,0.7577864527702332,8,1,4,8,1,1,1,4,1,2,7,1,3,9,3,1,9,3,1,1,8,1,1,1,1,6,1,2,2,1,1
A_baseline,42,3,2.9215264320373535,0.08094501495361328,1.6477796934161912,27.860679626464844,0.7562019228935242,1,1,3,3,3,9,1,8,1,6,1,1,1,4,3,1,1,1,3,5,6,1,1,1,3,1,1,3,1,1,1
A_baseline,42,3,2.7422256469726562,0.08080284297466278,1.6477796934161912,27.89763641357422,0.7554970979690552,2,1,3,1,3,1,1,1,1,1,2,1,8,1,6,1,4,1,3,6,6,1,1,1,1,3,1,1,1,1,1
F_cycle_fitness,137,3,2.7942891120910645,0.07255285233259201,1.7203242643138337,30.317405700683594,0.7517063617706299,1,1,6,4,6,1,1,3,1,3,5,1,8,2,1,1,5,4,4,1,7,1,1,1,1,1,1,3,8,1,1
A_baseline,42,2,2.698986530303955,0.09116741269826889,1.667806176480219,26.797006607055664,0.7508791089057922,3,1,6,3,1,1,1,5,1,1,1,1,4,5,1,1,3,4,1,7,4,1,1,1,2,5,1,1,5,1,1
A_baseline,42,2,3.4192612171173096,0.09059415757656097,1.667806176480219,26.903078079223633,0.7446039915084839,3,1,5,1,3,4,1,1,1,2,1,1,5,4,4,1,4,1,3,5,1,1,1,1,5,1,1,3,1,1,1
C_full_trust,271,2,4.085740566253662,0.1006850078701973,1.7246089000711857,31.05080795288086,0.7421889305114746,1,2,5,6,3,1,5,3,1,1,4,4,4,1,1,4,1,1,4,3,4,1,4,5,4,3,3,1,4,3,3
A_baseline,137,2,2.777160167694092,0.07997159659862518,1.693519910712289,27.293272018432617,0.7379503846168518,1,1,5,9,1,8,1,1,1,1,4,1,3,5,5,1,7,1,4,1,1,1,1,1,5,1,1,6,4,1,1
D_warmstart,42,3,2.2207419872283936,0.08404900878667831,1.643370518929351,25.769594192504883,0.7361358404159546,3,1,3,7,1,6,1,1,1,1,4,1,1,4,4,1,4,1,4,1,5,1,1,1,5,4,1,4,1,1,1
B_quantum,137,1,2.0832560062408447,0.08854281902313232,2.1253783346720634,36.35377883911133,0.7360259890556335,4,1,8,8,6,4,1,2,1,1,9,1,8,9,6,1,2,8,1,5,9,1,1,1,1,1,1,3,8,1,1
F_cycle_fitness,271,1,2.910288095474243,0.07550376653671265,1.7170714020560198,28.893465042114258,0.7352561950683594,3,1,5,5,4,4,1,1,1,1,9,1,3,5,4,1,4,8,1,1,3,1,1,1,4,3,1,2,1,1,1
D_warmstart,271,3,2.065490245819092,0.07772001624107361,1.7070175873601512,28.04623031616211,0.7339061498641968,4,1,9,1,1,7,1,9,1,1,4,1,3,1,3,1,4,1,2,5,5,1,1,1,5,1,1,5,1,1,1
F_cycle_fitness,137,3,1.9120162725448608,0.07563650608062744,1.7203242643138337,29.543926239013672,0.7327674627304077,7,1,3,4,1,4,1,1,1,3,3,1,5,5,1,1,1,8,9,6,3,1,1,1,5,1,1,6,1,1,1
B_quantum,137,1,2.6251463890075684,0.08280446380376816,2.1253783346720634,37.45859146118164,0.7284201383590698,8,1,6,3,7,5,1,7,1,8,5,1,8,3,3,1,9,4,4,7,8,1,1,1,7,7,1,1,4,1,1
A_baseline,137,2,2.973858118057251,0.07102765142917633,1.693519910712289,29.79210090637207,0.7275806665420532,1,1,1,4,8,3,1,5,1,5,2,1,4,7,5,1,1,6,5,1,4,1,1,1,5,1,1,5,8,1,1
F_cycle_fitness,137,3,2.327064275741577,0.07726826518774033,1.7203242643138337,29.15410804748535,0.7267482280731201,3,1,6,3,6,3,1,1,1,1,2,1,5,8,1,1,1,3,5,1,1,1,1,1,2,8,1,4,1,1,1
B_quantum,271,1,3.0956192016601562,0.07667054235935211,2.1263770131229864,37.238243103027344,0.7259246110916138,1,1,2,6,6,3,1,9,1,6,5,1,4,5,7,1,4,2,5,2,3,1,1,1,9,7,1,9,9,1,1
F_cycle_fitness,271,1,2.633284091949463,0.07486489415168762,1.7170714020560198,29.016300201416016,0.7242300510406494,3,1,1,1,6,5,1,4,1,3,1,1,2,1,7,1,4,6,1,1,1,1,1,1,9,8,1,4,7,1,1
B_quantum,42,2,3.5609920024871826,0.09481032937765121,2.1163700915828474,34.155250549316406,0.7227889895439148,5,1,1,3,4,7,1,1,1,6,2,1,1,8,3,1,2,7,1,4,5,1,1,1,2,7,1,9,5,1,1
B_quantum,42,3,2.1363637447357178,0.0767357274889946,2.130947430274064,37.96900939941406,0.7207654714584351,2,1,9,9,2,8,1,5,1,9,6,1,4,7,3,1,8,1,6,4,1,1,1,1,6,5,1,8,6,1,1
F_cycle_fitness,42,1,4.152624130249023,0.09243080019950867,1.6971515090836724,25.9703369140625,0.7204179763793945,3,1,5,1,6,4,1,1,1,5,1,1,4,6,4,1,4,3,1,1,4,1,1,1,1,1,1,3,4,1,1
F_cycle_fitness,42,3,2.193650722503662,0.08519405126571655,1.6820811204366448,27.14763641357422,0.7187825441360474,2,1,3,4,3,8,1,5,1,1,1,1,6,5,1,1,1,4,1,1,4,1,1,1,1,8,1,1,2,1,1
C_full_trust,42,2,2.869961977005005,0.06628764420747757,1.6793703953295855,41.049190521240234,0.7183858752250671,9,2,5,1,2,1,2,7,1,7,4,5,6,4,3,1,5,3,4,5,1,9,1,7,4,9,8,5,4,1,1
C_full_trust,42,3,2.4599292278289795,0.07869522273540497,1.6423641787046575,36.7178955078125,0.7165275812149048,6,8,1,5,5,5,5,5,9,4,1,1,4,3,4,4,5,4,3,6,4,1,4,5,5,1,5,5,1,3,8
C_full_trust,137,3,2.7338199615478516,0.06450098007917404,1.6931660836346205,40.070518493652344,0.7164744734764099,9,9,5,4,5,8,4,1,5,7,1,1,3,1,5,3,4,1,1,7,1,8,8,5,1,5,5,6,1,7,8
D_warmstart,271,3,2.9395668506622314,0.07711657881736755,1.7070175873601512,28.141746520996094,0.7140007019042969,7,1,3,1,1,3,1,4,1,6,9,1,4,3,5,1,6,3,1,1,1,1,1,1,1,1,1,1,5,1,1
B_quantum,137,3,2.759176015853882,0.0764789879322052,2.125885561412913,37.84401321411133,0.7117722034454346,5,1,8,4,1,4,1,9,1,8,1,1,4,6,9,1,2,7,6,8,9,1,1,1,5,5,1,9,2,1,1
A_baseline,271,3,2.6214957237243652,0.08082395046949387,1.7318923663245391,28.9173641204834,0.7116357088088989,4,1,6,1,5,1,1,5,1,8,4,1,9,1,1,1,1,4,3,3,4,1,1,1,7,2,1,1,1,1,1
D_warmstart,42,2,2.6198086738586426,0.07813865691423416,1.671021798368415,28.79546546936035,0.7108672857284546,5,1,4,5,1,5,1,4,1,8,1,1,8,4,4,1,4,1,6,1,5,1,1,1,5,3,1,4,1,1,1
F_cycle_fitness,42,3,3.2465336322784424,0.08675087988376617,1.6820811204366448,26.711774826049805,0.7105216383934021,1,1,1,5,4,4,1,1,1,2,1,1,5,1,3,1,1,1,4,3,5,1,1,1,2,3,1,1,6,1,1
C_full_trust,271,3,2.191962957382202,0.0746307373046875,1.7136953953166596,39.31608963012695,0.7095555663108826,2,1,3,5,1,5,6,3,1,3,8,4,9,5,4,4,9,3,4,4,5,3,8,5,9,1,5,5,9,1,3
C_full_trust,42,2,2.0913658142089844,0.0902528241276741,1.6793703953295855,36.34593963623047,0.7063363194465637,3,4,5,3,4,3,1,1,7,4,9,1,6,2,1,1,1,3,1,3,5,1,4,7,5,1,4,4,9,4,8
C_full_trust,137,2,2.13744854927063,0.06321421265602112,1.6963462715169906,41.02886962890625,0.7021012902259827,4,9,5,4,5,8,1,1,4,7,1,1,3,1,5,1,8,8,3,7,1,8,8,5,3,5,1,2,1,7,2
C_full_trust,271,3,3.04459285736084,0.08258720487356186,1.7136953953166596,37.29478454589844,0.701366662979126,1,3,6,2,9,4,1,3,1,5,3,1,4,6,4,1,1,5,9,5,2,3,9,6,1,1,5,4,8,1,4
A_baseline,42,1,2.377915859222412,0.07705298066139221,1.718658390426175,29.17878532409668,0.6960017085075378,5,1,2,3,4,3,1,4,1,9,4,1,2,1,1,1,1,1,1,6,3,1,1,1,1,4,1,5,1,1,1
B_quantum,137,2,2.1554415225982666,0.07376804202795029,2.1415128253700155,38.514808654785156,0.6944944858551025,3,1,7,9,2,9,1,1,1,3,6,1,9,6,2,1,2,3,7,8,3,1,1,1,9,5,1,3,2,1,1
F_cycle_fitness,42,3,2.1654791831970215,0.06984102725982666,1.6820811204366448,30.775903701782227,0.6903142333030701,3,1,7,3,9,1,1,5,1,1,3,1,6,6,1,1,6,2,1,1,1,1,1,1,9,4,1,9,1,1,1
B_quantum,137,1,4.107761859893799,0.1188993901014328,2.1253783346720634,30.03285026550293,0.6886478662490845,5,1,5,1,1,1,1,3,1,3,4,1,1,8,6,1,1,1,8,3,8,1,1,1,3,6,1,3,9,1,1
F_cycle_fitness,271,2,2.3331942558288574,0.091342493891716,1.712209633588755,25.697397232055664,0.6877123117446899,1,1,1,5,1,1,1,3,1,3,7,1,4,1,1,1,3,1,1,1,3,1,1,1,2,5,1,1,6,1,1
D_warmstart,137,2,1.9312388896942139,0.06844770163297653,1.7159970132980593,31.749820709228516,0.6825894117355347,4,1,4,4,7,4,1,1,1,2,3,1,6,3,1,1,9,3,2,5,4,1,1,1,5,3,1,1,3,1,1
A_baseline,42,2,2.3703677654266357,0.10292056947946548,1.667806176480219,23.382282257080078,0.6801906228065491,1,1,4,3,1,3,1,1,1,1,1,1,1,3,1,1,4,4,4,1,1,1,1,1,3,5,1,3,4,1,1
F_cycle_fitness,42,1,2.9554829597473145,0.07895290851593018,1.6971515090836724,28.685144424438477,0.6735496520996094,4,1,6,1,1,6,1,1,1,2,8,1,5,4,9,1,4,1,4,1,1,1,1,1,5,1,1,1,3,1,1
F_cycle_fitness,42,1,2.1725783348083496,0.08359462022781372,1.6971515090836724,27.66056251525879,0.6710076928138733,2,1,4,1,5,6,1,2,1,4,1,1,1,4,1,1,4,3,4,5,3,1,1,1,6,1,1,3,1,1,1
C_full_trust,137,2,2.467890977859497,0.0935799852013588,1.6963462715169906,32.23396682739258,0.6708029508590698,1,7,1,1,4,8,2,5,5,4,3,1,3,5,1,1,1,1,6,1,1,1,4,1,5,1,5,7,4,5,1
D_warmstart,271,3,2.9940693378448486,0.07158975303173065,1.7070175873601512,29.69281578063965,0.6669825911521912,1,1,4,1,9,4,1,1,1,2,5,1,3,1,1,1,5,3,6,7,1,1,1,1,5,5,1,3,6,1,1
B_quantum,42,3,3.2342185974121094,0.08429346978664398,2.130947430274064,35.49724578857422,0.666959822177887,8,1,7,1,2,1,1,1,1,5,3,1,8,8,8,1,3,1,4,8,2,1,1,1,4,8,1,9,3,1,1
D_warmstart,271,2,2.3470168113708496,0.07847707718610764,1.6946379261377278,27.568811416625977,0.6657961010932922,9,1,4,1,1,1,1,5,1,4,3,1,1,5,5,1,9,1,1,5,1,1,1,1,4,6,1,4,5,1,1
D_warmstart,42,3,2.8403098583221436,0.07752552628517151,1.643370518929351,27.147947311401367,0.6642850041389465,3,1,5,1,1,9,1,4,1,1,3,1,7,6,7,1,1,1,4,1,1,1,1,1,8,1,1,5,1,1,1
B_quantum,271,2,3.2714648246765137,0.08610055595636368,2.1015302831172304,35.906654357910156,0.6630327701568604,3,1,1,5,9,6,1,1,1,5,2,1,8,3,1,1,5,7,2,7,8,1,1,1,3,7,1,2,8,1,1
A_baseline,137,1,2.4921138286590576,0.07197511196136475,1.6986961595053849,29.514307022094727,0.6594622135162354,1,1,6,2,1,3,1,4,1,7,1,1,4,5,5,1,7,3,1,5,1,1,1,1,1,4,1,1,7,1,1
F_cycle_fitness,137,1,2.237696409225464,0.08303553611040115,1.6786535170218198,26.894960403442383,0.6575658321380615,1,1,1,1,4,4,1,4,1,1,6,1,5,6,5,1,7,1,1,7,5,1,1,1,3,1,1,3,1,1,1
F_cycle_fitness,42,1,2.3416926860809326,0.08208054304122925,1.6971515090836724,27.925920486450195,0.6574832201004028,5,1,4,7,5,4,1,1,1,1,4,1,9,1,4,1,4,2,4,1,4,1,1,1,6,1,1,5,1,1,1
D_warmstart,271,3,2.170574426651001,0.06878267228603363,1.7070175873601512,30.536771774291992,0.6543390154838562,3,1,1,1,8,1,1,9,1,3,4,1,6,1,8,1,4,1,1,7,3,1,1,1,8,5,1,3,7,1,1
A_baseline,137,2,1.96538507938385,0.07654020935297012,1.693519910712289,27.79759407043457,0.6532424092292786,1,1,9,1,6,4,1,1,1,1,3,1,3,1,5,1,1,3,1,5,5,1,1,1,4,4,1,2,7,1,1
C_full_trust,42,3,2.1206774711608887,0.06581080704927444,1.6423641787046575,39.24806213378906,0.6531620621681213,3,1,1,3,1,7,7,1,7,6,1,3,6,6,9,9,1,5,5,3,3,3,3,1,1,3,1,2,6,6,9
D_warmstart,42,2,2.0220375061035156,0.07496719062328339,1.671021798368415,29.229700088500977,0.6514382362365723,1,1,9,3,9,3,1,1,1,1,3,1,2,1,1,1,1,7,1,3,5,1,1,1,4,4,1,7,3,1,1
B_quantum,42,1,3.373286724090576,0.09701067954301834,2.1128006835293633,31.5283203125,0.6509652733802795,5,1,1,8,6,1,1,1,1,1,1,1,8,7,5,1,7,8,7,7,7,1,1,1,4,1,1,1,4,1,1
B_quantum,271,1,3.710329532623291,0.09250189363956451,2.1263770131229864,32.09666442871094,0.6504430174827576,2,1,5,4,1,1,1,5,1,6,5,1,6,4,8,1,3,4,2,1,8,1,1,1,7,4,1,5,1,1,1
C_full_trust,271,1,4.202899932861328,0.11788243800401688,1.6965083989669192,27.76660919189453,0.6485167145729065,3,1,1,1,1,7,4,1,5,5,1,4,1,5,1,1,1,1,4,1,3,3,5,4,1,4,1,1,2,5,1
C_full_trust,137,2,2.4831247329711914,0.08449577540159225,1.6963462715169906,34.63123321533203,0.6476307511329651,6,2,1,2,1,3,1,1,4,4,5,8,6,1,3,3,4,5,1,6,5,4,1,3,3,5,1,5,1,1,1
F_cycle_fitness,137,3,3.2814126014709473,0.07515796273946762,1.7203242643138337,29.23448944091797,0.6474624872207642,1,1,6,1,1,3,1,1,1,6,3,1,6,3,3,1,1,4,2,8,8,1,1,1,4,5,1,1,1,1,1
B_quantum,42,1,2.9593024253845215,0.0773836225271225,2.1128006835293633,36.40974426269531,0.6474117040634155,2,1,5,7,2,5,1,3,1,4,3,1,9,4,5,1,5,4,9,4,7,1,1,1,6,7,1,9,2,1,1
D_warmstart,42,2,2.155423402786255,0.08712976425886154,1.671021798368415,26.400259017944336,0.6456816792488098,1,1,4,1,5,5,1,2,1,3,4,1,8,4,1,1,3,1,1,1,5,1,1,1,4,1,1,5,1,1,1
F_cycle_fitness,137,2,2.3027503490448,0.07088784128427505,1.6850608522610226,30.53704071044922,0.6445902585983276,7,1,3,3,3,8,1,1,1,3,3,1,5,5,1,1,4,8,9,4,8,1,1,1,1,1,1,4,1,1,1
F_cycle_fitness,271,2,2.332394599914551,0.06869890540838242,1.712209633588755,30.786874771118164,0.6444821953773499,1,1,1,1,1,4,1,2,1,9,1,1,6,4,3,1,2,1,4,2,3,1,1,1,3,5,1,9,5,1,1
A_baseline,137,1,3.2238662242889404,0.07194723933935165,1.6986961595053849,29.452159881591797,0.6443870067596436,5,1,5,1,3,8,1,4,1,1,1,1,2,5,1,1,9,1,6,6,9,1,1,1,3,1,1,3,4,1,1
A_baseline,137,1,2.2242166996002197,0.08701863139867783,1.6986961595053849,26.352270126342773,0.6441406607627869,5,1,3,8,1,1,1,7,1,4,1,1,3,5,1,1,1,1,1,6,1,1,1,1,3,4,1,3,1,1,1
F_cycle_fitness,271,2,2.1779274940490723,0.08537167310714722,1.712209633588755,26.874149322509766,0.6440205574035645,4,1,1,1,1,8,1,5,1,1,7,1,4,4,4,1,4,4,1,5,1,1,1,1,3,6,1,6,1,1,1
D_warmstart,271,1,2.3205292224884033,0.08605934679508209,1.6786982029179507,26.95106315612793,0.6433640122413635,5,1,4,4,4,4,1,1,1,1,1,1,1,2,2,1,3,6,4,5,1,1,1,1,5,3,1,1,4,1,1
A_baseline,42,2,2.339557647705078,0.06662151217460632,1.667806176480219,32.33708190917969,0.6426697373390198,8,1,5,3,4,8,1,4,1,4,5,1,2,1,9,1,1,8,2,1,1,1,1,1,4,1,1,2,9,1,1
D_warmstart,137,3,2.920482635498047,0.07699445635080338,1.6876217534434712,28.70793914794922,0.641094446182251,5,1,1,6,4,3,1,3,1,1,6,1,1,6,3,1,3,1,5,2,4,1,1,1,8,4,1,3,1,1,1
D_warmstart,137,2,2.605570077896118,0.06982769072055817,1.7159970132980593,31.154537200927734,0.6401606202125549,1,1,3,5,6,8,1,3,1,7,1,1,8,4,1,1,7,3,3,1,4,1,1,1,5,1,1,4,7,1,1
B_quantum,271,1,1.9512789249420166,0.08428932726383209,2.1263770131229864,34.47371292114258,0.6399651765823364,1,1,7,3,1,1,1,3,1,9,9,1,1,3,7,1,9,6,4,1,5,1,1,1,8,7,1,6,6,1,1
C_full_trust,137,2,3.150867462158203,0.07933712750673294,1.6963462715169906,36.00552749633789,0.6362752318382263,3,1,6,8,1,5,3,4,5,4,5,7,1,8,1,3,7,1,3,1,1,1,1,1,4,4,8,6,7,4,5
A_baseline,42,3,2.3272995948791504,0.07843642681837082,1.6477796934161912,27.88956069946289,0.6334835290908813,2,1,3,4,3,6,1,9,1,1,4,1,3,5,1,1,1,4,1,1,4,1,1,1,1,8,1,1,2,1,1
F_cycle_fitness,271,2,2.0103211402893066,0.08738929033279419,1.712209633588755,26.329851150512695,0.6301296949386597,4,1,1,1,1,6,1,1,1,4,9,1,3,5,1,1,4,5,1,6,4,1,1,1,1,1,1,5,3,1,1
B_quantum,42,1,2.296234607696533,0.07579179853200912,2.1128006835293633,36.71056365966797,0.6294800043106079,1,1,5,7,4,2,1,2,1,9,1,1,8,6,4,1,9,1,2,8,7,1,1,1,3,6,1,2,3,1,1
F_cycle_fitness,42,2,2.888641834259033,0.08370751142501831,1.6441194980710725,25.98439598083496,0.6292074918746948,5,1,7,1,4,4,1,1,1,4,4,1,4,4,1,1,6,1,1,5,3,1,1,1,4,1,1,1,1,1,1
C_full_trust,42,2,3.4999918937683105,0.09238413721323013,1.6793703953295855,35.3406982421875,0.6277962923049927,4,2,1,1,7,8,4,1,2,1,1,4,5,5,3,6,1,4,3,7,1,1,7,1,6,1,1,3,1,1,2
F_cycle_fitness,42,2,3.231032133102417,0.07721778750419617,1.6441194980710725,27.700101852416992,0.6274816989898682,1,1,9,1,1,8,1,6,1,2,1,1,1,3,1,1,4,4,4,3,1,1,1,1,3,1,1,3,1,1,1
D_warmstart,271,1,2.8420815467834473,0.07934236526489258,1.6786982029179507,28.338111877441406,0.6267974376678467,4,1,1,3,9,1,1,6,1,5,7,1,1,1,3,1,5,5,8,1,1,1,1,1,5,4,1,5,1,1,1
F_cycle_fitness,137,2,1.9032732248306274,0.07422063499689102,1.6850608522610226,29.623083114624023,0.6254413723945618,1,1,9,1,6,4,1,1,1,8,3,1,1,1,5,1,1,3,1,5,5,1,1,1,4,4,1,2,7,1,1
A_baseline,271,1,2.072373867034912,0.07837171107530594,1.7028626883948244,28.520130157470703,0.6252267956733704,1,1,6,1,3,1,1,4,1,7,4,1,5,4,1,1,1,8,1,3,9,1,1,1,1,1,1,5,3,1,1
F_cycle_fitness,42,1,3.426804304122925,0.07879578322172165,1.6971515090836724,28.47083854675293,0.6217271685600281,1,1,3,1,1,4,1,9,1,5,3,1,1,1,1,1,8,4,4,2,4,1,1,1,3,8,1,4,1,1,1
A_baseline,137,2,3.208155870437622,0.07165417075157166,1.693519910712289,29.00633430480957,0.6197962760925293,1,1,8,1,9,5,1,9,1,5,4,1,1,3,5,1,1,4,1,5,5,1,1,1,3,8,1,1,5,1,1
C_full_trust,271,2,2.705075740814209,0.08785403519868851,1.7246089000711857,33.78923034667969,0.6164485216140747,2,1,6,5,3,9,1,1,1,1,6,3,6,6,4,1,4,4,3,5,2,1,6,1,4,4,1,5,4,1,4
B_quantum,137,3,2.3375191688537598,0.08299379050731659,2.125885561412913,35.83032989501953,0.6136529445648193,1,1,7,4,8,7,1,3,1,2,9,1,1,3,3,1,1,7,2,3,7,1,1,1,4,2,1,2,1,1,1
C_full_trust,42,2,3.360959529876709,0.08680393546819687,1.6793703953295855,36.2913818359375,0.6115371584892273,6,6,1,1,2,8,1,4,2,6,1,6,5,1,1,3,1,1,5,1,8,1,6,1,4,3,4,3,7,1,3
F_cycle_fitness,137,1,3.474742889404297,0.09671080112457275,1.6786535170218198,23.129125595092773,0.6111140847206116,5,1,1,1,1,1,1,4,1,1,1,1,1,1,1,1,4,1,3,5,2,1,1,1,1,5,1,1,8,1,1
F_cycle_fitness,271,2,2.002472400665283,0.07538527250289917,1.712209633588755,29.04374885559082,0.6103030443191528,3,1,1,3,8,5,1,1,1,7,4,1,4,9,3,1,1,1,5,1,7,1,1,1,4,1,1,5,1,1,1
B_quantum,137,3,2.1249582767486572,0.08531996607780457,2.125885561412913,35.25063705444336,0.6056128144264221,2,1,1,3,3,8,1,5,1,4,5,1,3,8,7,1,4,1,2,2,6,1,1,1,9,6,1,9,9,1,1
C_full_trust,42,1,2.9537386894226074,0.09864615648984909,1.7060988414066414,31.624835968017578,0.6013442873954773,5,4,1,1,1,1,6,9,5,4,1,1,5,4,1,5,4,4,4,1,3,1,8,1,6,8,3,1,1,5,1
C_full_trust,137,3,2.0224108695983887,0.06777109205722809,1.6931660836346205,38.21382141113281,0.597222626209259,4,3,3,5,1,7,6,3,3,3,4,6,9,6,1,1,4,3,1,1,3,2,9,6,1,1,1,2,4,1,2
A_baseline,271,3,2.720993757247925,0.09500482678413391,1.7318923663245391,25.229175567626953,0.5948193669319153,4,1,1,6,5,4,1,1,1,1,3,1,1,1,5,1,1,3,4,4,4,1,1,1,5,5,1,4,5,1,1
F_cycle_fitness,137,3,2.1979315280914307,0.08816083520650864,1.7203242643138337,26.104496002197266,0.5946316719055176,1,1,4,1,3,1,1,3,1,1,4,1,8,3,1,1,4,8,1,5,4,1,1,1,1,1,1,5,5,1,1
B_quantum,42,1,3.32222056388855,0.09281062334775925,2.1128006835293633,32.26775360107422,0.5935791730880737,3,1,8,8,3,6,1,7,1,5,1,1,7,4,1,1,4,7,4,7,8,1,1,1,4,1,1,1,1,1,1
B_quantum,137,3,3.7568843364715576,0.07697080075740814,2.125885561412913,37.08974838256836,0.5876686573028564,7,1,2,7,1,9,1,8,1,5,7,1,1,8,5,1,9,1,6,1,7,1,1,1,4,3,1,7,9,1,1
A_baseline,271,2,2.323270797729492,0.08408638089895248,1.7051794436027286,25.242406845092773,0.5869189500808716,3,1,1,1,4,1,1,4,1,3,1,1,4,1,7,1,1,4,1,9,4,1,1,1,1,5,1,3,1,1,1
A_baseline,271,3,2.8129096031188965,0.09465083479881287,1.7318923663245391,25.243879318237305,0.5833514928817749,2,1,1,4,4,1,1,4,1,1,1,1,4,3,1,1,1,4,1,9,4,1,1,1,4,5,1,5,1,1,1
C_full_trust,137,1,3.4572391510009766,0.08908719569444656,1.7159029177112104,33.03842544555664,0.5820029377937317,5,6,1,1,1,6,4,3,7,3,1,9,4,5,1,1,4,1,2,5,7,1,1,1,1,5,6,1,1,3,1
D_warmstart,137,3,2.1034913063049316,0.06436986476182938,1.6876217534434712,31.566259384155273,0.5812196135520935,8,1,1,4,6,4,1,3,1,7,1,1,6,9,8,1,3,1,1,3,1,1,1,1,7,3,1,6,1,1,1
F_cycle_fitness,137,2,3.14658260345459,0.07556107640266418,1.6850608522610226,29.02733039855957,0.5780223608016968,3,1,1,5,1,9,1,6,1,5,1,1,5,8,1,1,4,1,5,4,7,1,1,1,3,1,1,7,1,1,1
A_baseline,271,2,2.3679146766662598,0.07759710401296616,1.7051794436027286,27.14326286315918,0.576520562171936,6,1,1,4,1,1,1,5,1,8,1,1,5,6,1,1,3,3,4,6,1,1,1,1,1,1,1,3,1,1,1
F_cycle_fitness,42,3,2.5803539752960205,0.08717246353626251,1.6820811204366448,25.785905838012695,0.5757486820220947,3,1,1,1,1,1,1,1,1,1,7,1,4,1,8,1,3,4,1,4,4,1,1,1,6,1,1,4,5,1,1
F_cycle_fitness,271,2,2.9445769786834717,0.09352082759141922,1.712209633588755,24.613187789916992,0.5756959319114685,1,1,2,1,1,1,1,5,1,1,4,1,1,4,4,1,1,1,3,5,5,1,1,1,4,5,1,1,3,1,1
D_warmstart,137,3,3.0812764167785645,0.07943622767925262,1.6876217534434712,27.740602493286133,0.5726402401924133,4,1,1,5,3,3,1,5,1,6,5,1,4,5,1,1,3,6,5,4,1,1,1,1,1,1,1,6,1,1,1
D_warmstart,137,3,2.7817909717559814,0.07628258317708969,1.6876217534434712,28.511220932006836,0.5686132311820984,1,1,1,3,4,1,1,1,1,6,4,1,9,4,3,1,1,8,1,8,1,1,1,1,5,4,1,6,3,1,1
C_full_trust,137,2,2.095442533493042,0.07903461903333664,1.6963462715169906,35.57603073120117,0.564629852771759,1,2,1,2,3,4,2,4,4,1,1,8,6,5,5,4,1,6,4,7,3,3,1,2,4,3,1,1,1,5,1
F_cycle_fitness,42,2,2.1823391914367676,0.08268275856971741,1.6441194980710725,25.88456916809082,0.5638461709022522,3,1,3,1,3,1,1,4,1,1,1,1,1,4,5,1,1,3,6,1,4,1,1,1,7,3,1,3,6,1,1
C_full_trust,271,3,3.0343358516693115,0.07955533266067505,1.7136953953166596,37.01093292236328,0.563705325126648,1,1,9,5,1,7,3,5,5,8,5,7,3,1,1,4,4,5,6,1,9,1,6,3,5,1,3,4,3,4,5
C_full_trust,137,3,2.569647789001465,0.06935663521289825,1.6931660836346205,37.49232864379883,0.5635571479797363,3,3,2,1,5,3,1,3,3,6,4,1,3,5,1,1,4,3,3,1,8,4,1,8,5,5,6,8,5,5,5
C_full_trust,42,2,2.2282767295837402,0.09566102921962738,1.6793703953295855,34.22026062011719,0.5631490349769592,6,4,1,1,7,1,4,1,1,1,1,1,8,1,5,4,1,5,4,5,8,7,9,1,1,7,1,4,2,5,2
B_quantum,42,2,3.140413761138916,0.08116891235113144,2.1163700915828474,36.49531173706055,0.5582860708236694,6,1,7,8,7,7,1,4,1,5,4,1,4,5,4,1,3,7,5,4,7,1,1,1,4,9,1,7,8,1,1
A_baseline,137,1,2.5852255821228027,0.08627840876579285,1.6986961595053849,26.11159324645996,0.5568870902061462,8,1,1,1,3,3,1,1,1,5,1,1,5,5,5,1,1,6,5,7,1,1,1,1,1,1,1,1,3,1,1
D_warmstart,271,2,2.0075793266296387,0.06380641460418701,1.6946379261377278,30.27260398864746,0.5554179549217224,1,1,3,1,1,4,1,1,1,1,9,1,4,5,3,1,9,2,1,3,2,1,1,1,3,3,1,6,8,1,1
C_full_trust,271,1,3.967463731765747,0.10514040291309357,1.6965083989669192,29.8116397857666,0.554007351398468,5,1,4,3,1,4,5,4,5,1,1,6,3,1,4,6,4,1,1,5,1,1,1,5,1,6,4,1,2,3,1
C_full_trust,42,1,2.4546210765838623,0.08424361795186996,1.7060988414066414,34.48134231567383,0.5499794483184814,6,4,1,1,4,1,1,1,5,8,1,3,5,1,5,3,1,4,1,5,8,3,9,1,4,7,1,4,2,1,6
C_full_trust,271,1,2.8024134635925293,0.07675527036190033,1.6965083989669192,35.51605987548828,0.5481110215187073,1,6,1,5,1,6,9,1,1,9,3,3,5,9,7,7,1,4,1,5,8,1,1,4,4,1,1,1,3,1,2
B_quantum,42,3,3.1242518424987793,0.09125607460737228,2.130947430274064,32.80928421020508,0.546688973903656,3,1,5,6,6,3,1,3,1,1,6,1,9,5,3,1,4,1,9,4,4,1,1,1,2,8,1,6,2,1,1
C_full_trust,137,1,2.882181167602539,0.08595293760299683,1.7159029177112104,33.565589904785156,0.5457195043563843,6,1,4,5,6,9,4,4,1,3,3,1,1,4,2,1,5,3,1,3,3,5,6,1,3,1,5,5,1,5,5
F_cycle_fitness,271,1,2.7303414344787598,0.0682632252573967,1.7170714020560198,29.9177303314209,0.5400242805480957,4,1,9,5,5,5,1,1,1,5,1,1,2,5,1,1,5,1,8,6,5,1,1,1,1,3,1,6,1,1,1
C_full_trust,271,1,2.2399542331695557,0.0810682624578476,1.6965083989669192,34.59634780883789,0.539574146270752,1,1,4,4,1,5,4,1,1,8,1,3,1,1,6,3,4,1,4,3,1,4,7,4,6,2,8,4,2,5,3
D_warmstart,42,2,2.486065626144409,0.06902652978897095,1.671021798368415,30.03838348388672,0.5391732454299927,1,1,3,4,9,1,1,4,1,2,6,1,3,1,1,1,4,7,4,1,1,1,1,1,5,3,1,5,8,1,1
A_baseline,42,2,2.276554822921753,0.07895511388778687,1.667806176480219,28.561920166015625,0.5376566648483276,1,1,1,1,1,5,1,5,1,9,9,1,7,1,6,1,4,4,3,1,5,1,1,1,8,4,1,1,1,1,1
C_full_trust,271,1,2.134098768234253,0.09157320111989975,1.6965083989669192,32.46186065673828,0.537594735622406,1,1,6,3,7,4,4,1,1,9,9,1,4,3,4,4,4,4,3,5,1,6,1,1,1,3,1,1,4,4,1
F_cycle_fitness,271,3,2.0818469524383545,0.07639684528112411,1.7115776812973391,28.366580963134766,0.5352454781532288,1,1,3,1,1,6,1,1,1,1,7,1,4,5,1,1,7,5,1,4,4,1,1,1,5,4,1,8,6,1,1
F_cycle_fitness,271,1,2.2535512447357178,0.07778114080429077,1.7170714020560198,27.199115753173828,0.5345466136932373,3,1,1,4,1,5,1,3,1,5,3,1,5,8,1,1,4,6,5,1,1,1,1,1,1,4,1,1,7,1,1
A_baseline,137,1,2.3198301792144775,0.08349374681711197,1.6986961595053849,26.58312225341797,0.5344521403312683,4,1,8,1,4,1,1,3,1,5,4,1,5,1,3,1,4,1,1,1,1,1,1,1,2,1,1,5,5,1,1
C_full_trust,271,1,2.5847716331481934,0.08218896389007568,1.6965083989669192,34.33918380737305,0.5341167449951172,1,3,1,1,9,5,8,3,1,5,5,1,4,1,9,1,4,5,1,5,4,1,8,6,5,1,5,6,8,1,4
A_baseline,137,1,2.535372257232666,0.07123295217752457,1.6986961595053849,29.102161407470703,0.5340383052825928,6,1,2,5,1,1,1,1,1,4,1,1,4,5,9,1,1,1,6,4,1,1,1,1,3,4,1,2,6,1,1
B_quantum,42,2,3.7731385231018066,0.08082639425992966,2.1163700915828474,36.372432708740234,0.5258104801177979,5,1,5,1,9,2,1,1,1,2,2,1,6,3,5,1,5,3,5,7,3,1,1,1,7,7,1,7,9,1,1
B_quantum,137,1,2.5246596336364746,0.08115732669830322,2.1253783346720634,36.680110931396484,0.5247212648391724,5,1,4,8,7,3,1,3,1,2,2,1,4,5,3,1,3,5,6,5,2,1,1,1,9,4,1,9,9,1,1
F_cycle_fitness,137,1,2.8291704654693604,0.08155270665884018,1.6786535170218198,26.620710372924805,0.5239775776863098,5,1,1,1,2,1,1,4,1,1,6,1,6,3,3,1,4,4,5,1,1,1,1,1,1,8,1,4,1,1,1
A_baseline,137,1,3.123086452484131,0.08604507893323898,1.6986961595053849,25.99761962890625,0.5209197998046875,1,1,1,7,1,1,1,1,1,5,2,1,4,1,5,1,1,6,5,1,4,1,1,1,1,1,1,5,5,1,1
D_warmstart,42,2,2.278952121734619,0.07353517413139343,1.671021798368415,28.90227699279785,0.5195291042327881,3,1,4,3,1,6,1,1,1,1,7,1,6,4,7,1,1,4,3,1,1,1,1,1,3,5,1,9,5,1,1
C_full_trust,42,2,3.1832919120788574,0.07710295170545578,1.6793703953295855,37.45669937133789,0.5189417600631714,6,1,3,5,2,3,5,7,1,1,8,4,1,4,1,2,7,3,1,3,8,4,3,1,1,2,2,5,4,1,5
C_full_trust,137,3,2.433582067489624,0.07265860587358475,1.6931660836346205,36.16911697387695,0.5176815390586853,3,1,4,3,1,4,1,6,2,7,2,1,5,1,6,5,3,1,5,1,6,7,8,5,1,1,1,4,1,1,1
C_full_trust,42,3,2.493927240371704,0.06330608576536179,1.6423641787046575,38.79781723022461,0.5172207355499268,1,6,1,7,1,1,6,4,6,8,1,5,6,6,3,1,1,9,2,5,7,4,5,1,4,3,5,5,1,7,4
B_quantum,42,2,3.1557424068450928,0.08262982219457626,2.1163700915828474,35.85614013671875,0.5152654647827148,5,1,7,4,7,4,1,1,1,6,3,1,3,4,2,1,6,7,9,2,3,1,1,1,2,5,1,5,6,1,1
A_baseline,271,1,1.9219772815704346,0.08816222101449966,1.7028626883948244,25.892871856689453,0.5151491165161133,1,1,3,1,1,7,1,7,1,1,3,1,4,5,5,1,1,3,4,1,3,1,1,1,1,3,1,1,6,1,1
F_cycle_fitness,137,2,2.122084379196167,0.08109904080629349,1.6850608522610226,27.328990936279297,0.514930009841919,4,1,5,9,1,8,1,3,1,4,3,1,3,1,1,1,4,1,4,3,1,1,1,1,5,1,1,6,1,1,1
F_cycle_fitness,42,1,2.1005780696868896,0.06515596061944962,1.6971515090836724,30.928211212158203,0.5138263702392578,3,1,1,1,4,6,1,7,1,3,1,1,4,3,8,1,3,2,1,9,1,1,1,1,8,6,1,4,7,1,1
F_cycle_fitness,271,1,2.944802761077881,0.07137809693813324,1.7170714020560198,28.876298904418945,0.509248673915863,1,1,1,2,4,7,1,1,1,2,2,1,5,4,1,1,1,1,1,6,4,1,1,1,1,3,1,1,2,1,1
C_full_trust,42,1,2.878483295440674,0.08048190176486969,1.7060988414066414,35.0179328918457,0.5080521106719971,3,5,5,3,4,3,3,4,4,9,4,7,1,3,5,1,1,3,6,1,5,4,1,1,1,8,4,5,4,4,4
D_warmstart,271,1,2.073050022125244,0.07658868283033371,1.6786982029179507,28.32476806640625,0.5049903988838196,1,1,1,1,3,1,1,6,1,7,9,1,6,3,1,1,4,1,3,8,1,1,1,1,1,5,1,5,1,1,1
F_cycle_fitness,271,3,2.3798370361328125,0.06977082788944244,1.7115776812973391,29.603368759155273,0.5012972950935364,3,1,9,1,3,1,1,3,1,1,4,1,5,5,1,1,4,1,3,2,6,1,1,1,4,7,1,3,9,1,1
F_cycle_fitness,137,2,2.721348524093628,0.08223079890012741,1.6850608522610226,26.96738052368164,0.4995066225528717,5,1,3,8,1,1,1,4,1,1,3,1,5,7,1,1,1,3,1,3,4,1,1,1,3,1,1,1,8,1,1
D_warmstart,271,2,2.2105746269226074,0.0725594013929367,1.6946379261377278,28.153841018676758,0.49925827980041504,1,1,7,1,1,6,1,1,1,3,4,1,8,5,1,1,4,4,3,1,1,1,1,1,1,9,1,7,1,1,1
F_cycle_fitness,42,2,2.5223283767700195,0.07526443898677826,1.6441194980710725,27.47678565979004,0.4970933496952057,3,1,5,4,3,6,1,1,1,1,7,1,1,5,5,1,3,1,1,6,3,1,1,1,3,1,1,4,4,1,1
F_cycle_fitness,42,2,2.489388942718506,0.07301484793424606,1.6441194980710725,28.06662368774414,0.4956361651420593,1,1,1,1,1,6,1,1,1,2,3,1,6,5,9,1,4,1,4,2,1,1,1,1,1,1,1,3,3,1,1
A_baseline,42,2,2.3074793815612793,0.08177629858255386,1.667806176480219,27.58485984802246,0.49538454413414,3,1,5,9,3,1,1,5,1,4,1,1,6,6,1,1,4,1,3,1,6,1,1,1,1,1,1,4,5,1,1
D_warmstart,137,3,2.1391749382019043,0.07338520884513855,1.6876217534434712,28.858797073364258,0.49532032012939453,4,1,4,4,1,4,1,1,1,4,3,1,6,3,1,1,9,5,2,5,4,1,1,1,5,3,1,4,1,1,1
D_warmstart,137,3,2.533358573913574,0.07584790885448456,1.6876217534434712,28.240516662597656,0.49527913331985474,8,1,6,1,4,6,1,4,1,1,1,1,1,1,7,1,1,4,1,5,6,1,1,1,2,3,1,6,4,1,1
C_full_trust,271,2,2.566542148590088,0.08147409558296204,1.7246089000711857,34.717018127441406,0.49512162804603577,1,6,9,6,3,1,3,2,3,3,4,1,4,3,5,6,4,4,1,4,1,1,1,5,7,1,1,1,7,5,1
D_warmstart,137,1,2.491657018661499,0.06849884241819382,1.727322541073141,29.988473892211914,0.49506357312202454,1,1,8,5,7,1,1,5,1,1,1,1,5,3,9,1,9,4,6,4,3,1,1,1,5,1,1,4,5,1,1
A_baseline,271,2,2.9968621730804443,0.08046106994152069,1.7051794436027286,25.84406089782715,0.4944295883178711,1,1,5,5,1,5,1,3,1,4,1,1,3,1,6,1,1,9,3,1,1,1,1,1,1,4,1,3,5,1,1
C_full_trust,137,1,3.664885997772217,0.09012939780950546,1.7159029177112104,32.25089645385742,0.4936297535896301,1,1,2,6,1,1,4,4,5,3,1,3,5,4,9,1,1,4,1,1,5,1,3,5,3,1,2,1,8,4,1
C_full_trust,42,2,2.5121004581451416,0.07762842625379562,1.6793703953295855,37.16171646118164,0.49335598945617676,9,1,1,4,6,8,4,3,1,1,5,4,6,5,1,5,3,9,1,9,4,3,7,1,2,1,5,5,7,3,8
D_warmstart,42,1,2.482454538345337,0.07020281255245209,1.6835588247166946,29.091934204101562,0.4915793538093567,4,1,3,6,1,5,1,1,1,5,3,1,1,1,7,1,4,5,2,9,3,1,1,1,4,1,1,1,8,1,1
B_quantum,271,2,2.0395097732543945,0.08175123482942581,2.1015302831172304,36.03437805175781,0.49145185947418213,8,1,1,8,6,9,1,2,1,1,3,1,4,9,3,1,7,4,6,7,2,1,1,1,2,3,1,8,4,1,1
C_full_trust,137,1,1.9831199645996094,0.10030044615268707,1.7159029177112104,29.80726432800293,0.4911375641822815,1,1,6,1,1,1,2,1,1,3,4,7,3,5,1,1,3,1,4,1,3,1,1,1,2,3,1,5,8,1,5
D_warmstart,271,1,2.5410797595977783,0.06366704404354095,1.6786982029179507,31.066024780273438,0.48753854632377625,1,1,4,3,5,2,1,1,1,3,5,1,7,4,1,1,1,4,9,5,8,1,1,1,3,6,1,7,4,1,1
D_warmstart,42,3,2.2116734981536865,0.07735149562358856,1.643370518929351,26.316265106201172,0.48573192954063416,1,1,1,4,9,1,1,5,1,1,5,1,1,2,1,1,4,3,5,1,4,1,1,1,5,5,1,6,1,1,1
B_quantum,42,2,2.294586420059204,0.07124343514442444,2.1163700915828474,38.48545837402344,0.4834631681442261,9,1,7,8,2,6,1,5,1,1,9,1,2,4,6,1,2,3,7,3,5,1,1,1,9,5,1,2,7,1,1
B_quantum,137,2,2.9224438667297363,0.09201105684041977,2.1415128253700155,33.22017288208008,0.48238760232925415,3,1,3,7,3,3,1,3,1,5,3,1,1,8,5,1,3,4,6,6,7,1,1,1,4,5,1,2,4,1,1
A_baseline,42,1,2.269287347793579,0.07925485819578171,1.718658390426175,27.560686111450195,0.47926992177963257,3,1,5,3,1,4,1,1,1,3,1,1,3,4,3,1,1,1,1,6,9,1,1,1,5,4,1,6,4,1,1
A_baseline,42,2,3.34904146194458,0.07519685477018356,1.667806176480219,29.117176055908203,0.47398632764816284,1,1,1,6,7,1,1,7,1,6,1,1,4,5,4,1,3,1,1,4,9,1,1,1,9,5,1,3,1,1,1
C_full_trust,42,3,2.4311702251434326,0.07214183360338211,1.6423641787046575,36.39677429199219,0.4732916057109833,1,4,3,3,4,2,5,8,4,1,5,1,6,5,6,4,4,9,3,4,2,4,6,1,1,4,1,4,6,4,3
B_quantum,271,3,3.038357734680176,0.07385385781526566,2.126292706265462,38.30990982055664,0.47057750821113586,5,1,9,8,8,4,1,6,1,2,1,1,1,2,2,1,6,8,5,2,8,1,1,1,6,2,1,3,5,1,1
B_quantum,271,3,1.9756145477294922,0.07973676919937134,2.126292706265462,36.911582946777344,0.4700336754322052,7,1,9,6,3,8,1,3,1,9,8,1,8,1,3,1,9,7,8,3,1,1,1,1,1,7,1,5,4,1,1
C_full_trust,271,3,4.045708656311035,0.08259464055299759,1.7136953953166596,35.53032684326172,0.46595335006713867,1,1,1,4,3,6,1,5,5,6,1,4,3,3,1,7,5,1,2,4,5,1,3,1,6,5,8,6,4,3,8
D_warmstart,137,2,3.201442003250122,0.07385723292827606,1.7159970132980593,29.124099731445312,0.4641087055206299,7,1,6,4,1,4,1,5,1,1,1,1,1,4,6,1,3,4,8,9,6,1,1,1,1,1,1,6,1,1,1
D_warmstart,137,1,2.4459991455078125,0.08281082659959793,1.727322541073141,26.64408302307129,0.46294641494750977,5,1,4,4,1,6,1,4,1,4,1,1,5,5,2,1,1,1,3,4,1,1,1,1,1,1,1,8,1,1,1
A_baseline,271,1,3.342416763305664,0.08513589948415756,1.7028626883948244,26.23574447631836,0.45774900913238525,3,1,1,5,4,1,1,1,1,5,1,1,6,9,1,1,1,4,1,1,1,1,1,1,6,4,1,5,9,1,1
F_cycle_fitness,42,2,2.584484100341797,0.07885445654392242,1.6441194980710725,26.29806137084961,0.45773500204086304,7,1,4,3,1,8,1,5,1,1,1,1,1,1,6,1,5,1,1,1,1,1,1,1,4,1,1,2,6,1,1
F_cycle_fitness,42,3,2.034156322479248,0.06763861328363419,1.6820811204366448,29.900657653808594,0.4572444260120392,1,1,7,4,1,1,1,5,1,3,3,1,5,6,4,1,1,5,8,7,1,1,1,1,1,8,1,6,1,1,1
B_quantum,42,1,2.6050710678100586,0.06954863667488098,2.1128006835293633,37.33118438720703,0.45538562536239624,6,1,2,1,9,1,1,7,1,7,9,1,6,8,3,1,4,2,8,9,1,1,1,1,3,8,1,1,7,1,1
C_full_trust,42,1,2.419511318206787,0.08308413624763489,1.7060988414066414,34.030784606933594,0.45322227478027344,4,3,3,4,3,5,1,5,1,5,2,1,6,5,5,1,1,1,1,5,6,7,6,1,1,1,2,5,1,3,1
C_full_trust,137,2,2.608126163482666,0.0655190721154213,1.6963462715169906,38.53882598876953,0.4461240768432617,5,4,1,1,9,5,1,8,4,5,8,2,5,8,9,3,5,1,4,5,1,2,1,1,1,8,7,1,5,5,6
B_quantum,42,2,2.5893049240112305,0.08285514265298843,2.1163700915828474,35.342735290527344,0.44389474391937256,1,1,5,5,7,9,1,4,1,8,8,1,9,3,2,1,4,8,4,5,4,1,1,1,2,4,1,5,6,1,1
D_warmstart,42,3,2.3226137161254883,0.07635347545146942,1.643370518929351,26.36811637878418,0.4423958659172058,1,1,3,1,3,1,1,1,1,1,1,1,7,3,4,1,9,6,3,1,1,1,1,1,5,6,1,4,1,1,1
A_baseline,271,2,2.243614912033081,0.07450757920742035,1.7051794436027286,27.356884002685547,0.44137102365493774,1,1,4,4,1,1,1,6,1,4,6,1,4,4,1,1,6,3,3,3,4,1,1,1,1,1,1,6,1,1,1
B_quantum,137,2,2.6455695629119873,0.08831408619880676,2.1415128253700155,33.83203887939453,0.43806469440460205,1,1,6,1,2,3,1,2,1,9,2,1,9,4,6,1,1,3,4,5,5,1,1,1,6,1,1,7,3,1,1
C_full_trust,271,2,2.393207311630249,0.08686815202236176,1.7246089000711857,32.75257110595703,0.4377514123916626,4,1,1,1,3,1,1,1,4,7,4,4,5,5,1,3,1,4,3,5,3,2,9,4,1,1,9,1,3,1,1
F_cycle_fitness,42,3,2.640796422958374,0.07138430327177048,1.6820811204366448,28.853675842285156,0.43764615058898926,1,1,5,3,1,9,1,8,1,4,7,1,3,4,3,1,1,1,3,5,6,1,1,1,3,1,1,3,1,1,1
B_quantum,42,3,2.3639907836914062,0.06267236918210983,2.130947430274064,40.34098815917969,0.4375587999820709,9,1,9,2,5,4,1,2,1,8,6,1,3,9,8,1,4,3,6,7,9,1,1,1,3,6,1,8,2,1,1
C_full_trust,137,1,3.4479362964630127,0.08903434127569199,1.7159029177112104,32.16919708251953,0.43733465671539307,4,1,6,1,4,3,1,7,1,5,1,1,6,4,1,5,1,6,1,1,7,5,6,1,4,5,1,4,5,6,3
A_baseline,271,1,3.264110565185547,0.07091687619686127,1.7028626883948244,29.122411727905273,0.43661579489707947,1,1,5,5,4,4,1,1,1,8,5,1,3,5,4,1,1,8,1,1,3,1,1,1,4,3,1,2,1,1,1
C_full_trust,42,1,2.7727503776550293,0.06439750641584396,1.7060988414066414,38.088401794433594,0.4344102144241333,4,7,1,1,1,1,6,5,1,1,5,4,6,5,4,5,3,9,1,9,5,1,7,9,2,4,5,5,7,8,1
A_baseline,42,1,2.7597222328186035,0.07404062896966934,1.718658390426175,28.529468536376953,0.4284985363483429,2,1,5,1,5,6,1,2,1,4,1,1,5,4,1,1,4,1,7,4,3,1,1,1,6,1,1,3,1,1,1
C_full_trust,137,2,2.3552420139312744,0.09214551001787186,1.6963462715169906,30.89569854736328,0.42824575304985046,1,1,6,1,3,1,1,1,1,6,1,1,1,1,9,4,1,1,4,6,5,4,6,5,2,1,1,5,7,4,1
A_baseline,271,1,2.5892891883850098,0.06899809837341309,1.7028626883948244,29.47041130065918,0.42567023634910583,4,1,4,1,3,3,1,2,1,5,8,1,1,5,1,1,3,6,3,1,2,1,1,1,3,1,1,6,1,1,1
D_warmstart,42,1,2.384216070175171,0.09066250920295715,1.6835588247166946,24.413408279418945,0.4248312711715698,3,1,1,4,1,4,1,5,1,1,1,1,1,7,5,1,1,3,1,3,1,1,1,1,5,5,1,3,1,1,1
B_quantum,137,1,3.340693950653076,0.09731089323759079,2.1253783346720634,32.821266174316406,0.40840819478034973,4,1,5,5,9,4,1,8,1,1,5,1,6,6,7,1,1,4,9,9,6,1,1,1,5,3,1,3,6,1,1
F_cycle_fitness,137,2,1.948822021484375,0.09222273528575897,1.6850608522610226,24.025575637817383,0.4069860577583313,1,1,1,1,3,3,1,3,1,4,3,1,4,1,5,1,1,3,1,5,1,1,1,1,1,3,1,3,1,1,1
A_baseline,271,3,2.2154014110565186,0.07499253749847412,1.7318923663245391,28.52313232421875,0.4043872058391571,6,1,9,5,1,3,1,4,1,1,3,1,6,5,4,1,1,1,1,3,1,1,1,1,3,6,1,5,8,1,1
C_full_trust,42,2,3.4295921325683594,0.10375646501779556,1.6793703953295855,31.445011138916016,0.40248358249664307,5,1,4,3,7,4,4,1,1,6,1,1,4,1,3,3,3,3,1,8,3,1,1,1,7,1,5,1,3,2,1
F_cycle_fitness,137,1,2.0623104572296143,0.06393074989318848,1.6786535170218198,30.57245635986328,0.40087074041366577,7,1,3,4,5,8,1,1,1,7,1,1,1,5,1,1,4,6,2,4,3,1,1,1,1,4,1,9,1,1,1
F_cycle_fitness,137,3,2.504345178604126,0.06384214013814926,1.7203242643138337,30.532733917236328,0.40050846338272095,1,1,1,5,1,8,1,9,1,7,3,1,9,3,3,1,4,2,1,1,7,1,1,1,1,1,1,3,4,1,1
D_warmstart,42,2,2.5349371433258057,0.07398560643196106,1.671021798368415,28.20067596435547,0.3995240330696106,1,1,1,6,2,3,1,5,1,1,1,1,6,3,7,1,4,8,1,1,5,1,1,1,5,1,1,9,1,1,1
F_cycle_fitness,137,1,2.2688841819763184,0.06715670973062515,1.6786535170218198,29.713939666748047,0.3959718644618988,1,1,6,4,1,1,1,1,1,3,2,1,1,5,5,1,3,9,4,4,3,1,1,1,2,1,1,5,8,1,1
C_full_trust,42,1,2.4186463356018066,0.06302107870578766,1.7060988414066414,38.109004974365234,0.3951501250267029,4,2,1,7,5,6,9,1,7,8,4,1,1,3,4,1,8,2,1,4,3,5,4,1,3,1,4,4,1,4,1
F_cycle_fitness,42,3,2.527987003326416,0.07139427214860916,1.6820811204366448,28.558691024780273,0.38965529203414917,1,1,1,7,2,4,1,1,1,1,6,1,7,9,1,1,1,4,4,5,4,1,1,1,1,1,1,5,9,1,1
D_warmstart,137,3,2.338256597518921,0.06357774138450623,1.6876217534434712,30.772687911987305,0.3896039128303528,1,1,1,3,3,6,1,6,1,7,6,1,9,6,1,1,1,3,3,1,3,1,1,1,5,7,1,3,3,1,1
D_warmstart,137,2,3.1010334491729736,0.07483579963445663,1.7159970132980593,28.436695098876953,0.38666969537734985,6,1,5,1,5,1,1,1,1,4,1,1,7,1,3,1,1,7,8,1,3,1,1,1,4,5,1,6,5,1,1
D_warmstart,137,1,2.4205169677734375,0.07131674140691757,1.727322541073141,28.86805534362793,0.38624387979507446,7,1,1,7,1,1,1,1,1,7,1,1,9,1,3,1,9,3,1,1,1,1,1,1,4,4,1,3,5,1,1
C_full_trust,137,1,2.3367645740509033,0.08268241584300995,1.7159029177112104,33.3733024597168,0.38607165217399597,3,1,1,7,1,6,1,1,7,1,1,1,2,5,4,1,1,4,8,1,1,4,3,8,1,3,7,4,1,6,5
D_warmstart,271,1,2.480738639831543,0.0909668579697609,1.6786982029179507,24.572885513305664,0.38574689626693726,1,1,1,5,1,1,1,1,1,3,8,1,3,1,6,1,3,3,1,1,1,1,1,1,1,5,1,1,4,1,1
D_warmstart,271,2,2.664883613586426,0.06643121689558029,1.6946379261377278,28.992889404296875,0.38307616114616394,1,1,1,5,6,4,1,4,1,7,4,1,6,4,5,1,1,4,4,1,6,1,1,1,1,9,1,1,8,1,1
D_warmstart,137,1,2.804830551147461,0.07620315253734589,1.727322541073141,27.75337791442871,0.38130640983581543,5,1,1,1,7,3,1,1,1,1,3,1,1,9,1,1,8,5,3,4,1,1,1,1,1,7,1,5,3,1,1
B_quantum,42,2,3.4939281940460205,0.07228034734725952,2.1163700915828474,37.56977844238281,0.38082852959632874,6,1,1,6,1,4,1,6,1,2,2,1,2,7,5,1,9,4,9,7,1,1,1,1,7,9,1,8,3,1,1
C_full_trust,271,2,2.400609254837036,0.07341768592596054,1.7246089000711857,36.08674621582031,0.3687710762023926,3,3,6,3,6,4,4,2,6,1,4,1,1,1,4,7,3,1,6,5,2,2,1,1,1,6,1,3,1,3,3
D_warmstart,137,2,2.9918441772460938,0.07292318344116211,1.7159970132980593,28.82909393310547,0.36824870109558105,4,1,1,9,4,3,1,1,1,5,8,1,1,4,3,1,5,4,5,2,4,1,1,1,1,4,1,3,1,1,1
D_warmstart,137,1,2.0431652069091797,0.06310641020536423,1.727322541073141,30.606731414794922,0.3647529184818268,4,1,1,3,4,8,1,1,1,9,4,1,1,6,6,1,4,8,3,5,4,1,1,1,7,3,1,4,1,1,1
C_full_trust,137,3,2.6627066135406494,0.06787222623825073,1.6931660836346205,36.4484977722168,0.3627338409423828,4,9,1,5,5,6,2,5,4,4,5,6,6,1,6,1,1,3,1,6,1,4,2,5,2,5,1,1,1,5,3
A_baseline,137,1,2.412587881088257,0.0693640410900116,1.6986961595053849,28.709692001342773,0.36153286695480347,6,1,1,1,3,4,1,7,1,3,5,1,3,5,5,1,4,3,1,6,3,1,1,1,1,1,1,2,1,1,1
B_quantum,137,1,2.3834338188171387,0.06899110227823257,2.1253783346720634,38.21379470825195,0.3598518371582031,6,1,7,5,2,6,1,7,1,4,7,1,9,1,3,1,3,6,7,9,9,1,1,1,3,2,1,8,5,1,1
C_full_trust,137,3,2.0471291542053223,0.06298388540744781,1.6931660836346205,37.85368347167969,0.3558189868927002,4,9,4,6,1,1,2,8,9,4,1,3,6,4,6,6,1,1,1,5,4,4,2,1,1,4,1,9,1,1,4
C_full_trust,42,1,2.33845591545105,0.09466762095689774,1.7060988414066414,30.691980361938477,0.3527926504611969,5,1,1,7,4,1,3,5,1,4,8,1,1,5,1,4,7,3,4,1,4,1,1,1,1,5,5,1,6,4,3
A_baseline,271,1,1.9715429544448853,0.0757913663983345,1.7028626883948244,27.662328720092773,0.35218948125839233,3,1,1,4,4,1,1,1,1,4,1,1,3,2,6,1,1,4,5,3,4,1,1,1,9,5,1,4,5,1,1
F_cycle_fitness,42,3,3.2696030139923096,0.09103121608495712,1.6820811204366448,23.458297729492188,0.35064131021499634,3,1,1,1,3,4,1,1,1,2,1,1,4,4,1,1,1,1,4,1,1,1,1,1,1,1,1,1,4,1,1
A_baseline,271,1,1.992364525794983,0.09633657336235046,1.7028626883948244,23.308305740356445,0.3470594882965088,1,1,1,1,7,3,1,1,1,3,4,1,1,1,1,1,1,1,4,1,5,1,1,1,1,2,1,1,4,1,1
B_quantum,42,1,2.739515542984009,0.069569893181324,2.1128006835293633,36.73480987548828,0.34570610523223877,7,1,4,4,8,2,1,5,1,5,5,1,6,2,5,1,6,5,2,7,4,1,1,1,7,2,1,8,3,1,1
D_warmstart,42,1,3.2508749961853027,0.07820215821266174,1.6835588247166946,26.65797233581543,0.34002771973609924,1,1,1,1,2,3,1,5,1,6,1,1,4,3,6,1,1,8,4,1,6,1,1,1,5,1,1,1,1,1,1
C_full_trust,42,2,2.9803640842437744,0.08575253933668137,1.6793703953295855,34.42918395996094,0.33905673027038574,1,3,3,5,4,1,5,8,5,1,1,1,6,3,6,5,3,1,3,2,3,4,6,1,1,4,4,4,6,4,1
C_full_trust,42,3,2.1988723278045654,0.06888585537672043,1.6423641787046575,36.12446212768555,0.3376453220844269,6,3,5,4,8,1,6,4,2,3,1,1,1,5,5,4,4,5,6,3,1,4,6,1,9,2,3,1,1,1,3
A_baseline,271,3,2.03633713722229,0.07758783549070358,1.7318923663245391,27.562654495239258,0.3299279808998108,4,1,5,4,1,1,1,5,1,4,4,1,1,6,6,1,1,4,3,1,4,1,1,1,3,4,1,5,7,1,1
C_full_trust,42,3,3.3269004821777344,0.06666580587625504,1.6423641787046575,36.56885528564453,0.32783377170562744,3,5,1,3,4,4,2,1,1,1,2,2,3,3,6,3,4,3,6,4,9,4,5,1,1,4,4,2,4,4,1
D_warmstart,137,2,2.430128574371338,0.0793638527393341,1.7159970132980593,26.926334381103516,0.32650765776634216,3,1,1,4,1,4,1,7,1,1,3,1,4,6,1,1,5,4,1,5,1,1,1,1,4,7,1,1,2,1,1
C_full_trust,137,1,1.9406118392944336,0.07834754139184952,1.7159029177112104,33.981929779052734,0.31612542271614075,3,3,1,1,9,5,4,4,3,1,4,1,1,5,9,1,8,6,4,5,3,1,4,4,1,6,3,5,5,1,6
B_quantum,42,3,2.330191135406494,0.06616955250501633,2.130947430274064,38.55323791503906,0.30183470249176025,2,1,4,6,7,6,1,1,1,9,2,1,6,8,8,1,2,7,8,3,4,1,1,1,1,7,1,3,6,1,1
F_cycle_fitness,137,2,2.3837194442749023,0.07989948242902756,1.6850608522610226,26.374481201171875,0.2984013557434082,1,1,3,1,1,1,1,9,1,1,3,1,3,3,7,1,1,4,1,7,1,1,1,1,1,4,1,3,5,1,1
D_warmstart,42,2,2.1075258255004883,0.07509474456310272,1.671021798368415,27.4356746673584,0.2972393035888672,4,1,3,1,3,5,1,1,1,7,3,1,6,1,5,1,4,1,4,1,1,1,1,1,4,5,1,5,4,1,1
C_full_trust,42,2,2.1635217666625977,0.08280894160270691,1.6793703953295855,34.666526794433594,0.295617014169693,6,4,1,1,9,1,6,1,7,4,8,1,6,5,5,4,1,4,6,3,1,1,6,1,9,4,3,1,1,5,1
D_warmstart,271,1,2.5812389850616455,0.07589539140462875,1.6786982029179507,27.3693904876709,0.2861765921115875,1,1,5,1,1,7,1,3,1,7,3,1,5,1,1,1,4,5,4,1,1,1,1,1,1,3,1,7,1,1,1
B_quantum,271,2,2.0345187187194824,0.08128705620765686,2.1015302831172304,34.978736877441406,0.2860962748527527,4,1,1,3,1,9,1,7,1,2,3,1,1,2,5,1,9,2,6,9,5,1,1,1,7,7,1,1,6,1,1
C_full_trust,42,3,2.278491258621216,0.07885391265153885,1.6423641787046575,33.353763580322266,0.2799563407897949,5,1,4,1,1,1,6,1,3,9,1,4,8,1,1,3,1,1,4,2,9,1,3,1,8,5,5,4,6,1,1
D_warmstart,271,1,2.4046332836151123,0.06638839095830917,1.6786982029179507,29.358543395996094,0.26786094903945923,6,1,4,4,2,3,1,9,1,1,1,1,4,1,1,1,3,1,7,5,6,1,1,1,8,3,1,4,5,1,1
C_full_trust,271,3,2.0014734268188477,0.08204808086156845,1.7136953953166596,34.156620025634766,0.26450127363204956,1,1,1,4,5,3,3,1,3,9,7,1,1,4,6,1,4,4,4,5,1,3,9,1,5,4,6,3,1,1,9
A_baseline,271,3,2.437189817428589,0.07309432327747345,1.7318923663245391,28.101106643676758,0.24976661801338196,3,1,4,1,4,3,1,1,1,1,1,1,7,9,9,1,5,1,3,5,7,1,1,1,7,1,1,1,1,1,1
D_warmstart,42,1,2.536133289337158,0.06618259102106094,1.6835588247166946,28.764570236206055,0.2460748255252838,3,1,4,1,1,7,1,1,1,1,6,1,1,4,7,1,5,4,3,6,4,1,1,1,3,5,1,6,5,1,1
C_full_trust,137,1,3.519195079803467,0.0783725455403328,1.7159029177112104,33.544273376464844,0.24530670046806335,1,1,2,3,4,6,5,1,8,5,5,1,3,1,6,1,4,4,1,1,4,5,1,6,4,9,3,1,3,5,1
C_full_trust,42,2,2.8828911781311035,0.07720991224050522,1.6793703953295855,35.278770446777344,0.23421183228492737,1,6,6,3,3,1,1,7,1,4,1,7,7,1,1,1,1,7,9,2,1,1,6,1,8,1,4,4,5,4,4
C_full_trust,42,3,2.2931113243103027,0.07523568719625473,1.6423641787046575,33.789363861083984,0.22608622908592224,3,1,1,5,1,3,3,4,2,4,1,1,9,5,5,1,4,2,1,4,1,1,5,4,6,9,9,4,1,4,1
B_quantum,42,3,3.287540912628174,0.07077255100011826,2.130947430274064,36.74490737915039,0.21693485975265503,7,1,6,1,8,3,1,5,1,6,2,1,1,9,9,1,5,1,8,2,3,1,1,1,8,8,1,3,7,1,1
C_full_trust,137,1,3.4609475135803223,0.07912976294755936,1.7159029177112104,33.141395568847656,0.208873450756073,6,1,1,5,1,5,5,1,1,6,1,4,6,6,5,1,7,1,1,3,1,1,1,4,9,8,2,1,7,4,5
C_full_trust,271,2,2.0827062129974365,0.06248154863715172,1.7246089000711857,38.013336181640625,0.20637378096580505,4,7,7,6,4,1,3,3,3,9,4,3,5,6,3,1,4,1,1,5,1,4,5,1,4,7,1,7,1,5,1
C_full_trust,42,1,2.9671504497528076,0.06699661910533905,1.7060988414066414,35.792266845703125,0.20132610201835632,9,4,1,1,6,5,3,9,5,5,1,4,6,1,7,4,1,4,2,9,6,1,1,1,3,8,1,1,4,8,3
F_cycle_fitness,271,3,3.4087440967559814,0.06723322719335556,1.7115776812973391,28.1162109375,0.1285177320241928,1,1,1,3,1,1,1,1,1,5,9,1,3,4,1,1,4,7,1,5,6,1,1,1,5,7,1,1,8,1,1
C_full_trust,42,1,2.2879116535186768,0.06512247025966644,1.7060988414066414,35.51240539550781,0.10596086084842682,1,1,7,3,5,1,6,1,1,3,1,5,9,8,8,9,4,2,6,6,3,1,4,1,1,1,1,5,3,1,3
