arm,gen,entropy_mode,injection_on,escalation_on,best_ppf,cycle,fitness,H_gauss,H_hist,H_traj,sigma,diversity,rev_rate,n_empires,temperature,stagnation_counter,escalation_round,cap_hits_in_a_row,injected_this_gen,hard_reset_fired,al_candidates_total
A_no_entropy,0,none,True,True,1.8886265494616423,329.12361578467215,329.12361578467215,-1.3359180409122138,1.8065071652616693,-187.02248474188082,0.06361814350287312,0.8895372233400403,0.08313883299798791,6,2.0,0,0,0,0,False,0
A_no_entropy,1,none,True,True,1.957000577456462,332.0978228900447,332.0978228900447,-1.7273188593381532,1.5292482930376914,-191.9470811355461,0.04301280604860589,0.8677189409368635,0.08968431771894092,6,1.851749424574581,0,0,0,0,False,0
A_no_entropy,2,none,True,True,1.957000577456462,332.0978228900447,332.0978228900447,-1.7273188593381532,1.5292482930376914,-191.9470811355461,0.04301280604860589,0.8532323232323232,0.09403030303030302,6,1.7144879657061456,1,0,0,0,False,0
A_no_entropy,3,none,True,True,1.957000577456462,332.0978228900447,332.0978228900447,-1.7273188593381532,1.5292482930376914,-191.9470811355461,0.04301280604860589,0.8232323232323232,0.10303030303030303,6,1.5874010519681996,2,0,0,0,False,0
A_no_entropy,4,none,True,True,1.957000577456462,332.0978228900447,332.0978228900447,-1.7273188593381532,1.5292482930376914,-191.9470811355461,0.04301280604860589,0.7940573770491803,0.1117827868852459,6,1.4697344922755988,3,0,0,0,False,0
A_no_entropy,5,none,True,True,1.957000577456462,332.0978228900447,332.0978228900447,-1.7273188593381532,1.5292482930376914,-191.9470811355461,0.04301280604860589,0.7755165289256198,0.11734504132231405,6,1.360790000174377,4,0,0,0,False,0
A_no_entropy,6,none,True,True,1.957000577456462,332.0978228900447,332.0978228900447,-1.7273188593381532,1.5292482930376914,-191.9470811355461,0.04301280604860589,0.728747433264887,0.13137577002053388,6,1.2599210498948732,5,0,0,0,False,0
A_no_entropy,7,none,True,True,1.957000577456462,332.0978228900447,332.0978228900447,-1.7273188593381532,1.5292482930376914,-191.9470811355461,0.04301280604860589,0.6943089430894309,0.14170731707317072,6,1.1665290395761165,6,0,0,0,False,0
A_no_entropy,8,none,True,True,1.957000577456462,332.0978228900447,332.0978228900447,-1.7273188593381532,1.5292482930376914,-191.9470811355461,0.04301280604860589,0.6690669371196755,0.14927991886409733,6,1.080059738892306,7,0,0,0,False,0
A_no_entropy,9,none,True,True,1.957000577456462,332.0978228900447,332.0978228900447,-1.7273188593381532,1.5292482930376914,-191.9470811355461,0.04301280604860589,0.6757172131147541,0.14728483606557377,6,1.0,8,0,0,0,False,0
A_no_entropy,10,none,True,True,1.957000577456462,332.0978228900447,332.0978228900447,-1.7273188593381532,1.5292482930376914,-191.9470811355461,0.04301280604860589,0.6656822810590631,0.15029531568228105,6,0.9258747122872903,9,0,0,0,False,0
A_no_entropy,11,none,True,True,1.957000577456462,332.0978228900447,332.0978228900447,-1.7273188593381532,1.5292482930376914,-191.9470811355461,0.04301280604860589,0.6599798387096775,0.15200604838709675,6,0.8572439828530728,10,0,0,0,False,0
A_no_entropy,12,none,True,True,1.957000577456462,332.0978228900447,332.0978228900447,-1.7273188593381532,1.5292482930376914,-191.9470811355461,0.04301280604860589,0.638235294117647,0.1585294117647059,6,0.7937005259840998,11,0,0,0,False,0
A_no_entropy,13,none,True,True,1.957000577456462,332.0978228900447,332.0978228900447,-1.7273188593381532,1.5292482930376914,-191.9470811355461,0.04301280604860589,0.6102459016393443,0.1669262295081967,6,0.7348672461377994,12,0,0,0,False,0
A_no_entropy,14,none,True,True,1.957000577456462,332.0978228900447,332.0978228900447,-1.7273188593381532,1.5292482930376914,-191.9470811355461,0.04301280604860589,0.5949596774193548,0.17151209677419352,6,0.6803950000871885,13,0,0,0,False,0
A_no_entropy,15,none,True,True,1.957000577456462,332.0978228900447,332.0978228900447,-1.7273188593381532,1.5292482930376914,-191.9470811355461,0.04301280604860589,0.5537832310838446,0.18386503067484658,6,0.6299605249474366,14,0,0,0,False,0
A_no_entropy,16,none,True,True,1.957000577456462,332.0978228900447,332.0978228900447,-1.7273188593381532,1.5292482930376914,-191.9470811355461,0.04301280604860589,0.5498987854251012,0.18503036437246964,6,0.5832645197880584,0,1,0,25,False,0
A_no_entropy,17,none,True,True,1.957000577456462,332.0978228900447,332.0978228900447,-1.7273188593381532,1.5292482930376914,-191.9470811355461,0.04301280604860589,0.483130081300813,0.20506097560975609,6,0.540029869446153,1,1,0,0,False,0
A_no_entropy,18,none,True,True,1.957000577456462,332.0978228900447,332.0978228900447,-1.7273188593381532,1.5292482930376914,-191.9470811355461,0.04301280604860589,0.49646464646464644,0.20106060606060605,6,0.5,2,1,0,0,False,0
A_no_entropy,19,none,True,True,1.957000577456462,332.0978228900447,332.0978228900447,-1.7273188593381532,1.5292482930376914,-191.9470811355461,0.04301280604860589,0.5057809330628803,0.19826572008113588,6,0.4629373561436452,3,1,0,0,False,0
A_no_entropy,20,none,True,True,1.957000577456462,332.0978228900447,332.0978228900447,-1.7273188593381532,1.5292482930376914,-191.9470811355461,0.04301280604860589,0.4856122448979592,0.20431632653061224,6,0.4286219914265364,4,1,0,0,False,0
A_no_entropy,21,none,True,True,1.957000577456462,332.0978228900447,332.0978228900447,-1.7273188593381532,1.5292482930376914,-191.9470811355461,0.04301280604860589,0.4575757575757576,0.2127272727272727,6,0.39685026299204984,5,1,0,0,False,0
A_no_entropy,22,none,True,True,1.957000577456462,332.0978228900447,332.0978228900447,-1.7273188593381532,1.5292482930376914,-191.9470811355461,0.04301280604860589,0.44561224489795925,0.2163163265306122,6,0.36743362306889965,6,1,0,0,False,0
A_no_entropy,23,none,True,True,1.957000577456462,332.0978228900447,332.0978228900447,-1.7273188593381532,1.5292482930376914,-191.9470811355461,0.04301280604860589,0.4296146044624746,0.2211156186612576,6,0.3401975000435943,7,1,0,0,False,0
A_no_entropy,24,none,True,True,1.957000577456462,332.0978228900447,332.0978228900447,-1.7273188593381532,1.5292482930376914,-191.9470811355461,0.04301280604860589,0.42352342158859474,0.22294297352342157,6,0.3149802624737183,8,1,0,0,False,0
A_no_entropy,25,none,True,True,1.957000577456462,332.0978228900447,332.0978228900447,-1.7273188593381532,1.5292482930376914,-191.9470811355461,0.04301280604860589,0.40354251012145753,0.2289372469635627,5,0.2916322598940292,9,1,0,0,False,0
A_no_entropy,26,none,True,True,1.957000577456462,332.0978228900447,332.0978228900447,-1.7273188593381532,1.5292482930376914,-191.9470811355461,0.04301280604860589,0.40819672131147544,0.22754098360655733,5,0.2700149347230765,10,1,0,0,False,0
A_no_entropy,27,none,True,True,1.957000577456462,332.0978228900447,332.0978228900447,-1.7273188593381532,1.5292482930376914,-191.9470811355461,0.04301280604860589,0.4258655804480652,0.22224032586558043,5,0.25,11,1,0,0,False,0
A_no_entropy,28,none,True,True,1.957000577456462,332.0978228900447,332.0978228900447,-1.7273188593381532,1.5292482930376914,-191.9470811355461,0.04301280604860589,0.43364197530864196,0.21990740740740738,5,0.2314686780718226,12,1,0,0,False,0
A_no_entropy,29,none,True,True,1.957000577456462,332.0978228900447,332.0978228900447,-1.7273188593381532,1.5292482930376914,-191.9470811355461,0.04301280604860589,0.42777777777777776,0.22166666666666665,5,0.2143109957132682,13,1,0,0,False,0
A_no_entropy,30,none,True,True,1.957000577456462,332.0978228900447,332.0978228900447,-1.7273188593381532,1.5292482930376914,-191.9470811355461,0.04301280604860589,0.42698574338085543,0.22190427698574336,5,0.19842513149602492,14,1,0,0,False,0
A_no_entropy,31,none,True,True,1.957000577456462,332.0978228900447,332.0978228900447,-1.7273188593381532,1.5292482930376914,-191.9470811355461,0.04301280604860589,0.39999999999999997,0.22999999999999998,5,0.18371681153444983,0,2,0,38,False,0
A_no_entropy,32,none,True,True,1.957000577456462,332.0978228900447,332.0978228900447,-1.7273188593381532,1.5292482930376914,-191.9470811355461,0.04301280604860589,0.4161914460285132,0.22514256619144601,5,0.17009875002179714,1,2,0,0,False,0
A_no_entropy,33,none,True,True,1.957000577456462,332.0978228900447,332.0978228900447,-1.7273188593381532,1.5292482930376914,-191.9470811355461,0.04301280604860589,0.3998975409836065,0.23003073770491803,5,0.15749013123685915,2,2,0,0,False,0
A_no_entropy,34,none,True,True,1.957000577456462,332.0978228900447,332.0978228900447,-1.7273188593381532,1.5292482930376914,-191.9470811355461,0.04301280604860589,0.40152439024390246,0.22954268292682925,5,0.1458161299470146,3,2,0,0,False,0
A_no_entropy,35,none,True,True,1.957000577456462,332.0978228900447,332.0978228900447,-1.7273188593381532,1.5292482930376914,-191.9470811355461,0.04301280604860589,0.3979550102249489,0.23061349693251532,5,0.13500746736153826,4,2,0,0,False,0
A_no_entropy,36,none,True,True,1.957000577456462,332.0978228900447,332.0978228900447,-1.7273188593381532,1.5292482930376914,-191.9470811355461,0.04301280604860589,0.37669404517453803,0.23699178644763857,5,0.125,5,2,0,0,False,0
A_no_entropy,37,none,True,True,1.957000577456462,332.0978228900447,332.0978228900447,-1.7273188593381532,1.5292482930376914,-191.9470811355461,0.04301280604860589,0.3324847250509165,0.25025458248472504,5,0.11573433903591133,6,2,0,0,False,0
A_no_entropy,38,none,True,True,1.957000577456462,332.0978228900447,332.0978228900447,-1.7273188593381532,1.5292482930376914,-191.9470811355461,0.04301280604860589,0.36109979633401224,0.24167006109979633,5,0.1071554978566341,7,2,0,0,False,0
A_no_entropy,39,none,True,True,1.957000577456462,332.0978228900447,332.0978228900447,-1.7273188593381532,1.5292482930376914,-191.9470811355461,0.04301280604860589,0.37616632860040566,0.2371501014198783,5,0.09921256574801249,8,2,0,0,False,0
A_no_entropy,40,none,True,True,1.957000577456462,332.0978228900447,332.0978228900447,-1.7273188593381532,1.5292482930376914,-191.9470811355461,0.04301280604860589,0.3777665995975855,0.23667002012072433,5,0.09185840576722491,9,2,0,0,False,0
A_no_entropy,41,none,True,True,1.957000577456462,332.0978228900447,332.0978228900447,-1.7273188593381532,1.5292482930376914,-191.9470811355461,0.04301280604860589,0.3676591375770021,0.23970225872689938,5,0.08504937501089857,10,2,0,0,False,0
A_no_entropy,42,none,True,True,1.957000577456462,332.0978228900447,332.0978228900447,-1.7273188593381532,1.5292482930376914,-191.9470811355461,0.04301280604860589,0.3729124236252546,0.2381262729124236,5,0.07874506561842956,11,2,0,0,False,0
A_no_entropy,43,none,True,True,1.957000577456462,332.0978228900447,332.0978228900447,-1.7273188593381532,1.5292482930376914,-191.9470811355461,0.04301280604860589,0.359775967413442,0.2420672097759674,5,0.0729080649735073,12,2,0,0,False,0
A_no_entropy,44,none,True,True,1.957000577456462,332.0978228900447,332.0978228900447,-1.7273188593381532,1.5292482930376914,-191.9470811355461,0.04301280604860589,0.36707070707070705,0.23987878787878786,5,0.06750373368076912,13,2,0,0,False,0
A_no_entropy,45,none,True,True,1.957000577456462,332.0978228900447,332.0978228900447,-1.7273188593381532,1.5292482930376914,-191.9470811355461,0.04301280604860589,0.36724489795918364,0.2398265306122449,5,0.0625,14,2,0,0,False,0
A_no_entropy,46,none,True,True,1.957000577456462,332.0978228900447,332.0978228900447,-1.7273188593381532,1.5292482930376914,-191.9470811355461,0.04301280604860589,0.43607723577235774,0.21917682926829266,5,0.05786716951795567,0,3,0,56,False,0
A_no_entropy,47,none,True,True,1.957000577456462,332.0978228900447,332.0978228900447,-1.7273188593381532,1.5292482930376914,-191.9470811355461,0.04301280604860589,0.5107723577235772,0.1967682926829268,5,0.05357774892831705,1,3,0,0,False,0
A_no_entropy,48,none,True,True,1.957000577456462,332.0978228900447,332.0978228900447,-1.7273188593381532,1.5292482930376914,-191.9470811355461,0.04301280604860589,0.47417355371900827,0.2077479338842975,5,0.049606282874006244,2,3,0,0,False,0
A_no_entropy,49,none,True,True,1.957000577456462,332.0978228900447,332.0978228900447,-1.7273188593381532,1.5292482930376914,-191.9470811355461,0.04301280604860589,0.4309572301425662,0.22071283095723013,5,0.045929202883612456,3,3,0,0,False,0
A_no_entropy,50,none,True,True,1.957000577456462,332.0978228900447,332.0978228900447,-1.7273188593381532,1.5292482930376914,-191.9470811355461,0.04301280604860589,0.3959100204498978,0.23122699386503065,4,0.042524687505449285,4,3,0,0,False,0
A_no_entropy,51,none,True,True,1.957000577456462,332.0978228900447,332.0978228900447,-1.7273188593381532,1.5292482930376914,-191.9470811355461,0.04301280604860589,0.36008064516129035,0.24197580645161287,4,0.03937253280921478,5,3,0,0,False,0
A_no_entropy,52,none,True,True,1.957000577456462,332.0978228900447,332.0978228900447,-1.7273188593381532,1.5292482930376914,-191.9470811355461,0.04301280604860589,0.4019507186858316,0.2294147843942505,4,0.03645403248675365,6,3,0,0,False,0
A_no_entropy,53,none,True,True,1.957000577456462,332.0978228900447,332.0978228900447,-1.7273188593381532,1.5292482930376914,-191.9470811355461,0.04301280604860589,0.385336048879837,0.23439918533604887,4,0.03375186684038456,7,3,0,0,False,0
A_no_entropy,54,none,True,True,1.957000577456462,332.0978228900447,332.0978228900447,-1.7273188593381532,1.5292482930376914,-191.9470811355461,0.04301280604860589,0.37697768762677486,0.23690669371196754,4,0.03125,8,3,0,0,False,0
A_no_entropy,55,none,True,True,1.957000577456462,332.0978228900447,332.0978228900447,-1.7273188593381532,1.5292482930376914,-191.9470811355461,0.04301280604860589,0.35688259109311743,0.24293522267206474,4,0.028933584758977834,9,3,0,0,False,0
A_no_entropy,56,none,True,True,1.957000577456462,332.0978228900447,332.0978228900447,-1.7273188593381532,1.5292482930376914,-191.9470811355461,0.04301280604860589,0.3567813765182186,0.24296558704453441,4,0.026788874464158525,10,3,0,0,False,0
A_no_entropy,57,none,True,True,1.957000577456462,332.0978228900447,332.0978228900447,-1.7273188593381532,1.5292482930376914,-191.9470811355461,0.04301280604860589,0.3567484662576687,0.24297546012269938,4,0.024803141437003122,11,3,0,0,False,0
A_no_entropy,58,none,True,True,1.957000577456462,332.0978228900447,332.0978228900447,-1.7273188593381532,1.5292482930376914,-191.9470811355461,0.04301280604860589,0.34483805668016193,0.2465485829959514,4,0.022964601441806228,12,3,0,0,False,0
A_no_entropy,59,none,True,True,1.957000577456462,332.0978228900447,332.0978228900447,-1.7273188593381532,1.5292482930376914,-191.9470811355461,0.04301280604860589,0.34046653144016226,0.2478600405679513,4,0.021262343752724643,13,3,0,0,False,0
A_gauss_only,0,gauss,True,True,1.9131608352189362,335.6482609148696,335.6482609148696,-1.0008186746676238,1.5367224694372192,-185.2205296377562,0.08894320954917678,0.8860160965794769,0.08419517102615692,6,2.0,0,0,0,0,False,1
A_gauss_only,1,gauss,True,True,1.9131608352189362,335.6482609148696,335.6482609148696,-1.0008186746676238,1.5367224694372192,-185.2205296377562,0.08894320954917678,0.8732179226069247,0.0880346232179226,6,1.851749424574581,1,0,0,0,False,6
A_gauss_only,2,gauss,True,True,1.9131608352189362,335.6482609148696,335.6482609148696,-1.0008186746676238,1.5367224694372192,-185.2205296377562,0.08894320954917678,0.8557575757575758,0.09327272727272723,6,1.7144879657061456,2,0,0,0,False,11
A_gauss_only,3,gauss,True,True,1.9131608352189362,335.6482609148696,335.6482609148696,-1.0008186746676238,1.5367224694372192,-185.2205296377562,0.08894320954917678,0.8261616161616161,0.10215151515151516,6,1.5874010519681996,3,0,0,0,False,16
A_gauss_only,4,gauss,True,True,1.9131608352189362,335.6482609148696,335.6482609148696,-1.0008186746676238,1.5367224694372192,-185.2205296377562,0.08894320954917678,0.8067622950819672,0.10797131147540984,6,1.4697344922755988,4,0,0,0,False,21
A_gauss_only,5,gauss,True,True,1.9131608352189362,335.6482609148696,335.6482609148696,-1.0008186746676238,1.5367224694372192,-185.2205296377562,0.08894320954917678,0.7783057851239669,0.11650826446280993,6,1.360790000174377,5,0,0,0,False,26
A_gauss_only,6,gauss,True,True,1.9131608352189362,335.6482609148696,335.6482609148696,-1.0008186746676238,1.5367224694372192,-185.2205296377562,0.08894320954917678,0.7709445585215605,0.11871663244353184,6,1.2599210498948732,6,0,0,0,False,31
A_gauss_only,7,gauss,True,True,1.9131608352189362,335.6482609148696,335.6482609148696,-1.0008186746676238,1.5367224694372192,-185.2205296377562,0.08894320954917678,0.744591836734694,0.1266224489795918,6,1.1665290395761165,7,0,0,0,False,35
A_gauss_only,8,gauss,True,True,1.9131608352189362,335.6482609148696,335.6482609148696,-1.0008186746676238,1.5367224694372192,-185.2205296377562,0.08894320954917678,0.7076064908722108,0.13771805273833673,6,1.080059738892306,8,0,0,0,False,40
A_gauss_only,9,gauss,True,True,1.9131608352189362,335.6482609148696,335.6482609148696,-1.0008186746676238,1.5367224694372192,-185.2205296377562,0.08894320954917678,0.6878323108384458,0.14365030674846627,6,1.0,9,0,0,0,False,45
A_gauss_only,10,gauss,True,True,1.9131608352189362,335.6482609148696,335.6482609148696,-1.0008186746676238,1.5367224694372192,-185.2205296377562,0.08894320954917678,0.6621676891615541,0.15134969325153375,6,0.9258747122872903,10,0,0,0,False,49
A_gauss_only,11,gauss,True,True,1.9131608352189362,335.6482609148696,335.6482609148696,-1.0008186746676238,1.5367224694372192,-185.2205296377562,0.08894320954917678,0.6433198380566802,0.1570040485829959,6,0.8572439828530728,11,0,0,0,False,54
A_gauss_only,12,gauss,True,True,1.9131608352189362,335.6482609148696,335.6482609148696,-1.0008186746676238,1.5367224694372192,-185.2205296377562,0.08894320954917678,0.619331983805668,0.1642004048582996,6,0.7937005259840998,12,0,0,0,False,59
A_gauss_only,13,gauss,True,True,1.9131608352189362,335.6482609148696,335.6482609148696,-1.0008186746676238,1.5367224694372192,-185.2205296377562,0.08894320954917678,0.6031697341513292,0.1690490797546012,6,0.7348672461377994,13,0,0,0,False,63
A_gauss_only,14,gauss,True,True,1.9131608352189362,335.6482609148696,335.6482609148696,-1.0008186746676238,1.5367224694372192,-185.2205296377562,0.08894320954917678,0.5705645161290323,0.1788306451612903,6,0.6803950000871885,14,0,0,0,False,70
A_gauss_only,15,gauss,True,True,1.9131608352189362,335.6482609148696,335.6482609148696,-1.0008186746676238,1.5367224694372192,-185.2205296377562,0.08894320954917678,0.5683026584867075,0.17950920245398774,6,0.6299605249474366,0,1,0,25,False,73
A_gauss_only,16,gauss,True,True,1.9131608352189362,335.6482609148696,335.6482609148696,-1.0008186746676238,1.5367224694372192,-185.2205296377562,0.08894320954917678,0.48536585365853663,0.20439024390243898,6,0.5832645197880584,1,1,0,0,False,78
A_gauss_only,17,gauss,True,True,1.9131608352189362,335.6482609148696,335.6482609148696,-1.0008186746676238,1.5367224694372192,-185.2205296377562,0.08894320954917678,0.4670385395537525,0.20988843813387423,6,0.540029869446153,2,1,0,0,False,83
A_gauss_only,18,gauss,True,True,1.9131608352189362,335.6482609148696,335.6482609148696,-1.0008186746676238,1.5367224694372192,-185.2205296377562,0.08894320954917678,0.501008064516129,0.19969758064516127,6,0.5,3,1,0,0,False,88
A_gauss_only,19,gauss,True,True,1.9131608352189362,335.6482609148696,335.6482609148696,-1.0008186746676238,1.5367224694372192,-185.2205296377562,0.08894320954917678,0.4709939148073022,0.20870182555780933,6,0.4629373561436452,4,1,0,0,False,89
A_gauss_only,20,gauss,True,True,1.9131608352189362,335.6482609148696,335.6482609148696,-1.0008186746676238,1.5367224694372192,-185.2205296377562,0.08894320954917678,0.4709775967413442,0.2087067209775967,6,0.4286219914265364,5,1,0,0,False,93
A_gauss_only,21,gauss,True,True,1.9131608352189362,335.6482609148696,335.6482609148696,-1.0008186746676238,1.5367224694372192,-185.2205296377562,0.08894320954917678,0.4542510121457489,0.2137246963562753,6,0.39685026299204984,6,1,0,0,False,97
A_gauss_only,22,gauss,True,True,1.9131608352189362,335.6482609148696,335.6482609148696,-1.0008186746676238,1.5367224694372192,-185.2205296377562,0.08894320954917678,0.4221428571428572,0.2233571428571428,6,0.36743362306889965,7,1,0,0,False,99
A_gauss_only,23,gauss,True,True,1.9131608352189362,335.6482609148696,335.6482609148696,-1.0008186746676238,1.5367224694372192,-185.2205296377562,0.08894320954917678,0.4105476673427991,0.22683569979716023,6,0.3401975000435943,8,1,0,0,False,105
A_gauss_only,24,gauss,True,True,1.9131608352189362,335.6482609148696,335.6482609148696,-1.0008186746676238,1.5367224694372192,-185.2205296377562,0.08894320954917678,0.43951120162932794,0.2181466395112016,6,0.3149802624737183,9,1,0,0,False,109
A_gauss_only,25,gauss,True,True,1.9131608352189362,335.6482609148696,335.6482609148696,-1.0008186746676238,1.5367224694372192,-185.2205296377562,0.08894320954917678,0.4061866125760649,0.2281440162271805,5,0.2916322598940292,10,1,0,0,False,117
A_gauss_only,26,gauss,True,True,1.9131608352189362,335.6482609148696,335.6482609148696,-1.0008186746676238,1.5367224694372192,-185.2205296377562,0.08894320954917678,0.4470347648261759,0.21588957055214722,5,0.2700149347230765,11,1,0,0,False,122
A_gauss_only,27,gauss,True,True,1.9131608352189362,335.6482609148696,335.6482609148696,-1.0008186746676238,1.5367224694372192,-185.2205296377562,0.08894320954917678,0.4176829268292683,0.2246951219512195,5,0.25,12,1,0,0,False,128
A_gauss_only,28,gauss,True,True,1.9131608352189362,335.6482609148696,335.6482609148696,-1.0008186746676238,1.5367224694372192,-185.2205296377562,0.08894320954917678,0.4242362525458248,0.22272912423625255,5,0.2314686780718226,13,1,0,0,False,131
A_gauss_only,29,gauss,True,True,1.9131608352189362,335.6482609148696,335.6482609148696,-1.0008186746676238,1.5367224694372192,-185.2205296377562,0.08894320954917678,0.43609406952965235,0.21917177914110428,5,0.2143109957132682,14,1,0,0,False,135
A_gauss_only,30,gauss,True,True,1.9131608352189362,335.6482609148696,335.6482609148696,-1.0008186746676238,1.5367224694372192,-185.2205296377562,0.08894320954917678,0.4370672097759674,0.21887983706720976,5,0.19842513149602492,0,2,0,38,False,142
A_gauss_only,31,gauss,True,True,1.9131608352189362,335.6482609148696,335.6482609148696,-1.0008186746676238,1.5367224694372192,-185.2205296377562,0.08894320954917678,0.44735772357723574,0.21579268292682927,5,0.18371681153444983,1,2,0,0,False,146
A_gauss_only,32,gauss,True,True,1.9131608352189362,335.6482609148696,335.6482609148696,-1.0008186746676238,1.5367224694372192,-185.2205296377562,0.08894320954917678,0.4553643724696356,0.21339068825910928,5,0.17009875002179714,2,2,0,0,False,150
A_gauss_only,33,gauss,True,True,1.9131608352189362,335.6482609148696,335.6482609148696,-1.0008186746676238,1.5367224694372192,-185.2205296377562,0.08894320954917678,0.4379065040650406,0.2186280487804878,5,0.15749013123685915,3,2,0,0,False,153
A_gauss_only,34,gauss,True,True,1.9131608352189362,335.6482609148696,335.6482609148696,-1.0008186746676238,1.5367224694372192,-185.2205296377562,0.08894320954917678,0.42474541751527495,0.2225763747454175,5,0.1458161299470146,4,2,0,0,False,159
A_gauss_only,35,gauss,True,True,1.9131608352189362,335.6482609148696,335.6482609148696,-1.0008186746676238,1.5367224694372192,-185.2205296377562,0.08894320954917678,0.435480572597137,0.2193558282208589,5,0.13500746736153826,5,2,0,0,False,164
A_gauss_only,36,gauss,True,True,1.9131608352189362,335.6482609148696,335.6482609148696,-1.0008186746676238,1.5367224694372192,-185.2205296377562,0.08894320954917678,0.44040816326530613,0.21787755102040815,5,0.125,6,2,0,0,False,169
A_gauss_only,37,gauss,True,True,1.9131608352189362,335.6482609148696,335.6482609148696,-1.0008186746676238,1.5367224694372192,-185.2205296377562,0.08894320954917678,0.42829218106995887,0.22151234567901232,5,0.11573433903591133,7,2,0,0,False,172
A_gauss_only,38,gauss,True,True,1.9131608352189362,335.6482609148696,335.6482609148696,-1.0008186746676238,1.5367224694372192,-185.2205296377562,0.08894320954917678,0.4269857433808554,0.22190427698574336,5,0.1071554978566341,8,2,0,0,False,179
A_gauss_only,39,gauss,True,True,1.9131608352189362,335.6482609148696,335.6482609148696,-1.0008186746676238,1.5367224694372192,-185.2205296377562,0.08894320954917678,0.42413793103448283,0.22275862068965513,5,0.09921256574801249,9,2,0,0,False,184
A_gauss_only,40,gauss,True,True,1.9131608352189362,335.6482609148696,335.6482609148696,-1.0008186746676238,1.5367224694372192,-185.2205296377562,0.08894320954917678,0.38497983870967745,0.23450604838709677,5,0.09185840576722491,10,2,0,0,False,188
A_gauss_only,41,gauss,True,True,1.9131608352189362,335.6482609148696,335.6482609148696,-1.0008186746676238,1.5367224694372192,-185.2205296377562,0.08894320954917678,0.3935714285714286,0.2319285714285714,5,0.08504937501089857,11,2,0,0,False,192
A_gauss_only,42,gauss,True,True,1.9131608352189362,335.6482609148696,335.6482609148696,-1.0008186746676238,1.5367224694372192,-185.2205296377562,0.08894320954917678,0.4093047034764826,0.2272085889570552,5,0.07874506561842956,12,2,0,0,False,199
A_gauss_only,43,gauss,True,True,1.9131608352189362,335.6482609148696,335.6482609148696,-1.0008186746676238,1.5367224694372192,-185.2205296377562,0.08894320954917678,0.4177551020408163,0.2246734693877551,5,0.0729080649735073,13,2,0,0,False,205
A_gauss_only,44,gauss,True,True,1.9131608352189362,335.6482609148696,335.6482609148696,-1.0008186746676238,1.5367224694372192,-185.2205296377562,0.08894320954917678,0.44336016096579484,0.21699195171026153,5,0.06750373368076912,14,2,0,0,False,207
A_gauss_only,45,gauss,True,True,1.9131608352189362,335.6482609148696,335.6482609148696,-1.0008186746676238,1.5367224694372192,-185.2205296377562,0.08894320954917678,0.4294117647058823,0.22117647058823528,5,0.0625,0,3,0,56,False,212
A_gauss_only,46,gauss,True,True,1.9131608352189362,335.6482609148696,335.6482609148696,-1.0008186746676238,1.5367224694372192,-185.2205296377562,0.08894320954917678,0.5456122448979592,0.18631632653061223,5,0.05786716951795567,1,3,0,0,False,218
A_gauss_only,47,gauss,True,True,1.9131608352189362,335.6482609148696,335.6482609148696,-1.0008186746676238,1.5367224694372192,-185.2205296377562,0.08894320954917678,0.5057809330628803,0.19826572008113588,5,0.05357774892831705,2,3,0,0,False,220
A_gauss_only,48,gauss,True,True,1.9131608352189362,335.6482609148696,335.6482609148696,-1.0008186746676238,1.5367224694372192,-185.2205296377562,0.08894320954917678,0.47294238683127576,0.20811728395061727,5,0.049606282874006244,3,3,0,0,False,226
A_gauss_only,49,gauss,True,True,1.9131608352189362,335.6482609148696,335.6482609148696,-1.0008186746676238,1.5367224694372192,-185.2205296377562,0.08894320954917678,0.4221881390593047,0.2233435582822086,5,0.045929202883612456,4,3,0,0,False,231
A_gauss_only,50,gauss,True,True,1.9131608352189362,335.6482609148696,335.6482609148696,-1.0008186746676238,1.5367224694372192,-185.2205296377562,0.08894320954917678,0.3964139344262295,0.23107581967213114,4,0.042524687505449285,5,3,0,0,False,236
A_gauss_only,51,gauss,True,True,1.9131608352189362,335.6482609148696,335.6482609148696,-1.0008186746676238,1.5367224694372192,-185.2205296377562,0.08894320954917678,0.3860887096774194,0.23417338709677415,4,0.03937253280921478,6,3,0,0,False,239
A_gauss_only,52,gauss,True,True,1.9131608352189362,335.6482609148696,335.6482609148696,-1.0008186746676238,1.5367224694372192,-185.2205296377562,0.08894320954917678,0.405441478439425,0.22836755646817247,4,0.03645403248675365,7,3,0,0,False,245
A_gauss_only,53,gauss,True,True,1.9131608352189362,335.6482609148696,335.6482609148696,-1.0008186746676238,1.5367224694372192,-185.2205296377562,0.08894320954917678,0.39787018255578094,0.2306389452332657,4,0.03375186684038456,8,3,0,0,False,248
A_gauss_only,54,gauss,True,True,1.9131608352189362,335.6482609148696,335.6482609148696,-1.0008186746676238,1.5367224694372192,-185.2205296377562,0.08894320954917678,0.3759634888438134,0.23721095334685596,4,0.03125,9,3,0,0,False,250
A_gauss_only,55,gauss,True,True,1.9131608352189362,335.6482609148696,335.6482609148696,-1.0008186746676238,1.5367224694372192,-185.2205296377562,0.08894320954917678,0.35202839756592297,0.2443914807302231,4,0.028933584758977834,10,3,0,0,False,254
A_gauss_only,56,gauss,True,True,1.9131608352189362,335.6482609148696,335.6482609148696,-1.0008186746676238,1.5367224694372192,-185.2205296377562,0.08894320954917678,0.3549079754601227,0.24352760736196316,4,0.026788874464158525,11,3,0,0,False,258
A_gauss_only,57,gauss,True,True,1.9131608352189362,335.6482609148696,335.6482609148696,-1.0008186746676238,1.5367224694372192,-185.2205296377562,0.08894320954917678,0.3366869918699187,0.24899390243902436,4,0.024803141437003122,12,3,0,0,False,266
A_gauss_only,58,gauss,True,True,1.9131608352189362,335.6482609148696,335.6482609148696,-1.0008186746676238,1.5367224694372192,-185.2205296377562,0.08894320954917678,0.36500000000000005,0.24049999999999996,4,0.022964601441806228,13,3,0,0,False,273
A_gauss_only,59,gauss,True,True,1.9131608352189362,335.6482609148696,335.6482609148696,-1.0008186746676238,1.5367224694372192,-185.2205296377562,0.08894320954917678,0.3323170731707317,0.25030487804878043,4,0.021262343752724643,14,3,0,0,False,276
A_hist_only,0,hist,True,True,1.9419799890611773,335.9149020518114,335.9149020518114,-1.0483416844697695,1.8989267893363289,-185.03606446825944,0.08481522453613635,0.8857142857142856,0.0842857142857143,6,2.0,0,0,0,0,False,6
A_hist_only,1,hist,True,True,1.9419799890611773,335.9149020518114,335.9149020518114,-1.0483416844697695,1.8989267893363289,-185.03606446825944,0.08481522453613635,0.869959266802444,0.08901221995926678,6,1.851749424574581,1,0,0,0,False,13
A_hist_only,2,hist,True,True,1.9419799890611773,335.9149020518114,335.9149020518114,-1.0483416844697695,1.8989267893363289,-185.03606446825944,0.08481522453613635,0.8647474747474747,0.09057575757575759,6,1.7144879657061456,2,0,0,0,False,20
A_hist_only,3,hist,True,True,1.9419799890611773,335.9149020518114,335.9149020518114,-1.0483416844697695,1.8989267893363289,-185.03606446825944,0.08481522453613635,0.8333333333333334,0.09999999999999998,6,1.5874010519681996,3,0,0,0,False,27
A_hist_only,4,hist,True,True,1.9419799890611773,335.9149020518114,335.9149020518114,-1.0483416844697695,1.8989267893363289,-185.03606446825944,0.08481522453613635,0.8048155737704918,0.10855532786885244,6,1.4697344922755988,4,0,0,0,False,33
A_hist_only,5,hist,True,True,1.9419799890611773,335.9149020518114,335.9149020518114,-1.0483416844697695,1.8989267893363289,-185.03606446825944,0.08481522453613635,0.7782024793388429,0.11653925619834712,6,1.360790000174377,5,0,0,0,False,39
A_hist_only,6,hist,True,True,1.9419799890611773,335.9149020518114,335.9149020518114,-1.0483416844697695,1.8989267893363289,-185.03606446825944,0.08481522453613635,0.7776180698151951,0.11671457905544147,6,1.2599210498948732,6,0,0,0,False,48
A_hist_only,7,hist,True,True,1.9419799890611773,335.9149020518114,335.9149020518114,-1.0483416844697695,1.8989267893363289,-185.03606446825944,0.08481522453613635,0.7330612244897959,0.1300816326530612,6,1.1665290395761165,7,0,0,0,False,57
A_hist_only,8,hist,True,True,1.9419799890611773,335.9149020518114,335.9149020518114,-1.0483416844697695,1.8989267893363289,-185.03606446825944,0.08481522453613635,0.7130831643002029,0.1360750507099391,6,1.080059738892306,8,0,0,0,False,61
A_hist_only,9,hist,True,True,1.9419799890611773,335.9149020518114,335.9149020518114,-1.0483416844697695,1.8989267893363289,-185.03606446825944,0.08481522453613635,0.707361963190184,0.1377914110429448,6,1.0,9,0,0,0,False,65
A_hist_only,10,hist,True,True,1.9419799890611773,335.9149020518114,335.9149020518114,-1.0483416844697695,1.8989267893363289,-185.03606446825944,0.08481522453613635,0.6684049079754601,0.14947852760736194,6,0.9258747122872903,10,0,0,0,False,72
A_hist_only,11,hist,True,True,1.9419799890611773,335.9149020518114,335.9149020518114,-1.0483416844697695,1.8989267893363289,-185.03606446825944,0.08481522453613635,0.6522267206477732,0.154331983805668,6,0.8572439828530728,11,0,0,0,False,77
A_hist_only,12,hist,True,True,1.9419799890611773,335.9149020518114,335.9149020518114,-1.0483416844697695,1.8989267893363289,-185.03606446825944,0.08481522453613635,0.6325910931174089,0.1602226720647773,6,0.7937005259840998,12,0,0,0,False,82
A_hist_only,13,hist,True,True,1.9419799890611773,335.9149020518114,335.9149020518114,-1.0483416844697695,1.8989267893363289,-185.03606446825944,0.08481522453613635,0.6445585215605749,0.1566324435318275,6,0.7348672461377994,13,0,0,0,False,89
A_hist_only,14,hist,True,True,1.9419799890611773,335.9149020518114,335.9149020518114,-1.0483416844697695,1.8989267893363289,-185.03606446825944,0.08481522453613635,0.615587044534413,0.16532388663967607,6,0.6803950000871885,14,0,0,0,False,101
A_hist_only,15,hist,True,True,1.9419799890611773,335.9149020518114,335.9149020518114,-1.0483416844697695,1.8989267893363289,-185.03606446825944,0.08481522453613635,0.5773006134969324,0.17680981595092027,6,0.6299605249474366,0,1,0,25,False,106
A_hist_only,16,hist,True,True,1.9419799890611773,335.9149020518114,335.9149020518114,-1.0483416844697695,1.8989267893363289,-185.03606446825944,0.08481522453613635,0.5205284552845529,0.1938414634146341,6,0.5832645197880584,1,1,0,0,False,115
A_hist_only,17,hist,True,True,1.9419799890611773,335.9149020518114,335.9149020518114,-1.0483416844697695,1.8989267893363289,-185.03606446825944,0.08481522453613635,0.5027439024390243,0.1991768292682927,6,0.540029869446153,2,1,0,0,False,119
A_hist_only,18,hist,True,True,1.9419799890611773,335.9149020518114,335.9149020518114,-1.0483416844697695,1.8989267893363289,-185.03606446825944,0.08481522453613635,0.505476673427992,0.1983569979716024,6,0.5,3,1,0,0,False,122
A_hist_only,19,hist,True,True,1.9419799890611773,335.9149020518114,335.9149020518114,-1.0483416844697695,1.8989267893363289,-185.03606446825944,0.08481522453613635,0.47321792260692463,0.2080346232179226,6,0.4629373561436452,4,1,0,0,False,130
A_hist_only,20,hist,True,True,1.9419799890611773,335.9149020518114,335.9149020518114,-1.0483416844697695,1.8989267893363289,-185.03606446825944,0.08481522453613635,0.5028513238289206,0.1991446028513238,6,0.4286219914265364,5,1,0,0,False,136
A_hist_only,21,hist,True,True,1.9419799890611773,335.9149020518114,335.9149020518114,-1.0483416844697695,1.8989267893363289,-185.03606446825944,0.08481522453613635,0.5033333333333334,0.19899999999999995,6,0.39685026299204984,6,1,0,0,False,142
A_hist_only,22,hist,True,True,1.9419799890611773,335.9149020518114,335.9149020518114,-1.0483416844697695,1.8989267893363289,-185.03606446825944,0.08481522453613635,0.5044897959183674,0.19865306122448975,6,0.36743362306889965,7,1,0,0,False,145
A_hist_only,23,hist,True,True,1.9419799890611773,335.9149020518114,335.9149020518114,-1.0483416844697695,1.8989267893363289,-185.03606446825944,0.08481522453613635,0.44634888438133874,0.21609533468559836,6,0.3401975000435943,8,1,0,0,False,156
A_hist_only,24,hist,True,True,1.9419799890611773,335.9149020518114,335.9149020518114,-1.0483416844697695,1.8989267893363289,-185.03606446825944,0.08481522453613635,0.49928861788617884,0.20021341463414632,6,0.3149802624737183,9,1,0,0,False,165
A_hist_only,25,hist,True,True,1.9419799890611773,335.9149020518114,335.9149020518114,-1.0483416844697695,1.8989267893363289,-185.03606446825944,0.08481522453613635,0.4537223340040241,0.21388329979879275,5,0.2916322598940292,10,1,0,0,False,170
A_hist_only,26,hist,True,True,1.9419799890611773,335.9149020518114,335.9149020518114,-1.0483416844697695,1.8989267893363289,-185.03606446825944,0.08481522453613635,0.4522312373225152,0.21433062880324544,5,0.2700149347230765,11,1,0,0,False,174
A_hist_only,27,hist,True,True,1.9419799890611773,335.9149020518114,335.9149020518114,-1.0483416844697695,1.8989267893363289,-185.03606446825944,0.08481522453613635,0.44571428571428573,0.21628571428571428,5,0.25,12,1,0,0,False,180
A_hist_only,28,hist,True,True,1.9419799890611773,335.9149020518114,335.9149020518114,-1.0483416844697695,1.8989267893363289,-185.03606446825944,0.08481522453613635,0.4631845841784989,0.2110446247464503,5,0.2314686780718226,13,1,0,0,False,183
A_hist_only,29,hist,True,True,1.9419799890611773,335.9149020518114,335.9149020518114,-1.0483416844697695,1.8989267893363289,-185.03606446825944,0.08481522453613635,0.4172097759674135,0.22483706720977595,5,0.2143109957132682,14,1,0,0,False,190
A_hist_only,30,hist,True,True,1.9419799890611773,335.9149020518114,335.9149020518114,-1.0483416844697695,1.8989267893363289,-185.03606446825944,0.08481522453613635,0.4631416837782341,0.21105749486652975,5,0.19842513149602492,0,2,0,38,False,196
A_hist_only,31,hist,True,True,1.9419799890611773,335.9149020518114,335.9149020518114,-1.0483416844697695,1.8989267893363289,-185.03606446825944,0.08481522453613635,0.5002024291497975,0.19993927125506072,5,0.18371681153444983,1,2,0,0,False,201
A_hist_only,32,hist,True,True,1.9419799890611773,335.9149020518114,335.9149020518114,-1.0483416844697695,1.8989267893363289,-185.03606446825944,0.08481522453613635,0.5132860040567951,0.19601419878296145,5,0.17009875002179714,2,2,0,0,False,206
A_hist_only,33,hist,True,True,1.9419799890611773,335.9149020518114,335.9149020518114,-1.0483416844697695,1.8989267893363289,-185.03606446825944,0.08481522453613635,0.46985596707818933,0.20904320987654318,5,0.15749013123685915,3,2,0,0,False,211
A_hist_only,34,hist,True,True,1.9419799890611773,335.9149020518114,335.9149020518114,-1.0483416844697695,1.8989267893363289,-185.03606446825944,0.08481522453613635,0.4735714285714286,0.2079285714285714,5,0.1458161299470146,4,2,0,0,False,215
A_hist_only,35,hist,True,True,1.9419799890611773,335.9149020518114,335.9149020518114,-1.0483416844697695,1.8989267893363289,-185.03606446825944,0.08481522453613635,0.4164300202839757,0.22507099391480728,5,0.13500746736153826,5,2,0,0,False,221
A_hist_only,36,hist,True,True,1.9419799890611773,335.9149020518114,335.9149020518114,-1.0483416844697695,1.8989267893363289,-185.03606446825944,0.08481522453613635,0.4224137931034483,0.2232758620689655,5,0.125,6,2,0,0,False,225
A_hist_only,37,hist,True,True,1.9419799890611773,335.9149020518114,335.9149020518114,-1.0483416844697695,1.8989267893363289,-185.03606446825944,0.08481522453613635,0.4065173116089614,0.22804480651731157,5,0.11573433903591133,7,2,0,0,False,231
A_hist_only,38,hist,True,True,1.9419799890611773,335.9149020518114,335.9149020518114,-1.0483416844697695,1.8989267893363289,-185.03606446825944,0.08481522453613635,0.3932790224032586,0.2320162932790224,5,0.1071554978566341,8,2,0,0,False,239
A_hist_only,39,hist,True,True,1.9419799890611773,335.9149020518114,335.9149020518114,-1.0483416844697695,1.8989267893363289,-185.03606446825944,0.08481522453613635,0.4194105691056911,0.22417682926829266,5,0.09921256574801249,9,2,0,0,False,248
A_hist_only,40,hist,True,True,1.9419799890611773,335.9149020518114,335.9149020518114,-1.0483416844697695,1.8989267893363289,-185.03606446825944,0.08481522453613635,0.40150905432595574,0.22954728370221328,5,0.09185840576722491,10,2,0,0,False,254
A_hist_only,41,hist,True,True,1.9419799890611773,335.9149020518114,335.9149020518114,-1.0483416844697695,1.8989267893363289,-185.03606446825944,0.08481522453613635,0.39432048681541576,0.23170385395537524,5,0.08504937501089857,11,2,0,0,False,257
A_hist_only,42,hist,True,True,1.9419799890611773,335.9149020518114,335.9149020518114,-1.0483416844697695,1.8989267893363289,-185.03606446825944,0.08481522453613635,0.38724696356275307,0.23382591093117405,5,0.07874506561842956,12,2,0,0,False,261
A_hist_only,43,hist,True,True,1.9419799890611773,335.9149020518114,335.9149020518114,-1.0483416844697695,1.8989267893363289,-185.03606446825944,0.08481522453613635,0.3606060606060606,0.24181818181818182,5,0.0729080649735073,13,2,0,0,False,267
A_hist_only,44,hist,True,True,1.9419799890611773,335.9149020518114,335.9149020518114,-1.0483416844697695,1.8989267893363289,-185.03606446825944,0.08481522453613635,0.38655804480651734,0.23403258655804476,5,0.06750373368076912,14,2,0,0,False,270
A_hist_only,45,hist,True,True,1.9419799890611773,335.9149020518114,335.9149020518114,-1.0483416844697695,1.8989267893363289,-185.03606446825944,0.08481522453613635,0.38836734693877556,0.23348979591836733,5,0.0625,0,3,0,56,False,279
A_hist_only,46,hist,True,True,1.9419799890611773,335.9149020518114,335.9149020518114,-1.0483416844697695,1.8989267893363289,-185.03606446825944,0.08481522453613635,0.5328571428571429,0.1901428571428571,5,0.05786716951795567,1,3,0,0,False,285
A_hist_only,47,hist,True,True,1.9419799890611773,335.9149020518114,335.9149020518114,-1.0483416844697695,1.8989267893363289,-185.03606446825944,0.08481522453613635,0.4898580121703854,0.20304259634888436,5,0.05357774892831705,2,3,0,0,False,290
A_hist_only,48,hist,True,True,1.9419799890611773,335.9149020518114,335.9149020518114,-1.0483416844697695,1.8989267893363289,-185.03606446825944,0.08481522453613635,0.40855397148676176,0.22743380855397144,5,0.049606282874006244,3,3,0,0,False,297
A_hist_only,49,hist,True,True,1.9419799890611773,335.9149020518114,335.9149020518114,-1.0483416844697695,1.8989267893363289,-185.03606446825944,0.08481522453613635,0.3694897959183674,0.23915306122448976,5,0.045929202883612456,4,3,0,0,False,303
A_hist_only,50,hist,True,True,1.9419799890611773,335.9149020518114,335.9149020518114,-1.0483416844697695,1.8989267893363289,-185.03606446825944,0.08481522453613635,0.36967213114754094,0.2390983606557377,4,0.042524687505449285,5,3,0,0,False,306
A_hist_only,51,hist,True,True,1.9419799890611773,335.9149020518114,335.9149020518114,-1.0483416844697695,1.8989267893363289,-185.03606446825944,0.08481522453613635,0.3516194331983806,0.2445141700404858,4,0.03937253280921478,6,3,0,0,False,313
A_hist_only,52,hist,True,True,1.9419799890611773,335.9149020518114,335.9149020518114,-1.0483416844697695,1.8989267893363289,-185.03606446825944,0.08481522453613635,0.3143145161290323,0.2557056451612903,4,0.03645403248675365,7,3,0,0,False,320
A_hist_only,53,hist,True,True,1.9419799890611773,335.9149020518114,335.9149020518114,-1.0483416844697695,1.8989267893363289,-185.03606446825944,0.08481522453613635,0.366905737704918,0.23992827868852457,4,0.03375186684038456,8,3,0,0,False,326
A_hist_only,54,hist,True,True,1.9419799890611773,335.9149020518114,335.9149020518114,-1.0483416844697695,1.8989267893363289,-185.03606446825944,0.08481522453613635,0.38981854838709684,0.23305443548387095,4,0.03125,9,3,0,0,False,333
A_hist_only,55,hist,True,True,1.9419799890611773,335.9149020518114,335.9149020518114,-1.0483416844697695,1.8989267893363289,-185.03606446825944,0.08481522453613635,0.3620689655172414,0.24137931034482757,4,0.028933584758977834,10,3,0,0,False,338
A_hist_only,56,hist,True,True,1.9419799890611773,335.9149020518114,335.9149020518114,-1.0483416844697695,1.8989267893363289,-185.03606446825944,0.08481522453613635,0.3407707910750507,0.24776876267748477,4,0.026788874464158525,11,3,0,0,False,345
A_hist_only,57,hist,True,True,1.9419799890611773,335.9149020518114,335.9149020518114,-1.0483416844697695,1.8989267893363289,-185.03606446825944,0.08481522453613635,0.3497979797979799,0.24506060606060603,4,0.024803141437003122,12,3,0,0,False,350
A_hist_only,58,hist,True,True,1.9419799890611773,335.9149020518114,335.9149020518114,-1.0483416844697695,1.8989267893363289,-185.03606446825944,0.08481522453613635,0.360183299389002,0.2419450101832994,4,0.022964601441806228,13,3,0,0,False,353
A_hist_only,59,hist,True,True,1.9419799890611773,335.9149020518114,335.9149020518114,-1.0483416844697695,1.8989267893363289,-185.03606446825944,0.08481522453613635,0.3126016260162602,0.25621951219512196,4,0.021262343752724643,14,3,0,0,False,357
A_traj_only,0,traj,True,True,1.9474616504443614,335.2253576272306,335.2253576272306,-1.0832542344138072,1.9913464134109882,-184.87402886433938,0.08190520249456028,0.8847082494969819,0.0845875251509054,6,2.0,0,0,0,0,False,10
A_traj_only,1,traj,True,True,1.9474616504443614,335.2253576272306,335.2253576272306,-1.0832542344138072,1.9913464134109882,-184.87402886433938,0.08190520249456028,0.8794297352342157,0.08617107942973529,6,1.851749424574581,1,0,0,0,False,20
A_traj_only,2,traj,True,True,1.9474616504443614,335.2253576272306,335.2253576272306,-1.0832542344138072,1.9913464134109882,-184.87402886433938,0.08190520249456028,0.8614141414141414,0.09157575757575759,6,1.7144879657061456,2,0,0,0,False,30
A_traj_only,3,traj,True,True,1.9474616504443614,335.2253576272306,335.2253576272306,-1.0832542344138072,1.9913464134109882,-184.87402886433938,0.08190520249456028,0.8336363636363636,0.09990909090909089,6,1.5874010519681996,3,0,0,0,False,41
A_traj_only,4,traj,True,True,1.9474616504443614,335.2253576272306,335.2253576272306,-1.0832542344138072,1.9913464134109882,-184.87402886433938,0.08190520249456028,0.8164959016393444,0.10505122950819668,6,1.4697344922755988,4,0,0,0,False,50
A_traj_only,5,traj,True,True,1.9474616504443614,335.2253576272306,335.2253576272306,-1.0832542344138072,1.9913464134109882,-184.87402886433938,0.08190520249456028,0.7743801652892562,0.1176859504132231,6,1.360790000174377,5,0,0,0,False,61
A_traj_only,6,traj,True,True,1.9474616504443614,335.2253576272306,335.2253576272306,-1.0832542344138072,1.9913464134109882,-184.87402886433938,0.08190520249456028,0.7825462012320328,0.11523613963039014,6,1.2599210498948732,6,0,0,0,False,73
A_traj_only,7,traj,True,True,1.9474616504443614,335.2253576272306,335.2253576272306,-1.0832542344138072,1.9913464134109882,-184.87402886433938,0.08190520249456028,0.7460040983606557,0.12619877049180325,6,1.1665290395761165,7,0,0,0,False,87
A_traj_only,8,traj,True,True,1.9474616504443614,335.2253576272306,335.2253576272306,-1.0832542344138072,1.9913464134109882,-184.87402886433938,0.08190520249456028,0.7277217741935483,0.13168346774193548,6,1.080059738892306,8,0,0,0,False,100
A_traj_only,9,traj,True,True,1.9474616504443614,335.2253576272306,335.2253576272306,-1.0832542344138072,1.9913464134109882,-184.87402886433938,0.08190520249456028,0.6784274193548387,0.14647177419354837,6,1.0,9,0,0,0,False,113
A_traj_only,10,traj,True,True,1.9474616504443614,335.2253576272306,335.2253576272306,-1.0832542344138072,1.9913464134109882,-184.87402886433938,0.08190520249456028,0.6385627530364371,0.15843117408906887,6,0.9258747122872903,10,0,0,0,False,126
A_traj_only,11,traj,True,True,1.9474616504443614,335.2253576272306,335.2253576272306,-1.0832542344138072,1.9913464134109882,-184.87402886433938,0.08190520249456028,0.6336048879837067,0.15991853360488797,6,0.8572439828530728,11,0,0,0,False,140
A_traj_only,12,traj,True,True,1.9474616504443614,335.2253576272306,335.2253576272306,-1.0832542344138072,1.9913464134109882,-184.87402886433938,0.08190520249456028,0.5824242424242424,0.17527272727272727,6,0.7937005259840998,12,0,0,0,False,152
A_traj_only,13,traj,True,True,1.9474616504443614,335.2253576272306,335.2253576272306,-1.0832542344138072,1.9913464134109882,-184.87402886433938,0.08190520249456028,0.5550709939148073,0.18347870182555778,6,0.7348672461377994,13,0,0,0,False,162
A_traj_only,14,traj,True,True,1.9474616504443614,335.2253576272306,335.2253576272306,-1.0832542344138072,1.9913464134109882,-184.87402886433938,0.08190520249456028,0.5146464646464647,0.1956060606060606,6,0.6803950000871885,14,0,0,0,False,172
A_traj_only,15,traj,True,True,1.9474616504443614,335.2253576272306,335.2253576272306,-1.0832542344138072,1.9913464134109882,-184.87402886433938,0.08190520249456028,0.5029411764705882,0.1991176470588235,6,0.6299605249474366,0,1,0,25,False,185
A_traj_only,16,traj,True,True,1.9474616504443614,335.2253576272306,335.2253576272306,-1.0832542344138072,1.9913464134109882,-184.87402886433938,0.08190520249456028,0.48444444444444446,0.20466666666666664,6,0.5832645197880584,1,1,0,0,False,199
A_traj_only,17,traj,True,True,1.9474616504443614,335.2253576272306,335.2253576272306,-1.0832542344138072,1.9913464134109882,-184.87402886433938,0.08190520249456028,0.49112244897959184,0.20266326530612244,6,0.540029869446153,2,1,0,0,False,210
A_traj_only,18,traj,True,True,1.9474616504443614,335.2253576272306,335.2253576272306,-1.0832542344138072,1.9913464134109882,-184.87402886433938,0.08190520249456028,0.4746951219512195,0.20759146341463414,6,0.5,3,1,0,0,False,220
A_traj_only,19,traj,True,True,1.9474616504443614,335.2253576272306,335.2253576272306,-1.0832542344138072,1.9913464134109882,-184.87402886433938,0.08190520249456028,0.5016359918200409,0.1995092024539877,6,0.4629373561436452,4,1,0,0,False,231
A_traj_only,20,traj,True,True,1.9474616504443614,335.2253576272306,335.2253576272306,-1.0832542344138072,1.9913464134109882,-184.87402886433938,0.08190520249456028,0.5070121951219512,0.19789634146341464,6,0.4286219914265364,5,1,0,0,False,240
A_traj_only,21,traj,True,True,1.9474616504443614,335.2253576272306,335.2253576272306,-1.0832542344138072,1.9913464134109882,-184.87402886433938,0.08190520249456028,0.5006060606060606,0.1998181818181818,6,0.39685026299204984,6,1,0,0,False,255
A_traj_only,22,traj,True,True,1.9474616504443614,335.2253576272306,335.2253576272306,-1.0832542344138072,1.9913464134109882,-184.87402886433938,0.08190520249456028,0.5131364562118126,0.1960590631364562,6,0.36743362306889965,7,1,0,0,False,269
A_traj_only,23,traj,True,True,1.9474616504443614,335.2253576272306,335.2253576272306,-1.0832542344138072,1.9913464134109882,-184.87402886433938,0.08190520249456028,0.47884615384615387,0.20634615384615382,6,0.3401975000435943,8,1,0,0,False,280
A_traj_only,24,traj,True,True,1.9474616504443614,335.2253576272306,335.2253576272306,-1.0832542344138072,1.9913464134109882,-184.87402886433938,0.08190520249456028,0.5077235772357723,0.19768292682926827,6,0.3149802624737183,9,1,0,0,False,293
A_traj_only,25,traj,True,True,1.9474616504443614,335.2253576272306,335.2253576272306,-1.0832542344138072,1.9913464134109882,-184.87402886433938,0.08190520249456028,0.5307459677419355,0.19077620967741934,5,0.2916322598940292,10,1,0,0,False,304
A_traj_only,26,traj,True,True,1.9474616504443614,335.2253576272306,335.2253576272306,-1.0832542344138072,1.9913464134109882,-184.87402886433938,0.08190520249456028,0.4751521298174442,0.20745436105476672,5,0.2700149347230765,11,1,0,0,False,319
A_traj_only,27,traj,True,True,1.9474616504443614,335.2253576272306,335.2253576272306,-1.0832542344138072,1.9913464134109882,-184.87402886433938,0.08190520249456028,0.4870408163265306,0.2038877551020408,5,0.25,12,1,0,0,False,333
A_traj_only,28,traj,True,True,1.9474616504443614,335.2253576272306,335.2253576272306,-1.0832542344138072,1.9913464134109882,-184.87402886433938,0.08190520249456028,0.5023326572008113,0.19930020283975658,5,0.2314686780718226,13,1,0,0,False,347
A_traj_only,29,traj,True,True,1.9474616504443614,335.2253576272306,335.2253576272306,-1.0832542344138072,1.9913464134109882,-184.87402886433938,0.08190520249456028,0.4718940936863544,0.20843177189409368,5,0.2143109957132682,14,1,0,0,False,359
A_traj_only,30,traj,True,True,1.9474616504443614,335.2253576272306,335.2253576272306,-1.0832542344138072,1.9913464134109882,-184.87402886433938,0.08190520249456028,0.48154639175257735,0.20553608247422678,5,0.19842513149602492,0,2,0,38,False,373
A_traj_only,31,traj,True,True,1.9474616504443614,335.2253576272306,335.2253576272306,-1.0832542344138072,1.9913464134109882,-184.87402886433938,0.08190520249456028,0.49085365853658536,0.20274390243902438,5,0.18371681153444983,1,2,0,0,False,388
A_traj_only,32,traj,True,True,1.9474616504443614,335.2253576272306,335.2253576272306,-1.0832542344138072,1.9913464134109882,-184.87402886433938,0.08190520249456028,0.5169715447154472,0.19490853658536583,5,0.17009875002179714,2,2,0,0,False,398
A_traj_only,33,traj,True,True,1.9474616504443614,335.2253576272306,335.2253576272306,-1.0832542344138072,1.9913464134109882,-184.87402886433938,0.08190520249456028,0.5053278688524591,0.19840163934426228,5,0.15749013123685915,3,2,0,0,False,412
A_traj_only,34,traj,True,True,1.9474616504443614,335.2253576272306,335.2253576272306,-1.0832542344138072,1.9913464134109882,-184.87402886433938,0.08190520249456028,0.48071428571428576,0.20578571428571427,5,0.1458161299470146,4,2,0,0,False,427
A_traj_only,35,traj,True,True,1.9474616504443614,335.2253576272306,335.2253576272306,-1.0832542344138072,1.9913464134109882,-184.87402886433938,0.08190520249456028,0.4801829268292683,0.2059451219512195,5,0.13500746736153826,5,2,0,0,False,440
A_traj_only,36,traj,True,True,1.9474616504443614,335.2253576272306,335.2253576272306,-1.0832542344138072,1.9913464134109882,-184.87402886433938,0.08190520249456028,0.43411405295315686,0.21976578411405293,5,0.125,6,2,0,0,False,453
A_traj_only,37,traj,True,True,1.9474616504443614,335.2253576272306,335.2253576272306,-1.0832542344138072,1.9913464134109882,-184.87402886433938,0.08190520249456028,0.4139344262295082,0.2258196721311475,5,0.11573433903591133,7,2,0,0,False,462
A_traj_only,38,traj,True,True,1.9474616504443614,335.2253576272306,335.2253576272306,-1.0832542344138072,1.9913464134109882,-184.87402886433938,0.08190520249456028,0.40570264765784114,0.22828920570264766,5,0.1071554978566341,8,2,0,0,False,472
A_traj_only,39,traj,True,True,1.9474616504443614,335.2253576272306,335.2253576272306,-1.0832542344138072,1.9913464134109882,-184.87402886433938,0.08190520249456028,0.3896761133603239,0.23309716599190283,5,0.09921256574801249,9,2,0,0,False,485
A_traj_only,40,traj,True,True,1.9474616504443614,335.2253576272306,335.2253576272306,-1.0832542344138072,1.9913464134109882,-184.87402886433938,0.08190520249456028,0.3955465587044534,0.23133603238866396,5,0.09185840576722491,10,2,0,0,False,494
A_traj_only,41,traj,True,True,1.9474616504443614,335.2253576272306,335.2253576272306,-1.0832542344138072,1.9913464134109882,-184.87402886433938,0.08190520249456028,0.37244897959183676,0.23826530612244895,5,0.08504937501089857,11,2,0,0,False,505
A_traj_only,42,traj,True,True,1.9474616504443614,335.2253576272306,335.2253576272306,-1.0832542344138072,1.9913464134109882,-184.87402886433938,0.08190520249456028,0.37300613496932516,0.23809815950920243,5,0.07874506561842956,12,2,0,0,False,517
A_traj_only,43,traj,True,True,1.9474616504443614,335.2253576272306,335.2253576272306,-1.0832542344138072,1.9913464134109882,-184.87402886433938,0.08190520249456028,0.41085192697768763,0.2267444219066937,5,0.0729080649735073,13,2,0,0,False,526
A_traj_only,44,traj,True,True,1.9474616504443614,335.2253576272306,335.2253576272306,-1.0832542344138072,1.9913464134109882,-184.87402886433938,0.08190520249456028,0.4119675456389453,0.2264097363083164,5,0.06750373368076912,14,2,0,0,False,537
A_traj_only,45,traj,True,True,1.9474616504443614,335.2253576272306,335.2253576272306,-1.0832542344138072,1.9913464134109882,-184.87402886433938,0.08190520249456028,0.4340490797546012,0.2197852760736196,5,0.0625,0,3,0,56,False,547
A_traj_only,46,traj,True,True,1.9474616504443614,335.2253576272306,335.2253576272306,-1.0832542344138072,1.9913464134109882,-184.87402886433938,0.08190520249456028,0.6156122448979592,0.16531632653061223,5,0.05786716951795567,1,3,0,0,False,562
A_traj_only,47,traj,True,True,1.9474616504443614,335.2253576272306,335.2253576272306,-1.0832542344138072,1.9913464134109882,-184.87402886433938,0.08190520249456028,0.5828629032258064,0.17514112903225806,5,0.05357774892831705,2,3,0,0,False,575
A_traj_only,48,traj,True,True,1.9474616504443614,335.2253576272306,335.2253576272306,-1.0832542344138072,1.9913464134109882,-184.87402886433938,0.08190520249456028,0.5465092402464066,0.186047227926078,5,0.049606282874006244,3,3,0,0,False,588
A_traj_only,49,traj,True,True,1.9474616504443614,335.2253576272306,335.2253576272306,-1.0832542344138072,1.9913464134109882,-184.87402886433938,0.08190520249456028,0.5325510204081634,0.19023469387755096,5,0.045929202883612456,4,3,0,0,False,599
A_traj_only,50,traj,True,True,1.9474616504443614,335.2253576272306,335.2253576272306,-1.0832542344138072,1.9913464134109882,-184.87402886433938,0.08190520249456028,0.5125,0.19625,4,0.042524687505449285,5,3,0,0,False,612
A_traj_only,51,traj,True,True,1.9474616504443614,335.2253576272306,335.2253576272306,-1.0832542344138072,1.9913464134109882,-184.87402886433938,0.08190520249456028,0.4915151515151515,0.20254545454545453,4,0.03937253280921478,6,3,0,0,False,628
A_traj_only,52,traj,True,True,1.9474616504443614,335.2253576272306,335.2253576272306,-1.0832542344138072,1.9913464134109882,-184.87402886433938,0.08190520249456028,0.4593306288032455,0.21220081135902633,4,0.03645403248675365,7,3,0,0,False,641
A_traj_only,53,traj,True,True,1.9474616504443614,335.2253576272306,335.2253576272306,-1.0832542344138072,1.9913464134109882,-184.87402886433938,0.08190520249456028,0.48981670061099797,0.2030549898167006,4,0.03375186684038456,8,3,0,0,False,654
A_traj_only,54,traj,True,True,1.9474616504443614,335.2253576272306,335.2253576272306,-1.0832542344138072,1.9913464134109882,-184.87402886433938,0.08190520249456028,0.43155241935483873,0.22053427419354837,4,0.03125,9,3,0,0,False,666
A_traj_only,55,traj,True,True,1.9474616504443614,335.2253576272306,335.2253576272306,-1.0832542344138072,1.9913464134109882,-184.87402886433938,0.08190520249456028,0.41204453441295547,0.22638663967611333,4,0.028933584758977834,10,3,0,0,False,679
A_traj_only,56,traj,True,True,1.9474616504443614,335.2253576272306,335.2253576272306,-1.0832542344138072,1.9913464134109882,-184.87402886433938,0.08190520249456028,0.4026422764227643,0.2292073170731707,4,0.026788874464158525,11,3,0,0,False,687
A_traj_only,57,traj,True,True,1.9474616504443614,335.2253576272306,335.2253576272306,-1.0832542344138072,1.9913464134109882,-184.87402886433938,0.08190520249456028,0.3978658536585366,0.230640243902439,4,0.024803141437003122,12,3,0,0,False,697
A_traj_only,58,traj,True,True,1.9474616504443614,335.2253576272306,335.2253576272306,-1.0832542344138072,1.9913464134109882,-184.87402886433938,0.08190520249456028,0.3942857142857143,0.2317142857142857,4,0.022964601441806228,13,3,0,0,False,708
A_traj_only,59,traj,True,True,1.9474616504443614,335.2253576272306,335.2253576272306,-1.0832542344138072,1.9913464134109882,-184.87402886433938,0.08190520249456028,0.35020366598778,0.244938900203666,4,0.021262343752724643,14,3,0,0,False,716
A_hist_gauss_combined,0,hist_gauss,True,True,1.9633182557458417,336.41616134427994,336.41616134427994,-1.651698239027336,1.3624474851916286,-185.8834683515072,0.046391604564441795,0.8865191146881288,0.08404426559356132,6,2.0,0,0,0,0,False,6
A_hist_gauss_combined,1,hist_gauss,True,True,1.9633182557458417,336.41616134427994,336.41616134427994,-1.651698239027336,1.3624474851916286,-185.8834683515072,0.046391604564441795,0.8697556008146639,0.08907331975560084,6,1.851749424574581,1,0,0,0,False,10
A_hist_gauss_combined,2,hist_gauss,True,True,1.9633182557458417,336.41616134427994,336.41616134427994,-1.651698239027336,1.3624474851916286,-185.8834683515072,0.046391604564441795,0.8333333333333334,0.09999999999999998,6,1.7144879657061456,2,0,0,0,False,13
A_hist_gauss_combined,3,hist_gauss,True,True,1.9633182557458417,336.41616134427994,336.41616134427994,-1.651698239027336,1.3624474851916286,-185.8834683515072,0.046391604564441795,0.8198989898989899,0.10403030303030303,6,1.5874010519681996,3,0,0,0,False,16
A_hist_gauss_combined,4,hist_gauss,True,True,1.9633182557458417,336.41616134427994,336.41616134427994,-1.651698239027336,1.3624474851916286,-185.8834683515072,0.046391604564441795,0.7909836065573771,0.11270491803278687,6,1.4697344922755988,4,0,0,0,False,22
A_hist_gauss_combined,5,hist_gauss,True,True,1.9633182557458417,336.41616134427994,336.41616134427994,-1.651698239027336,1.3624474851916286,-185.8834683515072,0.046391604564441795,0.7598140495867769,0.12205578512396692,6,1.360790000174377,5,0,0,0,False,28
A_hist_gauss_combined,6,hist_gauss,True,True,1.9633182557458417,336.41616134427994,336.41616134427994,-1.651698239027336,1.3624474851916286,-185.8834683515072,0.046391604564441795,0.7402464065708418,0.12792607802874742,6,1.2599210498948732,6,0,0,0,False,34
A_hist_gauss_combined,7,hist_gauss,True,True,1.9633182557458417,336.41616134427994,336.41616134427994,-1.651698239027336,1.3624474851916286,-185.8834683515072,0.046391604564441795,0.7255646817248459,0.13233059548254622,6,1.1665290395761165,7,0,0,0,False,39
A_hist_gauss_combined,8,hist_gauss,True,True,1.9633182557458417,336.41616134427994,336.41616134427994,-1.651698239027336,1.3624474851916286,-185.8834683515072,0.046391604564441795,0.7005070993914808,0.13984787018255573,6,1.080059738892306,8,0,0,0,False,42
A_hist_gauss_combined,9,hist_gauss,True,True,1.9633182557458417,336.41616134427994,336.41616134427994,-1.651698239027336,1.3624474851916286,-185.8834683515072,0.046391604564441795,0.6767276422764229,0.1469817073170731,6,1.0,9,0,0,0,False,44
A_hist_gauss_combined,10,hist_gauss,True,True,1.9633182557458417,336.41616134427994,336.41616134427994,-1.651698239027336,1.3624474851916286,-185.8834683515072,0.046391604564441795,0.6632591093117408,0.15102226720647774,6,0.9258747122872903,10,0,0,0,False,49
A_hist_gauss_combined,11,hist_gauss,True,True,1.9633182557458417,336.41616134427994,336.41616134427994,-1.651698239027336,1.3624474851916286,-185.8834683515072,0.046391604564441795,0.6080448065173116,0.1675865580448065,6,0.8572439828530728,11,0,0,0,False,54
A_hist_gauss_combined,12,hist_gauss,True,True,1.9633182557458417,336.41616134427994,336.41616134427994,-1.651698239027336,1.3624474851916286,-185.8834683515072,0.046391604564441795,0.5820202020202021,0.17539393939393935,6,0.7937005259840998,12,0,0,0,False,61
A_hist_gauss_combined,13,hist_gauss,True,True,1.9633182557458417,336.41616134427994,336.41616134427994,-1.651698239027336,1.3624474851916286,-185.8834683515072,0.046391604564441795,0.5862068965517241,0.17413793103448275,6,0.7348672461377994,13,0,0,0,False,66
A_hist_gauss_combined,14,hist_gauss,True,True,1.9633182557458417,336.41616134427994,336.41616134427994,-1.651698239027336,1.3624474851916286,-185.8834683515072,0.046391604564441795,0.5643434343434344,0.18069696969696966,6,0.6803950000871885,14,0,0,0,False,68
A_hist_gauss_combined,15,hist_gauss,True,True,1.9633182557458417,336.41616134427994,336.41616134427994,-1.651698239027336,1.3624474851916286,-185.8834683515072,0.046391604564441795,0.5396551724137931,0.18810344827586203,6,0.6299605249474366,0,1,0,25,False,73
A_hist_gauss_combined,16,hist_gauss,True,True,1.9633182557458417,336.41616134427994,336.41616134427994,-1.651698239027336,1.3624474851916286,-185.8834683515072,0.046391604564441795,0.46686991869918704,0.20993902439024387,6,0.5832645197880584,1,1,0,0,False,77
A_hist_gauss_combined,17,hist_gauss,True,True,1.9633182557458417,336.41616134427994,336.41616134427994,-1.651698239027336,1.3624474851916286,-185.8834683515072,0.046391604564441795,0.4791581108829569,0.2062525667351129,6,0.540029869446153,2,1,0,0,False,82
A_hist_gauss_combined,18,hist_gauss,True,True,1.9633182557458417,336.41616134427994,336.41616134427994,-1.651698239027336,1.3624474851916286,-185.8834683515072,0.046391604564441795,0.45457317073170733,0.21362804878048777,6,0.5,3,1,0,0,False,88
A_hist_gauss_combined,19,hist_gauss,True,True,1.9633182557458417,336.41616134427994,336.41616134427994,-1.651698239027336,1.3624474851916286,-185.8834683515072,0.046391604564441795,0.432995951417004,0.22010121457489878,6,0.4629373561436452,4,1,0,0,False,96
A_hist_gauss_combined,20,hist_gauss,True,True,1.9633182557458417,336.41616134427994,336.41616134427994,-1.651698239027336,1.3624474851916286,-185.8834683515072,0.046391604564441795,0.4427254098360656,0.2171823770491803,6,0.4286219914265364,5,1,0,0,False,100
A_hist_gauss_combined,21,hist_gauss,True,True,1.9633182557458417,336.41616134427994,336.41616134427994,-1.651698239027336,1.3624474851916286,-185.8834683515072,0.046391604564441795,0.45896130346232183,0.21231160896130344,6,0.39685026299204984,6,1,0,0,False,108
A_hist_gauss_combined,22,hist_gauss,True,True,1.9633182557458417,336.41616134427994,336.41616134427994,-1.651698239027336,1.3624474851916286,-185.8834683515072,0.046391604564441795,0.4491919191919192,0.21524242424242424,6,0.36743362306889965,7,1,0,0,False,113
A_hist_gauss_combined,23,hist_gauss,True,True,1.9633182557458417,336.41616134427994,336.41616134427994,-1.651698239027336,1.3624474851916286,-185.8834683515072,0.046391604564441795,0.428469387755102,0.22145918367346937,6,0.3401975000435943,8,1,0,0,False,118
A_hist_gauss_combined,24,hist_gauss,True,True,1.9633182557458417,336.41616134427994,336.41616134427994,-1.651698239027336,1.3624474851916286,-185.8834683515072,0.046391604564441795,0.4256565656565656,0.2223030303030303,6,0.3149802624737183,9,1,0,0,False,122
A_hist_gauss_combined,25,hist_gauss,True,True,1.9633182557458417,336.41616134427994,336.41616134427994,-1.651698239027336,1.3624474851916286,-185.8834683515072,0.046391604564441795,0.365922920892495,0.24022312373225146,5,0.2916322598940292,10,1,0,0,False,128
A_hist_gauss_combined,26,hist_gauss,True,True,1.9633182557458417,336.41616134427994,336.41616134427994,-1.651698239027336,1.3624474851916286,-185.8834683515072,0.046391604564441795,0.38182751540041066,0.2354517453798768,5,0.2700149347230765,11,1,0,0,False,132
A_hist_gauss_combined,27,hist_gauss,True,True,1.9633182557458417,336.41616134427994,336.41616134427994,-1.651698239027336,1.3624474851916286,-185.8834683515072,0.046391604564441795,0.40777777777777774,0.22766666666666666,5,0.25,12,1,0,0,False,137
A_hist_gauss_combined,28,hist_gauss,True,True,1.9633182557458417,336.41616134427994,336.41616134427994,-1.651698239027336,1.3624474851916286,-185.8834683515072,0.046391604564441795,0.40872210953346855,0.22738336713995944,5,0.2314686780718226,13,1,0,0,False,143
A_hist_gauss_combined,29,hist_gauss,True,True,1.9633182557458417,336.41616134427994,336.41616134427994,-1.651698239027336,1.3624474851916286,-185.8834683515072,0.046391604564441795,0.39399185336048875,0.23180244399185335,5,0.2143109957132682,14,1,0,0,False,151
A_hist_gauss_combined,30,hist_gauss,True,True,1.9633182557458417,336.41616134427994,336.41616134427994,-1.651698239027336,1.3624474851916286,-185.8834683515072,0.046391604564441795,0.4328865979381443,0.2201340206185567,5,0.19842513149602492,0,2,0,38,False,156
A_hist_gauss_combined,31,hist_gauss,True,True,1.9633182557458417,336.41616134427994,336.41616134427994,-1.651698239027336,1.3624474851916286,-185.8834683515072,0.046391604564441795,0.4012195121951219,0.2296341463414634,5,0.18371681153444983,1,2,0,0,False,162
A_hist_gauss_combined,32,hist_gauss,True,True,1.9633182557458417,336.41616134427994,336.41616134427994,-1.651698239027336,1.3624474851916286,-185.8834683515072,0.046391604564441795,0.4251521298174442,0.2224543610547667,5,0.17009875002179714,2,2,0,0,False,166
A_hist_gauss_combined,33,hist_gauss,True,True,1.9633182557458417,336.41616134427994,336.41616134427994,-1.651698239027336,1.3624474851916286,-185.8834683515072,0.046391604564441795,0.40965447154471546,0.22710365853658535,5,0.15749013123685915,3,2,0,0,False,172
A_hist_gauss_combined,34,hist_gauss,True,True,1.9633182557458417,336.41616134427994,336.41616134427994,-1.651698239027336,1.3624474851916286,-185.8834683515072,0.046391604564441795,0.3986734693877551,0.23039795918367345,5,0.1458161299470146,4,2,0,0,False,176
A_hist_gauss_combined,35,hist_gauss,True,True,1.9633182557458417,336.41616134427994,336.41616134427994,-1.651698239027336,1.3624474851916286,-185.8834683515072,0.046391604564441795,0.406938775510204,0.22791836734693877,5,0.13500746736153826,5,2,0,0,False,180
A_hist_gauss_combined,36,hist_gauss,True,True,1.9633182557458417,336.41616134427994,336.41616134427994,-1.651698239027336,1.3624474851916286,-185.8834683515072,0.046391604564441795,0.4082822085889571,0.22751533742331287,5,0.125,6,2,0,0,False,184
A_hist_gauss_combined,37,hist_gauss,True,True,1.9633182557458417,336.41616134427994,336.41616134427994,-1.651698239027336,1.3624474851916286,-185.8834683515072,0.046391604564441795,0.3945010183299389,0.2316496945010183,5,0.11573433903591133,7,2,0,0,False,188
A_hist_gauss_combined,38,hist_gauss,True,True,1.9633182557458417,336.41616134427994,336.41616134427994,-1.651698239027336,1.3624474851916286,-185.8834683515072,0.046391604564441795,0.36680244399185336,0.23995926680244398,5,0.1071554978566341,8,2,0,0,False,191
A_hist_gauss_combined,39,hist_gauss,True,True,1.9633182557458417,336.41616134427994,336.41616134427994,-1.651698239027336,1.3624474851916286,-185.8834683515072,0.046391604564441795,0.3912778904665314,0.23261663286004058,5,0.09921256574801249,9,2,0,0,False,195
A_hist_gauss_combined,40,hist_gauss,True,True,1.9633182557458417,336.41616134427994,336.41616134427994,-1.651698239027336,1.3624474851916286,-185.8834683515072,0.046391604564441795,0.3444556451612903,0.24666330645161288,5,0.09185840576722491,10,2,0,0,False,200
A_hist_gauss_combined,41,hist_gauss,True,True,1.9633182557458417,336.41616134427994,336.41616134427994,-1.651698239027336,1.3624474851916286,-185.8834683515072,0.046391604564441795,0.35591836734693877,0.24322448979591835,5,0.08504937501089857,11,2,0,0,False,203
A_hist_gauss_combined,42,hist_gauss,True,True,1.9633182557458417,336.41616134427994,336.41616134427994,-1.651698239027336,1.3624474851916286,-185.8834683515072,0.046391604564441795,0.3761710794297352,0.23714867617107943,5,0.07874506561842956,12,2,0,0,False,207
A_hist_gauss_combined,43,hist_gauss,True,True,1.9633182557458417,336.41616134427994,336.41616134427994,-1.651698239027336,1.3624474851916286,-185.8834683515072,0.046391604564441795,0.4065173116089613,0.22804480651731157,5,0.0729080649735073,13,2,0,0,False,212
A_hist_gauss_combined,44,hist_gauss,True,True,1.9633182557458417,336.41616134427994,336.41616134427994,-1.651698239027336,1.3624474851916286,-185.8834683515072,0.046391604564441795,0.39778225806451617,0.23066532258064515,5,0.06750373368076912,14,2,0,0,False,217
A_hist_gauss_combined,45,hist_gauss,True,True,1.9633182557458417,336.41616134427994,336.41616134427994,-1.651698239027336,1.3624474851916286,-185.8834683515072,0.046391604564441795,0.39837067209775967,0.2304887983706721,5,0.0625,0,3,0,56,False,221
A_hist_gauss_combined,46,hist_gauss,True,True,1.9633182557458417,336.41616134427994,336.41616134427994,-1.651698239027336,1.3624474851916286,-185.8834683515072,0.046391604564441795,0.5458163265306122,0.18625510204081633,5,0.05786716951795567,1,3,0,0,False,226
A_hist_gauss_combined,47,hist_gauss,True,True,1.9633182557458417,336.41616134427994,336.41616134427994,-1.651698239027336,1.3624474851916286,-185.8834683515072,0.046391604564441795,0.4908722109533469,0.2027383367139959,5,0.05357774892831705,2,3,0,0,False,231
A_hist_gauss_combined,48,hist_gauss,True,True,1.9633182557458417,336.41616134427994,336.41616134427994,-1.651698239027336,1.3624474851916286,-185.8834683515072,0.046391604564441795,0.4376543209876543,0.2187037037037037,5,0.049606282874006244,3,3,0,0,False,236
A_hist_gauss_combined,49,hist_gauss,True,True,1.9633182557458417,336.41616134427994,336.41616134427994,-1.651698239027336,1.3624474851916286,-185.8834683515072,0.046391604564441795,0.40368098159509197,0.2288957055214724,5,0.045929202883612456,4,3,0,0,False,240
A_hist_gauss_combined,50,hist_gauss,True,True,1.9633182557458417,336.41616134427994,336.41616134427994,-1.651698239027336,1.3624474851916286,-185.8834683515072,0.046391604564441795,0.3732581967213115,0.23802254098360653,4,0.042524687505449285,5,3,0,0,False,245
A_hist_gauss_combined,51,hist_gauss,True,True,1.9633182557458417,336.41616134427994,336.41616134427994,-1.651698239027336,1.3624474851916286,-185.8834683515072,0.046391604564441795,0.4025252525252525,0.22924242424242425,4,0.03937253280921478,6,3,0,0,False,250
A_hist_gauss_combined,52,hist_gauss,True,True,1.9633182557458417,336.41616134427994,336.41616134427994,-1.651698239027336,1.3624474851916286,-185.8834683515072,0.046391604564441795,0.4044989775051125,0.22865030674846623,4,0.03645403248675365,7,3,0,0,False,255
A_hist_gauss_combined,53,hist_gauss,True,True,1.9633182557458417,336.41616134427994,336.41616134427994,-1.651698239027336,1.3624474851916286,-185.8834683515072,0.046391604564441795,0.40153061224489794,0.22954081632653062,4,0.03375186684038456,8,3,0,0,False,262
A_hist_gauss_combined,54,hist_gauss,True,True,1.9633182557458417,336.41616134427994,336.41616134427994,-1.651698239027336,1.3624474851916286,-185.8834683515072,0.046391604564441795,0.3958502024291498,0.23124493927125506,4,0.03125,9,3,0,0,False,268
A_hist_gauss_combined,55,hist_gauss,True,True,1.9633182557458417,336.41616134427994,336.41616134427994,-1.651698239027336,1.3624474851916286,-185.8834683515072,0.046391604564441795,0.4027439024390244,0.22917682926829266,4,0.028933584758977834,10,3,0,0,False,271
A_hist_gauss_combined,56,hist_gauss,True,True,1.9633182557458417,336.41616134427994,336.41616134427994,-1.651698239027336,1.3624474851916286,-185.8834683515072,0.046391604564441795,0.39229208924949294,0.2323123732251521,4,0.026788874464158525,11,3,0,0,False,273
A_hist_gauss_combined,57,hist_gauss,True,True,1.9633182557458417,336.41616134427994,336.41616134427994,-1.651698239027336,1.3624474851916286,-185.8834683515072,0.046391604564441795,0.39127310061601644,0.23261806981519506,4,0.024803141437003122,12,3,0,0,False,276
A_hist_gauss_combined,58,hist_gauss,True,True,1.9633182557458417,336.41616134427994,336.41616134427994,-1.651698239027336,1.3624474851916286,-185.8834683515072,0.046391604564441795,0.3598178137651822,0.24205465587044533,4,0.022964601441806228,13,3,0,0,False,279
A_hist_gauss_combined,59,hist_gauss,True,True,1.9633182557458417,336.41616134427994,336.41616134427994,-1.651698239027336,1.3624474851916286,-185.8834683515072,0.046391604564441795,0.3691598360655738,0.23925204918032783,4,0.021262343752724643,14,3,0,0,False,281
A_hist_traj_combined,0,hist_traj,True,True,1.9728936336676872,336.1634703425708,336.1634703425708,-1.2521435451589862,1.7367407460930633,-184.7433816995957,0.0691773295035769,0.8839034205231389,0.08482897384305832,6,2.0,0,0,0,0,False,7
A_hist_traj_combined,1,hist_traj,True,True,1.9728936336676872,336.1634703425708,336.1634703425708,-1.2521435451589862,1.7367407460930633,-184.7433816995957,0.0691773295035769,0.8684317718940936,0.08947046843177192,6,1.851749424574581,1,0,0,0,False,14
A_hist_traj_combined,2,hist_traj,True,True,1.9728936336676872,336.1634703425708,336.1634703425708,-1.2521435451589862,1.7367407460930633,-184.7433816995957,0.0691773295035769,0.8517171717171718,0.09448484848484845,6,1.7144879657061456,2,0,0,0,False,23
A_hist_traj_combined,3,hist_traj,True,True,1.9728936336676872,336.1634703425708,336.1634703425708,-1.2521435451589862,1.7367407460930633,-184.7433816995957,0.0691773295035769,0.8338383838383838,0.09984848484848485,6,1.5874010519681996,3,0,0,0,False,33
A_hist_traj_combined,4,hist_traj,True,True,1.9728936336676872,336.1634703425708,336.1634703425708,-1.2521435451589862,1.7367407460930633,-184.7433816995957,0.0691773295035769,0.8008196721311475,0.10975409836065575,6,1.4697344922755988,4,0,0,0,False,42
A_hist_traj_combined,5,hist_traj,True,True,1.9728936336676872,336.1634703425708,336.1634703425708,-1.2521435451589862,1.7367407460930633,-184.7433816995957,0.0691773295035769,0.7877066115702479,0.11368801652892563,6,1.360790000174377,5,0,0,0,False,53
A_hist_traj_combined,6,hist_traj,True,True,1.9728936336676872,336.1634703425708,336.1634703425708,-1.2521435451589862,1.7367407460930633,-184.7433816995957,0.0691773295035769,0.7717659137577002,0.11847022587268993,6,1.2599210498948732,6,0,0,0,False,62
A_hist_traj_combined,7,hist_traj,True,True,1.9728936336676872,336.1634703425708,336.1634703425708,-1.2521435451589862,1.7367407460930633,-184.7433816995957,0.0691773295035769,0.7292857142857143,0.1312142857142857,6,1.1665290395761165,7,0,0,0,False,70
A_hist_traj_combined,8,hist_traj,True,True,1.9728936336676872,336.1634703425708,336.1634703425708,-1.2521435451589862,1.7367407460930633,-184.7433816995957,0.0691773295035769,0.7026369168356997,0.13920892494929007,6,1.080059738892306,8,0,0,0,False,84
A_hist_traj_combined,9,hist_traj,True,True,1.9728936336676872,336.1634703425708,336.1634703425708,-1.2521435451589862,1.7367407460930633,-184.7433816995957,0.0691773295035769,0.697438524590164,0.1407684426229508,6,1.0,9,0,0,0,False,92
A_hist_traj_combined,10,hist_traj,True,True,1.9728936336676872,336.1634703425708,336.1634703425708,-1.2521435451589862,1.7367407460930633,-184.7433816995957,0.0691773295035769,0.6620162932790223,0.15139511201629327,6,0.9258747122872903,10,0,0,0,False,101
A_hist_traj_combined,11,hist_traj,True,True,1.9728936336676872,336.1634703425708,336.1634703425708,-1.2521435451589862,1.7367407460930633,-184.7433816995957,0.0691773295035769,0.6312500000000001,0.16062499999999996,6,0.8572439828530728,11,0,0,0,False,112
A_hist_traj_combined,12,hist_traj,True,True,1.9728936336676872,336.1634703425708,336.1634703425708,-1.2521435451589862,1.7367407460930633,-184.7433816995957,0.0691773295035769,0.6103238866396761,0.16690283400809716,6,0.7937005259840998,12,0,0,0,False,120
A_hist_traj_combined,13,hist_traj,True,True,1.9728936336676872,336.1634703425708,336.1634703425708,-1.2521435451589862,1.7367407460930633,-184.7433816995957,0.0691773295035769,0.5868312757201646,0.17395061728395061,6,0.7348672461377994,13,0,0,0,False,129
A_hist_traj_combined,14,hist_traj,True,True,1.9728936336676872,336.1634703425708,336.1634703425708,-1.2521435451589862,1.7367407460930633,-184.7433816995957,0.0691773295035769,0.5922222222222223,0.17233333333333328,6,0.6803950000871885,14,0,0,0,False,140
A_hist_traj_combined,15,hist_traj,True,True,1.9728936336676872,336.1634703425708,336.1634703425708,-1.2521435451589862,1.7367407460930633,-184.7433816995957,0.0691773295035769,0.5898979591836735,0.17303061224489794,6,0.6299605249474366,0,1,0,25,False,152
A_hist_traj_combined,16,hist_traj,True,True,1.9728936336676872,336.1634703425708,336.1634703425708,-1.2521435451589862,1.7367407460930633,-184.7433816995957,0.0691773295035769,0.4834685598377282,0.20495943204868153,6,0.5832645197880584,1,1,0,0,False,165
A_hist_traj_combined,17,hist_traj,True,True,1.9728936336676872,336.1634703425708,336.1634703425708,-1.2521435451589862,1.7367407460930633,-184.7433816995957,0.0691773295035769,0.4409552845528455,0.21771341463414634,6,0.540029869446153,2,1,0,0,False,176
A_hist_traj_combined,18,hist_traj,True,True,1.9728936336676872,336.1634703425708,336.1634703425708,-1.2521435451589862,1.7367407460930633,-184.7433816995957,0.0691773295035769,0.5137826961770624,0.19586519114688125,6,0.5,3,1,0,0,False,187
A_hist_traj_combined,19,hist_traj,True,True,1.9728936336676872,336.1634703425708,336.1634703425708,-1.2521435451589862,1.7367407460930633,-184.7433816995957,0.0691773295035769,0.4823469387755102,0.20529591836734692,6,0.4629373561436452,4,1,0,0,False,198
A_hist_traj_combined,20,hist_traj,True,True,1.9728936336676872,336.1634703425708,336.1634703425708,-1.2521435451589862,1.7367407460930633,-184.7433816995957,0.0691773295035769,0.4566056910569105,0.21301829268292682,6,0.4286219914265364,5,1,0,0,False,208
A_hist_traj_combined,21,hist_traj,True,True,1.9728936336676872,336.1634703425708,336.1634703425708,-1.2521435451589862,1.7367407460930633,-184.7433816995957,0.0691773295035769,0.4290485829959514,0.22128542510121457,6,0.39685026299204984,6,1,0,0,False,217
A_hist_traj_combined,22,hist_traj,True,True,1.9728936336676872,336.1634703425708,336.1634703425708,-1.2521435451589862,1.7367407460930633,-184.7433816995957,0.0691773295035769,0.41463414634146345,0.22560975609756095,6,0.36743362306889965,7,1,0,0,False,224
A_hist_traj_combined,23,hist_traj,True,True,1.9728936336676872,336.1634703425708,336.1634703425708,-1.2521435451589862,1.7367407460930633,-184.7433816995957,0.0691773295035769,0.4737903225806452,0.20786290322580642,6,0.3401975000435943,8,1,0,0,False,234
A_hist_traj_combined,24,hist_traj,True,True,1.9728936336676872,336.1634703425708,336.1634703425708,-1.2521435451589862,1.7367407460930633,-184.7433816995957,0.0691773295035769,0.4246963562753036,0.2225910931174089,6,0.3149802624737183,9,1,0,0,False,241
A_hist_traj_combined,25,hist_traj,True,True,1.9728936336676872,336.1634703425708,336.1634703425708,-1.2521435451589862,1.7367407460930633,-184.7433816995957,0.0691773295035769,0.44796334012219957,0.2156109979633401,5,0.2916322598940292,10,1,0,0,False,248
A_hist_traj_combined,26,hist_traj,True,True,1.9728936336676872,336.1634703425708,336.1634703425708,-1.2521435451589862,1.7367407460930633,-184.7433816995957,0.0691773295035769,0.4281059063136456,0.22156822810590632,5,0.2700149347230765,11,1,0,0,False,259
A_hist_traj_combined,27,hist_traj,True,True,1.9728936336676872,336.1634703425708,336.1634703425708,-1.2521435451589862,1.7367407460930633,-184.7433816995957,0.0691773295035769,0.38853955375253546,0.23343813387423934,5,0.25,12,1,0,0,False,267
A_hist_traj_combined,28,hist_traj,True,True,1.9728936336676872,336.1634703425708,336.1634703425708,-1.2521435451589862,1.7367407460930633,-184.7433816995957,0.0691773295035769,0.4406122448979592,0.21781632653061223,5,0.2314686780718226,13,1,0,0,False,273
A_hist_traj_combined,29,hist_traj,True,True,1.9728936336676872,336.1634703425708,336.1634703425708,-1.2521435451589862,1.7367407460930633,-184.7433816995957,0.0691773295035769,0.4104251012145749,0.22687246963562752,5,0.2143109957132682,14,1,0,0,False,280
A_hist_traj_combined,30,hist_traj,True,True,1.9728936336676872,336.1634703425708,336.1634703425708,-1.2521435451589862,1.7367407460930633,-184.7433816995957,0.0691773295035769,0.381910569105691,0.23542682926829267,5,0.19842513149602492,0,2,0,38,False,287
A_hist_traj_combined,31,hist_traj,True,True,1.9728936336676872,336.1634703425708,336.1634703425708,-1.2521435451589862,1.7367407460930633,-184.7433816995957,0.0691773295035769,0.3636734693877551,0.24089795918367346,5,0.18371681153444983,1,2,0,0,False,297
A_hist_traj_combined,32,hist_traj,True,True,1.9728936336676872,336.1634703425708,336.1634703425708,-1.2521435451589862,1.7367407460930633,-184.7433816995957,0.0691773295035769,0.34838056680161944,0.24548582995951415,5,0.17009875002179714,2,2,0,0,False,305
A_hist_traj_combined,33,hist_traj,True,True,1.9728936336676872,336.1634703425708,336.1634703425708,-1.2521435451589862,1.7367407460930633,-184.7433816995957,0.0691773295035769,0.36147540983606563,0.2415573770491803,5,0.15749013123685915,3,2,0,0,False,318
A_hist_traj_combined,34,hist_traj,True,True,1.9728936336676872,336.1634703425708,336.1634703425708,-1.2521435451589862,1.7367407460930633,-184.7433816995957,0.0691773295035769,0.3789634146341464,0.23631097560975606,5,0.1458161299470146,4,2,0,0,False,327
A_hist_traj_combined,35,hist_traj,True,True,1.9728936336676872,336.1634703425708,336.1634703425708,-1.2521435451589862,1.7367407460930633,-184.7433816995957,0.0691773295035769,0.38169734151329243,0.23549079754601226,5,0.13500746736153826,5,2,0,0,False,333
A_hist_traj_combined,36,hist_traj,True,True,1.9728936336676872,336.1634703425708,336.1634703425708,-1.2521435451589862,1.7367407460930633,-184.7433816995957,0.0691773295035769,0.3733197556008147,0.23800407331975557,5,0.125,6,2,0,0,False,337
A_hist_traj_combined,37,hist_traj,True,True,1.9728936336676872,336.1634703425708,336.1634703425708,-1.2521435451589862,1.7367407460930633,-184.7433816995957,0.0691773295035769,0.32926829268292684,0.25121951219512195,5,0.11573433903591133,7,2,0,0,False,341
A_hist_traj_combined,38,hist_traj,True,True,1.9728936336676872,336.1634703425708,336.1634703425708,-1.2521435451589862,1.7367407460930633,-184.7433816995957,0.0691773295035769,0.35,0.245,5,0.1071554978566341,8,2,0,0,False,346
A_hist_traj_combined,39,hist_traj,True,True,1.9728936336676872,336.1634703425708,336.1634703425708,-1.2521435451589862,1.7367407460930633,-184.7433816995957,0.0691773295035769,0.34574036511156186,0.24627789046653142,5,0.09921256574801249,9,2,0,0,False,352
A_hist_traj_combined,40,hist_traj,True,True,1.9728936336676872,336.1634703425708,336.1634703425708,-1.2521435451589862,1.7367407460930633,-184.7433816995957,0.0691773295035769,0.3350806451612903,0.24947580645161288,5,0.09185840576722491,10,2,0,0,False,359
A_hist_traj_combined,41,hist_traj,True,True,1.9728936336676872,336.1634703425708,336.1634703425708,-1.2521435451589862,1.7367407460930633,-184.7433816995957,0.0691773295035769,0.339795918367347,0.2480612244897959,5,0.08504937501089857,11,2,0,0,False,367
A_hist_traj_combined,42,hist_traj,True,True,1.9728936336676872,336.1634703425708,336.1634703425708,-1.2521435451589862,1.7367407460930633,-184.7433816995957,0.0691773295035769,0.3794897959183674,0.23615306122448976,5,0.07874506561842956,12,2,0,0,False,374
A_hist_traj_combined,43,hist_traj,True,True,1.9728936336676872,336.1634703425708,336.1634703425708,-1.2521435451589862,1.7367407460930633,-184.7433816995957,0.0691773295035769,0.3836734693877551,0.23489795918367345,5,0.0729080649735073,13,2,0,0,False,382
A_hist_traj_combined,44,hist_traj,True,True,1.9728936336676872,336.1634703425708,336.1634703425708,-1.2521435451589862,1.7367407460930633,-184.7433816995957,0.0691773295035769,0.38480885311871227,0.2345573440643863,5,0.06750373368076912,14,2,0,0,False,392
A_hist_traj_combined,45,hist_traj,True,True,1.9728936336676872,336.1634703425708,336.1634703425708,-1.2521435451589862,1.7367407460930633,-184.7433816995957,0.0691773295035769,0.3697768762677485,0.23906693711967542,5,0.0625,0,3,0,56,False,397
A_hist_traj_combined,46,hist_traj,True,True,1.9728936336676872,336.1634703425708,336.1634703425708,-1.2521435451589862,1.7367407460930633,-184.7433816995957,0.0691773295035769,0.5289795918367348,0.19130612244897954,5,0.05786716951795567,1,3,0,0,False,408
A_hist_traj_combined,47,hist_traj,True,True,1.9728936336676872,336.1634703425708,336.1634703425708,-1.2521435451589862,1.7367407460930633,-184.7433816995957,0.0691773295035769,0.48861788617886187,0.20341463414634142,5,0.05357774892831705,2,3,0,0,False,419
A_hist_traj_combined,48,hist_traj,True,True,1.9728936336676872,336.1634703425708,336.1634703425708,-1.2521435451589862,1.7367407460930633,-184.7433816995957,0.0691773295035769,0.4559548254620123,0.21321355236139627,5,0.049606282874006244,3,3,0,0,False,429
A_hist_traj_combined,49,hist_traj,True,True,1.9728936336676872,336.1634703425708,336.1634703425708,-1.2521435451589862,1.7367407460930633,-184.7433816995957,0.0691773295035769,0.439161554192229,0.21825153374233128,5,0.045929202883612456,4,3,0,0,False,439
A_hist_traj_combined,50,hist_traj,True,True,1.9728936336676872,336.1634703425708,336.1634703425708,-1.2521435451589862,1.7367407460930633,-184.7433816995957,0.0691773295035769,0.3936475409836066,0.231905737704918,4,0.042524687505449285,5,3,0,0,False,447
A_hist_traj_combined,51,hist_traj,True,True,1.9728936336676872,336.1634703425708,336.1634703425708,-1.2521435451589862,1.7367407460930633,-184.7433816995957,0.0691773295035769,0.3790322580645161,0.23629032258064514,4,0.03937253280921478,6,3,0,0,False,458
A_hist_traj_combined,52,hist_traj,True,True,1.9728936336676872,336.1634703425708,336.1634703425708,-1.2521435451589862,1.7367407460930633,-184.7433816995957,0.0691773295035769,0.407905544147844,0.22762833675564678,4,0.03645403248675365,7,3,0,0,False,469
A_hist_traj_combined,53,hist_traj,True,True,1.9728936336676872,336.1634703425708,336.1634703425708,-1.2521435451589862,1.7367407460930633,-184.7433816995957,0.0691773295035769,0.39087221095334684,0.23273833671399594,4,0.03375186684038456,8,3,0,0,False,475
A_hist_traj_combined,54,hist_traj,True,True,1.9728936336676872,336.1634703425708,336.1634703425708,-1.2521435451589862,1.7367407460930633,-184.7433816995957,0.0691773295035769,0.3661257606490872,0.24016227180527383,4,0.03125,9,3,0,0,False,483
A_hist_traj_combined,55,hist_traj,True,True,1.9728936336676872,336.1634703425708,336.1634703425708,-1.2521435451589862,1.7367407460930633,-184.7433816995957,0.0691773295035769,0.34989858012170383,0.24503042596348884,4,0.028933584758977834,10,3,0,0,False,490
A_hist_traj_combined,56,hist_traj,True,True,1.9728936336676872,336.1634703425708,336.1634703425708,-1.2521435451589862,1.7367407460930633,-184.7433816995957,0.0691773295035769,0.34552845528455284,0.24634146341463414,4,0.026788874464158525,11,3,0,0,False,499
A_hist_traj_combined,57,hist_traj,True,True,1.9728936336676872,336.1634703425708,336.1634703425708,-1.2521435451589862,1.7367407460930633,-184.7433816995957,0.0691773295035769,0.3044989775051124,0.25865030674846623,4,0.024803141437003122,12,3,0,0,False,506
A_hist_traj_combined,58,hist_traj,True,True,1.9728936336676872,336.1634703425708,336.1634703425708,-1.2521435451589862,1.7367407460930633,-184.7433816995957,0.0691773295035769,0.33594704684317717,0.24921588594704683,4,0.022964601441806228,13,3,0,0,False,512
A_hist_traj_combined,59,hist_traj,True,True,1.9728936336676872,336.1634703425708,336.1634703425708,-1.2521435451589862,1.7367407460930633,-184.7433816995957,0.0691773295035769,0.29276985743380857,0.2621690427698574,4,0.021262343752724643,14,3,0,0,False,520
B_hist_no_injection,0,hist,False,False,1.9200103430266584,334.8654008867052,334.8654008867052,-1.0820179900665283,1.709472776584213,-185.85918907346306,0.08200651995182019,0.8875251509054325,0.08374245472837022,6,2.0,0,0,0,0,False,7
B_hist_no_injection,1,hist,False,False,1.9200103430266584,334.8654008867052,334.8654008867052,-1.0820179900665283,1.709472776584213,-185.85918907346306,0.08200651995182019,0.8782077393075356,0.08653767820773933,6,1.851749424574581,1,0,0,0,False,13
B_hist_no_injection,2,hist,False,False,1.9200103430266584,334.8654008867052,334.8654008867052,-1.0820179900665283,1.709472776584213,-185.85918907346306,0.08200651995182019,0.8630303030303031,0.09109090909090906,6,1.7144879657061456,2,0,0,0,False,17
B_hist_no_injection,3,hist,False,False,1.9200103430266584,334.8654008867052,334.8654008867052,-1.0820179900665283,1.709472776584213,-185.85918907346306,0.08200651995182019,0.8394949494949495,0.09815151515151516,6,1.5874010519681996,3,0,0,0,False,23
B_hist_no_injection,4,hist,False,False,1.9200103430266584,334.8654008867052,334.8654008867052,-1.0820179900665283,1.709472776584213,-185.85918907346306,0.08200651995182019,0.7868852459016393,0.1139344262295082,6,1.4697344922755988,4,0,0,0,False,32
B_hist_no_injection,5,hist,False,False,1.9200103430266584,334.8654008867052,334.8654008867052,-1.0820179900665283,1.709472776584213,-185.85918907346306,0.08200651995182019,0.7602272727272728,0.12193181818181817,6,1.360790000174377,5,0,0,0,False,41
B_hist_no_injection,6,hist,False,False,1.9200103430266584,334.8654008867052,334.8654008867052,-1.0820179900665283,1.709472776584213,-185.85918907346306,0.08200651995182019,0.737063655030801,0.1288809034907597,6,1.2599210498948732,6,0,0,0,False,49
B_hist_no_injection,7,hist,False,False,1.9200103430266584,334.8654008867052,334.8654008867052,-1.0820179900665283,1.709472776584213,-185.85918907346306,0.08200651995182019,0.7270325203252034,0.13189024390243897,6,1.1665290395761165,7,0,0,0,False,55
B_hist_no_injection,8,hist,False,False,1.9200103430266584,334.8654008867052,334.8654008867052,-1.0820179900665283,1.709472776584213,-185.85918907346306,0.08200651995182019,0.7110547667342798,0.13668356997971604,6,1.080059738892306,8,0,0,0,False,65
B_hist_no_injection,9,hist,False,False,1.9200103430266584,334.8654008867052,334.8654008867052,-1.0820179900665283,1.709472776584213,-185.85918907346306,0.08200651995182019,0.7238241308793456,0.1328527607361963,6,1.0,9,0,0,0,False,68
B_hist_no_injection,10,hist,False,False,1.9200103430266584,334.8654008867052,334.8654008867052,-1.0820179900665283,1.709472776584213,-185.85918907346306,0.08200651995182019,0.6950920245398773,0.1414723926380368,6,0.9258747122872903,10,0,0,0,False,75
B_hist_no_injection,11,hist,False,False,1.9200103430266584,334.8654008867052,334.8654008867052,-1.0820179900665283,1.709472776584213,-185.85918907346306,0.08200651995182019,0.6378296146044625,0.15865111561866121,6,0.8572439828530728,11,0,0,0,False,80
B_hist_no_injection,12,hist,False,False,1.9200103430266584,334.8654008867052,334.8654008867052,-1.0820179900665283,1.709472776584213,-185.85918907346306,0.08200651995182019,0.6305443548387096,0.1608366935483871,6,0.7937005259840998,12,0,0,0,False,84
B_hist_no_injection,13,hist,False,False,1.9200103430266584,334.8654008867052,334.8654008867052,-1.0820179900665283,1.709472776584213,-185.85918907346306,0.08200651995182019,0.6314663951120162,0.16056008146639514,6,0.7348672461377994,13,0,0,0,False,92
B_hist_no_injection,14,hist,False,False,1.9200103430266584,334.8654008867052,334.8654008867052,-1.0820179900665283,1.709472776584213,-185.85918907346306,0.08200651995182019,0.602834008097166,0.16914979757085016,6,0.6803950000871885,14,0,0,0,False,98
B_hist_no_injection,15,hist,False,False,1.9200103430266584,334.8654008867052,334.8654008867052,-1.0820179900665283,1.709472776584213,-185.85918907346306,0.08200651995182019,0.5738241308793457,0.17785276073619627,6,0.6299605249474366,15,0,0,0,False,106
B_hist_no_injection,16,hist,False,False,1.9200103430266584,334.8654008867052,334.8654008867052,-1.0820179900665283,1.709472776584213,-185.85918907346306,0.08200651995182019,0.5609311740890689,0.18172064777327931,6,0.5832645197880584,16,0,0,0,False,111
B_hist_no_injection,17,hist,False,False,1.9200103430266584,334.8654008867052,334.8654008867052,-1.0820179900665283,1.709472776584213,-185.85918907346306,0.08200651995182019,0.5237113402061856,0.1928865979381443,6,0.540029869446153,17,0,0,0,False,116
B_hist_no_injection,18,hist,False,False,1.9200103430266584,334.8654008867052,334.8654008867052,-1.0820179900665283,1.709472776584213,-185.85918907346306,0.08200651995182019,0.5053169734151329,0.1984049079754601,6,0.5,18,0,0,0,False,123
B_hist_no_injection,19,hist,False,False,1.9200103430266584,334.8654008867052,334.8654008867052,-1.0820179900665283,1.709472776584213,-185.85918907346306,0.08200651995182019,0.4857142857142857,0.20428571428571426,6,0.4629373561436452,19,0,0,0,False,131
B_hist_no_injection,20,hist,False,False,1.9200103430266584,334.8654008867052,334.8654008867052,-1.0820179900665283,1.709472776584213,-185.85918907346306,0.08200651995182019,0.46211812627291243,0.21136456211812626,6,0.4286219914265364,20,0,0,0,False,136
B_hist_no_injection,21,hist,False,False,1.9200103430266584,334.8654008867052,334.8654008867052,-1.0820179900665283,1.709472776584213,-185.85918907346306,0.08200651995182019,0.44330628803245437,0.21700811359026367,6,0.39685026299204984,21,0,0,0,False,142
B_hist_no_injection,22,hist,False,False,1.9200103430266584,334.8654008867052,334.8654008867052,-1.0820179900665283,1.709472776584213,-185.85918907346306,0.08200651995182019,0.4587044534412955,0.21238866396761133,6,0.36743362306889965,22,0,0,0,False,150
B_hist_no_injection,23,hist,False,False,1.9200103430266584,334.8654008867052,334.8654008867052,-1.0820179900665283,1.709472776584213,-185.85918907346306,0.08200651995182019,0.4371165644171779,0.2188650306748466,6,0.3401975000435943,23,0,0,0,False,156
B_hist_no_injection,24,hist,False,False,1.9200103430266584,334.8654008867052,334.8654008867052,-1.0820179900665283,1.709472776584213,-185.85918907346306,0.08200651995182019,0.38255578093306286,0.23523326572008113,6,0.3149802624737183,24,0,0,0,False,161
B_hist_no_injection,25,hist,False,False,1.9200103430266584,334.8654008867052,334.8654008867052,-1.0820179900665283,1.709472776584213,-185.85918907346306,0.08200651995182019,0.4110204081632653,0.22669387755102038,5,0.2916322598940292,25,0,0,0,False,165
B_hist_no_injection,26,hist,False,False,1.9200103430266584,334.8654008867052,334.8654008867052,-1.0820179900665283,1.709472776584213,-185.85918907346306,0.08200651995182019,0.41036960985626286,0.22688911704312112,5,0.2700149347230765,26,0,0,0,False,172
B_hist_no_injection,27,hist,False,False,1.9200103430266584,334.8654008867052,334.8654008867052,-1.0820179900665283,1.709472776584213,-185.85918907346306,0.08200651995182019,0.385395537525355,0.23438133874239347,5,0.25,27,0,0,0,False,179
B_hist_no_injection,28,hist,False,False,1.9200103430266584,334.8654008867052,334.8654008867052,-1.0820179900665283,1.709472776584213,-185.85918907346306,0.08200651995182019,0.38655804480651734,0.23403258655804476,5,0.2314686780718226,28,0,0,0,False,182
B_hist_no_injection,29,hist,False,False,1.9200103430266584,334.8654008867052,334.8654008867052,-1.0820179900665283,1.709472776584213,-185.85918907346306,0.08200651995182019,0.43097165991902836,0.2207085020242915,5,0.2143109957132682,29,0,0,0,False,189
B_hist_no_injection,30,hist,False,False,1.9200103430266584,334.8654008867052,334.8654008867052,-1.0820179900665283,1.709472776584213,-185.85918907346306,0.08200651995182019,0.42028397565922926,0.2239148073022312,5,0.19842513149602492,30,0,0,0,False,195
B_hist_no_injection,31,hist,False,False,1.9200103430266584,334.8654008867052,334.8654008867052,-1.0820179900665283,1.709472776584213,-185.85918907346306,0.08200651995182019,0.41059063136456214,0.22682281059063134,5,0.18371681153444983,31,0,0,0,False,203
B_hist_no_injection,32,hist,False,False,1.9200103430266584,334.8654008867052,334.8654008867052,-1.0820179900665283,1.709472776584213,-185.85918907346306,0.08200651995182019,0.3856707317073171,0.23429878048780486,5,0.17009875002179714,32,0,0,0,False,209
B_hist_no_injection,33,hist,False,False,1.9200103430266584,334.8654008867052,334.8654008867052,-1.0820179900665283,1.709472776584213,-185.85918907346306,0.08200651995182019,0.4007085020242915,0.22978744939271253,5,0.15749013123685915,33,0,0,0,False,214
B_hist_no_injection,34,hist,False,False,1.9200103430266584,334.8654008867052,334.8654008867052,-1.0820179900665283,1.709472776584213,-185.85918907346306,0.08200651995182019,0.3872967479674797,0.23381097560975606,5,0.1458161299470146,34,0,0,0,False,222
B_hist_no_injection,35,hist,False,False,1.9200103430266584,334.8654008867052,334.8654008867052,-1.0820179900665283,1.709472776584213,-185.85918907346306,0.08200651995182019,0.4063136456211813,0.2281059063136456,5,0.13500746736153826,35,0,0,0,False,228
B_hist_no_injection,36,hist,False,False,1.9200103430266584,334.8654008867052,334.8654008867052,-1.0820179900665283,1.709472776584213,-185.85918907346306,0.08200651995182019,0.44002057613168727,0.2179938271604938,5,0.125,36,0,0,0,False,234
B_hist_no_injection,37,hist,False,False,1.9200103430266584,334.8654008867052,334.8654008867052,-1.0820179900665283,1.709472776584213,-185.85918907346306,0.08200651995182019,0.4239754098360655,0.22280737704918033,5,0.11573433903591133,37,0,0,0,False,238
B_hist_no_injection,38,hist,False,False,1.9200103430266584,334.8654008867052,334.8654008867052,-1.0820179900665283,1.709472776584213,-185.85918907346306,0.08200651995182019,0.4165650406504065,0.22503048780487803,5,0.1071554978566341,38,0,0,0,False,244
B_hist_no_injection,39,hist,False,False,1.9200103430266584,334.8654008867052,334.8654008867052,-1.0820179900665283,1.709472776584213,-185.85918907346306,0.08200651995182019,0.38737270875763746,0.23378818737270873,5,0.09921256574801249,39,0,0,0,False,248
B_hist_no_injection,40,hist,False,False,1.9200103430266584,334.8654008867052,334.8654008867052,-1.0820179900665283,1.709472776584213,-185.85918907346306,0.08200651995182019,0.3941176470588236,0.23176470588235293,5,0.09185840576722491,40,0,0,0,False,253
B_hist_no_injection,41,hist,False,False,1.9200103430266584,334.8654008867052,334.8654008867052,-1.0820179900665283,1.709472776584213,-185.85918907346306,0.08200651995182019,0.3810483870967742,0.23568548387096772,5,0.08504937501089857,41,0,0,0,False,259
B_hist_no_injection,42,hist,False,False,1.9200103430266584,334.8654008867052,334.8654008867052,-1.0820179900665283,1.709472776584213,-185.85918907346306,0.08200651995182019,0.3820408163265306,0.2353877551020408,5,0.07874506561842956,42,0,0,0,False,264
B_hist_no_injection,43,hist,False,False,1.9200103430266584,334.8654008867052,334.8654008867052,-1.0820179900665283,1.709472776584213,-185.85918907346306,0.08200651995182019,0.4110429447852761,0.22668711656441715,5,0.0729080649735073,43,0,0,0,False,272
B_hist_no_injection,44,hist,False,False,1.9200103430266584,334.8654008867052,334.8654008867052,-1.0820179900665283,1.709472776584213,-185.85918907346306,0.08200651995182019,0.4094897959183673,0.2271530612244898,5,0.06750373368076912,44,0,0,0,False,278
B_hist_no_injection,45,hist,False,False,1.9200103430266584,334.8654008867052,334.8654008867052,-1.0820179900665283,1.709472776584213,-185.85918907346306,0.08200651995182019,0.39617706237424544,0.23114688128772637,5,0.0625,45,0,0,0,False,283
B_hist_no_injection,46,hist,False,False,1.9200103430266584,334.8654008867052,334.8654008867052,-1.0820179900665283,1.709472776584213,-185.85918907346306,0.08200651995182019,0.3825557809330629,0.2352332657200811,5,0.05786716951795567,46,0,0,0,False,289
B_hist_no_injection,47,hist,False,False,1.9200103430266584,334.8654008867052,334.8654008867052,-1.0820179900665283,1.709472776584213,-185.85918907346306,0.08200651995182019,0.37219959266802444,0.23834012219959266,5,0.05357774892831705,47,0,0,0,False,292
B_hist_no_injection,48,hist,False,False,1.9200103430266584,334.8654008867052,334.8654008867052,-1.0820179900665283,1.709472776584213,-185.85918907346306,0.08200651995182019,0.3915991902834008,0.23252024291497975,5,0.049606282874006244,48,0,0,0,False,297
B_hist_no_injection,49,hist,False,False,1.9200103430266584,334.8654008867052,334.8654008867052,-1.0820179900665283,1.709472776584213,-185.85918907346306,0.08200651995182019,0.38299180327868854,0.23510245901639343,5,0.045929202883612456,49,0,0,0,False,303
B_hist_no_injection,50,hist,False,False,1.9200103430266584,334.8654008867052,334.8654008867052,-1.0820179900665283,1.709472776584213,-185.85918907346306,0.08200651995182019,0.38760162601626014,0.23371951219512194,4,0.042524687505449285,50,0,0,0,False,309
B_hist_no_injection,51,hist,False,False,1.9200103430266584,334.8654008867052,334.8654008867052,-1.0820179900665283,1.709472776584213,-185.85918907346306,0.08200651995182019,0.42186234817813767,0.22344129554655867,4,0.03937253280921478,51,0,0,0,False,316
B_hist_no_injection,52,hist,False,False,1.9200103430266584,334.8654008867052,334.8654008867052,-1.0820179900665283,1.709472776584213,-185.85918907346306,0.08200651995182019,0.41388329979879274,0.22583501006036216,4,0.03645403248675365,52,0,0,0,False,320
B_hist_no_injection,53,hist,False,False,1.9200103430266584,334.8654008867052,334.8654008867052,-1.0820179900665283,1.709472776584213,-185.85918907346306,0.08200651995182019,0.4157894736842105,0.22526315789473683,4,0.03375186684038456,53,0,0,0,False,325
B_hist_no_injection,54,hist,False,False,1.9200103430266584,334.8654008867052,334.8654008867052,-1.0820179900665283,1.709472776584213,-185.85918907346306,0.08200651995182019,0.42097759674134416,0.22370672097759672,4,0.03125,54,0,0,0,False,329
B_hist_no_injection,55,hist,False,False,1.9200103430266584,334.8654008867052,334.8654008867052,-1.0820179900665283,1.709472776584213,-185.85918907346306,0.08200651995182019,0.3949186991869919,0.23152439024390242,4,0.028933584758977834,55,0,0,0,False,336
B_hist_no_injection,56,hist,False,False,1.9200103430266584,334.8654008867052,334.8654008867052,-1.0820179900665283,1.709472776584213,-185.85918907346306,0.08200651995182019,0.3851214574898785,0.23446356275303643,4,0.026788874464158525,56,0,0,0,False,344
B_hist_no_injection,57,hist,False,False,1.9200103430266584,334.8654008867052,334.8654008867052,-1.0820179900665283,1.709472776584213,-185.85918907346306,0.08200651995182019,0.3598377281947262,0.2420486815415821,4,0.024803141437003122,57,0,0,0,False,348
B_hist_no_injection,58,hist,False,False,1.9200103430266584,334.8654008867052,334.8654008867052,-1.0820179900665283,1.709472776584213,-185.85918907346306,0.08200651995182019,0.37977642276422763,0.2360670731707317,4,0.022964601441806228,58,0,0,0,False,355
B_hist_no_injection,59,hist,False,False,1.9200103430266584,334.8654008867052,334.8654008867052,-1.0820179900665283,1.709472776584213,-185.85918907346306,0.08200651995182019,0.31724489795918365,0.2548265306122449,4,0.021262343752724643,59,0,0,0,False,358
B_hist_fixed_injection,0,hist,True,False,1.9146761152415015,336.74544174066256,336.74544174066256,-1.2952375530559574,1.8065071652616693,-185.8120374421264,0.06625952265472435,0.885814889336016,0.08425553319919515,6,2.0,0,0,0,0,False,4
B_hist_fixed_injection,1,hist,True,False,1.9146761152415015,336.74544174066256,336.74544174066256,-1.2952375530559574,1.8065071652616693,-185.8120374421264,0.06625952265472435,0.874949083503055,0.08751527494908351,6,1.851749424574581,1,0,0,0,False,11
B_hist_fixed_injection,2,hist,True,False,1.9146761152415015,336.74544174066256,336.74544174066256,-1.2952375530559574,1.8065071652616693,-185.8120374421264,0.06625952265472435,0.8374747474747475,0.09875757575757577,6,1.7144879657061456,2,0,0,0,False,16
B_hist_fixed_injection,3,hist,True,False,1.9146761152415015,336.74544174066256,336.74544174066256,-1.2952375530559574,1.8065071652616693,-185.8120374421264,0.06625952265472435,0.8222222222222222,0.10333333333333333,6,1.5874010519681996,3,0,0,0,False,24
B_hist_fixed_injection,4,hist,True,False,1.9146761152415015,336.74544174066256,336.74544174066256,-1.2952375530559574,1.8065071652616693,-185.8120374421264,0.06625952265472435,0.7853483606557377,0.11439549180327868,6,1.4697344922755988,4,0,0,0,False,30
B_hist_fixed_injection,5,hist,True,False,1.9146761152415015,336.74544174066256,336.74544174066256,-1.2952375530559574,1.8065071652616693,-185.8120374421264,0.06625952265472435,0.7784090909090909,0.11647727272727271,6,1.360790000174377,5,0,0,0,False,37
B_hist_fixed_injection,6,hist,True,False,1.9146761152415015,336.74544174066256,336.74544174066256,-1.2952375530559574,1.8065071652616693,-185.8120374421264,0.06625952265472435,0.7528747433264886,0.12413757700205341,6,1.2599210498948732,6,0,0,0,False,48
B_hist_fixed_injection,7,hist,True,False,1.9146761152415015,336.74544174066256,336.74544174066256,-1.2952375530559574,1.8065071652616693,-185.8120374421264,0.06625952265472435,0.7212244897959184,0.1336326530612245,6,1.1665290395761165,7,0,0,0,False,56
B_hist_fixed_injection,8,hist,True,False,1.9146761152415015,336.74544174066256,336.74544174066256,-1.2952375530559574,1.8065071652616693,-185.8120374421264,0.06625952265472435,0.7114604462474645,0.13656186612576063,6,1.080059738892306,8,0,0,0,False,62
B_hist_fixed_injection,9,hist,True,False,1.9146761152415015,336.74544174066256,336.74544174066256,-1.2952375530559574,1.8065071652616693,-185.8120374421264,0.06625952265472435,0.6844580777096115,0.14466257668711652,6,1.0,9,0,0,0,False,68
B_hist_fixed_injection,10,hist,True,False,1.9146761152415015,336.74544174066256,336.74544174066256,-1.2952375530559574,1.8065071652616693,-185.8120374421264,0.06625952265472435,0.6785276073619634,0.14644171779141096,6,0.9258747122872903,10,0,0,0,False,74
B_hist_fixed_injection,11,hist,True,False,1.9146761152415015,336.74544174066256,336.74544174066256,-1.2952375530559574,1.8065071652616693,-185.8120374421264,0.06625952265472435,0.6702429149797571,0.14892712550607287,6,0.8572439828530728,11,0,0,0,False,80
B_hist_fixed_injection,12,hist,True,False,1.9146761152415015,336.74544174066256,336.74544174066256,-1.2952375530559574,1.8065071652616693,-185.8120374421264,0.06625952265472435,0.6373481781376519,0.15879554655870443,6,0.7937005259840998,12,0,0,0,False,87
B_hist_fixed_injection,13,hist,True,False,1.9146761152415015,336.74544174066256,336.74544174066256,-1.2952375530559574,1.8065071652616693,-185.8120374421264,0.06625952265472435,0.6343942505133471,0.15968172484599585,6,0.7348672461377994,13,0,0,0,False,93
B_hist_fixed_injection,14,hist,True,False,1.9146761152415015,336.74544174066256,336.74544174066256,-1.2952375530559574,1.8065071652616693,-185.8120374421264,0.06625952265472435,0.5986842105263158,0.17039473684210524,6,0.6803950000871885,14,0,0,0,False,100
B_hist_fixed_injection,15,hist,True,False,1.9146761152415015,336.74544174066256,336.74544174066256,-1.2952375530559574,1.8065071652616693,-185.8120374421264,0.06625952265472435,0.589161554192229,0.17325153374233127,6,0.6299605249474366,0,1,0,25,False,106
B_hist_fixed_injection,16,hist,True,False,1.9146761152415015,336.74544174066256,336.74544174066256,-1.2952375530559574,1.8065071652616693,-185.8120374421264,0.06625952265472435,0.498170731707317,0.2005487804878049,6,0.5832645197880584,1,1,0,0,False,115
B_hist_fixed_injection,17,hist,True,False,1.9146761152415015,336.74544174066256,336.74544174066256,-1.2952375530559574,1.8065071652616693,-185.8120374421264,0.06625952265472435,0.48133874239350916,0.20559837728194724,6,0.540029869446153,2,1,0,0,False,120
B_hist_fixed_injection,18,hist,True,False,1.9146761152415015,336.74544174066256,336.74544174066256,-1.2952375530559574,1.8065071652616693,-185.8120374421264,0.06625952265472435,0.5139676113360323,0.1958097165991903,6,0.5,3,1,0,0,False,124
B_hist_fixed_injection,19,hist,True,False,1.9146761152415015,336.74544174066256,336.74544174066256,-1.2952375530559574,1.8065071652616693,-185.8120374421264,0.06625952265472435,0.53052738336714,0.190841784989858,6,0.4629373561436452,4,1,0,0,False,128
B_hist_fixed_injection,20,hist,True,False,1.9146761152415015,336.74544174066256,336.74544174066256,-1.2952375530559574,1.8065071652616693,-185.8120374421264,0.06625952265472435,0.5229591836734694,0.19311224489795917,6,0.4286219914265364,5,1,0,0,False,135
B_hist_fixed_injection,21,hist,True,False,1.9146761152415015,336.74544174066256,336.74544174066256,-1.2952375530559574,1.8065071652616693,-185.8120374421264,0.06625952265472435,0.4918016194331984,0.20245951417004046,6,0.39685026299204984,6,1,0,0,False,140
B_hist_fixed_injection,22,hist,True,False,1.9146761152415015,336.74544174066256,336.74544174066256,-1.2952375530559574,1.8065071652616693,-185.8120374421264,0.06625952265472435,0.44571428571428573,0.21628571428571428,6,0.36743362306889965,7,1,0,0,False,147
B_hist_fixed_injection,23,hist,True,False,1.9146761152415015,336.74544174066256,336.74544174066256,-1.2952375530559574,1.8065071652616693,-185.8120374421264,0.06625952265472435,0.4303462321792261,0.22089613034623215,6,0.3401975000435943,8,1,0,0,False,152
B_hist_fixed_injection,24,hist,True,False,1.9146761152415015,336.74544174066256,336.74544174066256,-1.2952375530559574,1.8065071652616693,-185.8120374421264,0.06625952265472435,0.453760162601626,0.2138719512195122,6,0.3149802624737183,9,1,0,0,False,157
B_hist_fixed_injection,25,hist,True,False,1.9146761152415015,336.74544174066256,336.74544174066256,-1.2952375530559574,1.8065071652616693,-185.8120374421264,0.06625952265472435,0.44042338709677414,0.21787298387096773,5,0.2916322598940292,10,1,0,0,False,165
B_hist_fixed_injection,26,hist,True,False,1.9146761152415015,336.74544174066256,336.74544174066256,-1.2952375530559574,1.8065071652616693,-185.8120374421264,0.06625952265472435,0.4208924949290061,0.22373225152129816,5,0.2700149347230765,11,1,0,0,False,170
B_hist_fixed_injection,27,hist,True,False,1.9146761152415015,336.74544174066256,336.74544174066256,-1.2952375530559574,1.8065071652616693,-185.8120374421264,0.06625952265472435,0.4419387755102041,0.21741836734693876,5,0.25,12,1,0,0,False,179
B_hist_fixed_injection,28,hist,True,False,1.9146761152415015,336.74544174066256,336.74544174066256,-1.2952375530559574,1.8065071652616693,-185.8120374421264,0.06625952265472435,0.453448275862069,0.2139655172413793,5,0.2314686780718226,13,1,0,0,False,187
B_hist_fixed_injection,29,hist,True,False,1.9146761152415015,336.74544174066256,336.74544174066256,-1.2952375530559574,1.8065071652616693,-185.8120374421264,0.06625952265472435,0.4342158859470468,0.21973523421588595,5,0.2143109957132682,14,1,0,0,False,193
B_hist_fixed_injection,30,hist,True,False,1.9146761152415015,336.74544174066256,336.74544174066256,-1.2952375530559574,1.8065071652616693,-185.8120374421264,0.06625952265472435,0.4519587628865979,0.21441237113402062,5,0.19842513149602492,0,1,0,25,False,200
B_hist_fixed_injection,31,hist,True,False,1.9146761152415015,336.74544174066256,336.74544174066256,-1.2952375530559574,1.8065071652616693,-185.8120374421264,0.06625952265472435,0.34613821138211387,0.24615853658536582,5,0.18371681153444983,1,1,0,0,False,206
B_hist_fixed_injection,32,hist,True,False,1.9146761152415015,336.74544174066256,336.74544174066256,-1.2952375530559574,1.8065071652616693,-185.8120374421264,0.06625952265472435,0.39146341463414636,0.23256097560975608,5,0.17009875002179714,2,1,0,0,False,211
B_hist_fixed_injection,33,hist,True,False,1.9146761152415015,336.74544174066256,336.74544174066256,-1.2952375530559574,1.8065071652616693,-185.8120374421264,0.06625952265472435,0.37611336032388665,0.237165991902834,5,0.15749013123685915,3,1,0,0,False,215
B_hist_fixed_injection,34,hist,True,False,1.9146761152415015,336.74544174066256,336.74544174066256,-1.2952375530559574,1.8065071652616693,-185.8120374421264,0.06625952265472435,0.36889117043121145,0.23933264887063654,5,0.1458161299470146,4,1,0,0,False,222
B_hist_fixed_injection,35,hist,True,False,1.9146761152415015,336.74544174066256,336.74544174066256,-1.2952375530559574,1.8065071652616693,-185.8120374421264,0.06625952265472435,0.41585858585858587,0.22524242424242422,5,0.13500746736153826,5,1,0,0,False,229
B_hist_fixed_injection,36,hist,True,False,1.9146761152415015,336.74544174066256,336.74544174066256,-1.2952375530559574,1.8065071652616693,-185.8120374421264,0.06625952265472435,0.3771983640081799,0.23684049079754602,5,0.125,6,1,0,0,False,235
B_hist_fixed_injection,37,hist,True,False,1.9146761152415015,336.74544174066256,336.74544174066256,-1.2952375530559574,1.8065071652616693,-185.8120374421264,0.06625952265472435,0.3465235173824131,0.24604294478527605,5,0.11573433903591133,7,1,0,0,False,241
B_hist_fixed_injection,38,hist,True,False,1.9146761152415015,336.74544174066256,336.74544174066256,-1.2952375530559574,1.8065071652616693,-185.8120374421264,0.06625952265472435,0.38364197530864197,0.2349074074074074,5,0.1071554978566341,8,1,0,0,False,245
B_hist_fixed_injection,39,hist,True,False,1.9146761152415015,336.74544174066256,336.74544174066256,-1.2952375530559574,1.8065071652616693,-185.8120374421264,0.06625952265472435,0.36361788617886176,0.24091463414634146,5,0.09921256574801249,9,1,0,0,False,249
B_hist_fixed_injection,40,hist,True,False,1.9146761152415015,336.74544174066256,336.74544174066256,-1.2952375530559574,1.8065071652616693,-185.8120374421264,0.06625952265472435,0.3658859470468432,0.240234215885947,5,0.09185840576722491,10,1,0,0,False,257
B_hist_fixed_injection,41,hist,True,False,1.9146761152415015,336.74544174066256,336.74544174066256,-1.2952375530559574,1.8065071652616693,-185.8120374421264,0.06625952265472435,0.35912778904665316,0.24226166328600401,5,0.08504937501089857,11,1,0,0,False,260
B_hist_fixed_injection,42,hist,True,False,1.9146761152415015,336.74544174066256,336.74544174066256,-1.2952375530559574,1.8065071652616693,-185.8120374421264,0.06625952265472435,0.35246913580246914,0.24425925925925923,5,0.07874506561842956,12,1,0,0,False,264
B_hist_fixed_injection,43,hist,True,False,1.9146761152415015,336.74544174066256,336.74544174066256,-1.2952375530559574,1.8065071652616693,-185.8120374421264,0.06625952265472435,0.3719387755102041,0.23841836734693875,5,0.0729080649735073,13,1,0,0,False,269
B_hist_fixed_injection,44,hist,True,False,1.9146761152415015,336.74544174066256,336.74544174066256,-1.2952375530559574,1.8065071652616693,-185.8120374421264,0.06625952265472435,0.3913131313131313,0.2326060606060606,5,0.06750373368076912,14,1,0,0,False,277
B_hist_fixed_injection,45,hist,True,False,1.9146761152415015,336.74544174066256,336.74544174066256,-1.2952375530559574,1.8065071652616693,-185.8120374421264,0.06625952265472435,0.4041751527494908,0.22874745417515274,5,0.0625,0,1,0,25,False,283
B_hist_fixed_injection,46,hist,True,False,1.9146761152415015,336.74544174066256,336.74544174066256,-1.2952375530559574,1.8065071652616693,-185.8120374421264,0.06625952265472435,0.3194501018329939,0.2541649694501018,5,0.05786716951795567,1,1,0,0,False,288
B_hist_fixed_injection,47,hist,True,False,1.9146761152415015,336.74544174066256,336.74544174066256,-1.2952375530559574,1.8065071652616693,-185.8120374421264,0.06625952265472435,0.3588775510204082,0.2423367346938775,5,0.05357774892831705,2,1,0,0,False,295
B_hist_fixed_injection,48,hist,True,False,1.9146761152415015,336.74544174066256,336.74544174066256,-1.2952375530559574,1.8065071652616693,-185.8120374421264,0.06625952265472435,0.3524193548387097,0.2442741935483871,5,0.049606282874006244,3,1,0,0,False,300
B_hist_fixed_injection,49,hist,True,False,1.9146761152415015,336.74544174066256,336.74544174066256,-1.2952375530559574,1.8065071652616693,-185.8120374421264,0.06625952265472435,0.38127530364372475,0.23561740890688254,5,0.045929202883612456,4,1,0,0,False,306
B_hist_fixed_injection,50,hist,True,False,1.9146761152415015,336.74544174066256,336.74544174066256,-1.2952375530559574,1.8065071652616693,-185.8120374421264,0.06625952265472435,0.3525510204081633,0.24423469387755098,4,0.042524687505449285,5,1,0,0,False,308
B_hist_fixed_injection,51,hist,True,False,1.9146761152415015,336.74544174066256,336.74544174066256,-1.2952375530559574,1.8065071652616693,-185.8120374421264,0.06625952265472435,0.3767418032786885,0.23697745901639344,4,0.03937253280921478,6,1,0,0,False,313
B_hist_fixed_injection,52,hist,True,False,1.9146761152415015,336.74544174066256,336.74544174066256,-1.2952375530559574,1.8065071652616693,-185.8120374421264,0.06625952265472435,0.3659919028340081,0.24020242914979756,4,0.03645403248675365,7,1,0,0,False,316
B_hist_fixed_injection,53,hist,True,False,1.9146761152415015,336.74544174066256,336.74544174066256,-1.2952375530559574,1.8065071652616693,-185.8120374421264,0.06625952265472435,0.3389112903225807,0.24832661290322577,4,0.03375186684038456,8,1,0,0,False,320
B_hist_fixed_injection,54,hist,True,False,1.9146761152415015,336.74544174066256,336.74544174066256,-1.2952375530559574,1.8065071652616693,-185.8120374421264,0.06625952265472435,0.40204918032786885,0.22938524590163933,4,0.03125,9,1,0,0,False,328
B_hist_fixed_injection,55,hist,True,False,1.9146761152415015,336.74544174066256,336.74544174066256,-1.2952375530559574,1.8065071652616693,-185.8120374421264,0.06625952265472435,0.4067540322580645,0.22797379032258064,4,0.028933584758977834,10,1,0,0,False,331
B_hist_fixed_injection,56,hist,True,False,1.9146761152415015,336.74544174066256,336.74544174066256,-1.2952375530559574,1.8065071652616693,-185.8120374421264,0.06625952265472435,0.372920892494929,0.23812373225152128,4,0.026788874464158525,11,1,0,0,False,335
B_hist_fixed_injection,57,hist,True,False,1.9146761152415015,336.74544174066256,336.74544174066256,-1.2952375530559574,1.8065071652616693,-185.8120374421264,0.06625952265472435,0.338843813387424,0.2483468559837728,4,0.024803141437003122,12,1,0,0,False,340
B_hist_fixed_injection,58,hist,True,False,1.9146761152415015,336.74544174066256,336.74544174066256,-1.2952375530559574,1.8065071652616693,-185.8120374421264,0.06625952265472435,0.373030303030303,0.23809090909090908,4,0.022964601441806228,13,1,0,0,False,346
B_hist_fixed_injection,59,hist,True,False,1.9146761152415015,336.74544174066256,336.74544174066256,-1.2952375530559574,1.8065071652616693,-185.8120374421264,0.06625952265472435,0.3982688391038697,0.23051934826883907,4,0.021262343752724643,14,1,0,0,False,350
B_hist_escalating_injection,0,hist,True,True,1.914198709163096,335.74898356237856,335.74898356237856,-1.713213039473644,1.4594818738690851,-185.00532733032932,0.04362383635272588,0.8853118712273642,0.0844064386317907,6,2.0,0,0,0,0,False,6
B_hist_escalating_injection,1,hist,True,True,1.914198709163096,335.74898356237856,335.74898356237856,-1.713213039473644,1.4594818738690851,-185.00532733032932,0.04362383635272588,0.8728105906313645,0.08815682281059067,6,1.851749424574581,1,0,0,0,False,13
B_hist_escalating_injection,2,hist,True,True,1.914198709163096,335.74898356237856,335.74898356237856,-1.713213039473644,1.4594818738690851,-185.00532733032932,0.04362383635272588,0.8435353535353536,0.09693939393939394,6,1.7144879657061456,2,0,0,0,False,22
B_hist_escalating_injection,3,hist,True,True,1.914198709163096,335.74898356237856,335.74898356237856,-1.713213039473644,1.4594818738690851,-185.00532733032932,0.04362383635272588,0.826868686868687,0.10193939393939389,6,1.5874010519681996,3,0,0,0,False,28
B_hist_escalating_injection,4,hist,True,True,1.914198709163096,335.74898356237856,335.74898356237856,-1.713213039473644,1.4594818738690851,-185.00532733032932,0.04362383635272588,0.8033811475409838,0.10898565573770486,6,1.4697344922755988,4,0,0,0,False,34
B_hist_escalating_injection,5,hist,True,True,1.914198709163096,335.74898356237856,335.74898356237856,-1.713213039473644,1.4594818738690851,-185.00532733032932,0.04362383635272588,0.7825413223140496,0.11523760330578511,6,1.360790000174377,5,0,0,0,False,41
B_hist_escalating_injection,6,hist,True,True,1.914198709163096,335.74898356237856,335.74898356237856,-1.713213039473644,1.4594818738690851,-185.00532733032932,0.04362383635272588,0.7649897330595483,0.1205030800821355,6,1.2599210498948732,6,0,0,0,False,46
B_hist_escalating_injection,7,hist,True,True,1.914198709163096,335.74898356237856,335.74898356237856,-1.713213039473644,1.4594818738690851,-185.00532733032932,0.04362383635272588,0.7507142857142858,0.12478571428571425,6,1.1665290395761165,7,0,0,0,False,53
B_hist_escalating_injection,8,hist,True,True,1.914198709163096,335.74898356237856,335.74898356237856,-1.713213039473644,1.4594818738690851,-185.00532733032932,0.04362383635272588,0.7187626774847871,0.13437119675456385,6,1.080059738892306,8,0,0,0,False,62
B_hist_escalating_injection,9,hist,True,True,1.914198709163096,335.74898356237856,335.74898356237856,-1.713213039473644,1.4594818738690851,-185.00532733032932,0.04362383635272588,0.700920245398773,0.1397239263803681,6,1.0,9,0,0,0,False,68
B_hist_escalating_injection,10,hist,True,True,1.914198709163096,335.74898356237856,335.74898356237856,-1.713213039473644,1.4594818738690851,-185.00532733032932,0.04362383635272588,0.6539877300613497,0.15380368098159508,6,0.9258747122872903,10,0,0,0,False,77
B_hist_escalating_injection,11,hist,True,True,1.914198709163096,335.74898356237856,335.74898356237856,-1.713213039473644,1.4594818738690851,-185.00532733032932,0.04362383635272588,0.6339068825910931,0.15982793522267205,6,0.8572439828530728,11,0,0,0,False,82
B_hist_escalating_injection,12,hist,True,True,1.914198709163096,335.74898356237856,335.74898356237856,-1.713213039473644,1.4594818738690851,-185.00532733032932,0.04362383635272588,0.5961538461538461,0.17115384615384613,6,0.7937005259840998,12,0,0,0,False,90
B_hist_escalating_injection,13,hist,True,True,1.914198709163096,335.74898356237856,335.74898356237856,-1.713213039473644,1.4594818738690851,-185.00532733032932,0.04362383635272588,0.6058282208588958,0.16825153374233126,6,0.7348672461377994,13,0,0,0,False,97
B_hist_escalating_injection,14,hist,True,True,1.914198709163096,335.74898356237856,335.74898356237856,-1.713213039473644,1.4594818738690851,-185.00532733032932,0.04362383635272588,0.5849798387096774,0.17450604838709677,6,0.6803950000871885,14,0,0,0,False,104
B_hist_escalating_injection,15,hist,True,True,1.914198709163096,335.74898356237856,335.74898356237856,-1.713213039473644,1.4594818738690851,-185.00532733032932,0.04362383635272588,0.5763803680981595,0.17708588957055213,6,0.6299605249474366,0,1,0,25,False,109
B_hist_escalating_injection,16,hist,True,True,1.914198709163096,335.74898356237856,335.74898356237856,-1.713213039473644,1.4594818738690851,-185.00532733032932,0.04362383635272588,0.5292682926829267,0.19121951219512195,6,0.5832645197880584,1,1,0,0,False,115
B_hist_escalating_injection,17,hist,True,True,1.914198709163096,335.74898356237856,335.74898356237856,-1.713213039473644,1.4594818738690851,-185.00532733032932,0.04362383635272588,0.5148373983739838,0.19554878048780486,6,0.540029869446153,2,1,0,0,False,120
B_hist_escalating_injection,18,hist,True,True,1.914198709163096,335.74898356237856,335.74898356237856,-1.713213039473644,1.4594818738690851,-185.00532733032932,0.04362383635272588,0.5181910569105691,0.19454268292682925,6,0.5,3,1,0,0,False,130
B_hist_escalating_injection,19,hist,True,True,1.914198709163096,335.74898356237856,335.74898356237856,-1.713213039473644,1.4594818738690851,-185.00532733032932,0.04362383635272588,0.4969450101832994,0.20091649694501015,6,0.4629373561436452,4,1,0,0,False,137
B_hist_escalating_injection,20,hist,True,True,1.914198709163096,335.74898356237856,335.74898356237856,-1.713213039473644,1.4594818738690851,-185.00532733032932,0.04362383635272588,0.49857723577235774,0.20042682926829267,6,0.4286219914265364,5,1,0,0,False,145
B_hist_escalating_injection,21,hist,True,True,1.914198709163096,335.74898356237856,335.74898356237856,-1.713213039473644,1.4594818738690851,-185.00532733032932,0.04362383635272588,0.49717171717171715,0.20084848484848483,6,0.39685026299204984,6,1,0,0,False,149
B_hist_escalating_injection,22,hist,True,True,1.914198709163096,335.74898356237856,335.74898356237856,-1.713213039473644,1.4594818738690851,-185.00532733032932,0.04362383635272588,0.5003054989816701,0.19990835030549894,6,0.36743362306889965,7,1,0,0,False,154
B_hist_escalating_injection,23,hist,True,True,1.914198709163096,335.74898356237856,335.74898356237856,-1.713213039473644,1.4594818738690851,-185.00532733032932,0.04362383635272588,0.46072874493927124,0.2117813765182186,6,0.3401975000435943,8,1,0,0,False,164
B_hist_escalating_injection,24,hist,True,True,1.914198709163096,335.74898356237856,335.74898356237856,-1.713213039473644,1.4594818738690851,-185.00532733032932,0.04362383635272588,0.468089430894309,0.20957317073170728,6,0.3149802624737183,9,1,0,0,False,171
B_hist_escalating_injection,25,hist,True,True,1.914198709163096,335.74898356237856,335.74898356237856,-1.713213039473644,1.4594818738690851,-185.00532733032932,0.04362383635272588,0.4665322580645162,0.21004032258064512,5,0.2916322598940292,10,1,0,0,False,177
B_hist_escalating_injection,26,hist,True,True,1.914198709163096,335.74898356237856,335.74898356237856,-1.713213039473644,1.4594818738690851,-185.00532733032932,0.04362383635272588,0.4265243902439025,0.22204268292682924,5,0.2700149347230765,11,1,0,0,False,183
B_hist_escalating_injection,27,hist,True,True,1.914198709163096,335.74898356237856,335.74898356237856,-1.713213039473644,1.4594818738690851,-185.00532733032932,0.04362383635272588,0.46527494908350303,0.21041751527494906,5,0.25,12,1,0,0,False,190
B_hist_escalating_injection,28,hist,True,True,1.914198709163096,335.74898356237856,335.74898356237856,-1.713213039473644,1.4594818738690851,-185.00532733032932,0.04362383635272588,0.460909090909091,0.21172727272727268,5,0.2314686780718226,13,1,0,0,False,197
B_hist_escalating_injection,29,hist,True,True,1.914198709163096,335.74898356237856,335.74898356237856,-1.713213039473644,1.4594818738690851,-185.00532733032932,0.04362383635272588,0.41219512195121955,0.22634146341463413,5,0.2143109957132682,14,1,0,0,False,202
B_hist_escalating_injection,30,hist,True,True,1.914198709163096,335.74898356237856,335.74898356237856,-1.713213039473644,1.4594818738690851,-185.00532733032932,0.04362383635272588,0.45296523517382414,0.21411042944785275,5,0.19842513149602492,0,2,0,38,False,207
B_hist_escalating_injection,31,hist,True,True,1.914198709163096,335.74898356237856,335.74898356237856,-1.713213039473644,1.4594818738690851,-185.00532733032932,0.04362383635272588,0.4591093117408907,0.21226720647773278,5,0.18371681153444983,1,2,0,0,False,216
B_hist_escalating_injection,32,hist,True,True,1.914198709163096,335.74898356237856,335.74898356237856,-1.713213039473644,1.4594818738690851,-185.00532733032932,0.04362383635272588,0.4544624746450304,0.21366125760649085,5,0.17009875002179714,2,2,0,0,False,220
B_hist_escalating_injection,33,hist,True,True,1.914198709163096,335.74898356237856,335.74898356237856,-1.713213039473644,1.4594818738690851,-185.00532733032932,0.04362383635272588,0.4334362139917695,0.21996913580246913,5,0.15749013123685915,3,2,0,0,False,225
B_hist_escalating_injection,34,hist,True,True,1.914198709163096,335.74898356237856,335.74898356237856,-1.713213039473644,1.4594818738690851,-185.00532733032932,0.04362383635272588,0.4527551020408163,0.21417346938775508,5,0.1458161299470146,4,2,0,0,False,230
B_hist_escalating_injection,35,hist,True,True,1.914198709163096,335.74898356237856,335.74898356237856,-1.713213039473644,1.4594818738690851,-185.00532733032932,0.04362383635272588,0.4159229208924949,0.2252231237322515,5,0.13500746736153826,5,2,0,0,False,237
B_hist_escalating_injection,36,hist,True,True,1.914198709163096,335.74898356237856,335.74898356237856,-1.713213039473644,1.4594818738690851,-185.00532733032932,0.04362383635272588,0.41288032454361057,0.2261359026369168,5,0.125,6,2,0,0,False,244
B_hist_escalating_injection,37,hist,True,True,1.914198709163096,335.74898356237856,335.74898356237856,-1.713213039473644,1.4594818738690851,-185.00532733032932,0.04362383635272588,0.39999999999999997,0.22999999999999998,5,0.11573433903591133,7,2,0,0,False,250
B_hist_escalating_injection,38,hist,True,True,1.914198709163096,335.74898356237856,335.74898356237856,-1.713213039473644,1.4594818738690851,-185.00532733032932,0.04362383635272588,0.3974541751527495,0.23076374745417513,5,0.1071554978566341,8,2,0,0,False,253
B_hist_escalating_injection,39,hist,True,True,1.914198709163096,335.74898356237856,335.74898356237856,-1.713213039473644,1.4594818738690851,-185.00532733032932,0.04362383635272588,0.4166666666666667,0.22499999999999998,5,0.09921256574801249,9,2,0,0,False,259
B_hist_escalating_injection,40,hist,True,True,1.914198709163096,335.74898356237856,335.74898356237856,-1.713213039473644,1.4594818738690851,-185.00532733032932,0.04362383635272588,0.3921529175050301,0.23235412474849093,5,0.09185840576722491,10,2,0,0,False,265
B_hist_escalating_injection,41,hist,True,True,1.914198709163096,335.74898356237856,335.74898356237856,-1.713213039473644,1.4594818738690851,-185.00532733032932,0.04362383635272588,0.39472616632860047,0.23158215010141986,5,0.08504937501089857,11,2,0,0,False,271
B_hist_escalating_injection,42,hist,True,True,1.914198709163096,335.74898356237856,335.74898356237856,-1.713213039473644,1.4594818738690851,-185.00532733032932,0.04362383635272588,0.4018218623481781,0.22945344129554654,5,0.07874506561842956,12,2,0,0,False,275
B_hist_escalating_injection,43,hist,True,True,1.914198709163096,335.74898356237856,335.74898356237856,-1.713213039473644,1.4594818738690851,-185.00532733032932,0.04362383635272588,0.3718181818181818,0.23845454545454542,5,0.0729080649735073,13,2,0,0,False,282
B_hist_escalating_injection,44,hist,True,True,1.914198709163096,335.74898356237856,335.74898356237856,-1.713213039473644,1.4594818738690851,-185.00532733032932,0.04362383635272588,0.40600814663951124,0.22819755600814662,5,0.06750373368076912,14,2,0,0,False,289
B_hist_escalating_injection,45,hist,True,True,1.914198709163096,335.74898356237856,335.74898356237856,-1.713213039473644,1.4594818738690851,-185.00532733032932,0.04362383635272588,0.4060204081632653,0.22819387755102039,5,0.0625,0,3,0,56,False,294
B_hist_escalating_injection,46,hist,True,True,1.914198709163096,335.74898356237856,335.74898356237856,-1.713213039473644,1.4594818738690851,-185.00532733032932,0.04362383635272588,0.551734693877551,0.18447959183673468,5,0.05786716951795567,1,3,0,0,False,303
B_hist_escalating_injection,47,hist,True,True,1.914198709163096,335.74898356237856,335.74898356237856,-1.713213039473644,1.4594818738690851,-185.00532733032932,0.04362383635272588,0.5147058823529411,0.19558823529411765,5,0.05357774892831705,2,3,0,0,False,310
B_hist_escalating_injection,48,hist,True,True,1.914198709163096,335.74898356237856,335.74898356237856,-1.713213039473644,1.4594818738690851,-185.00532733032932,0.04362383635272588,0.44999999999999996,0.215,5,0.049606282874006244,3,3,0,0,False,316
B_hist_escalating_injection,49,hist,True,True,1.914198709163096,335.74898356237856,335.74898356237856,-1.713213039473644,1.4594818738690851,-185.00532733032932,0.04362383635272588,0.43173469387755103,0.22047959183673468,5,0.045929202883612456,4,3,0,0,False,323
B_hist_escalating_injection,50,hist,True,True,1.914198709163096,335.74898356237856,335.74898356237856,-1.713213039473644,1.4594818738690851,-185.00532733032932,0.04362383635272588,0.4461065573770492,0.21616803278688523,4,0.042524687505449285,5,3,0,0,False,330
B_hist_escalating_injection,51,hist,True,True,1.914198709163096,335.74898356237856,335.74898356237856,-1.713213039473644,1.4594818738690851,-185.00532733032932,0.04362383635272588,0.4314777327935223,0.2205566801619433,4,0.03937253280921478,6,3,0,0,False,336
B_hist_escalating_injection,52,hist,True,True,1.914198709163096,335.74898356237856,335.74898356237856,-1.713213039473644,1.4594818738690851,-185.00532733032932,0.04362383635272588,0.411010101010101,0.22669696969696967,4,0.03645403248675365,7,3,0,0,False,341
B_hist_escalating_injection,53,hist,True,True,1.914198709163096,335.74898356237856,335.74898356237856,-1.713213039473644,1.4594818738690851,-185.00532733032932,0.04362383635272588,0.4540983606557377,0.21377049180327867,4,0.03375186684038456,8,3,0,0,False,348
B_hist_escalating_injection,54,hist,True,True,1.914198709163096,335.74898356237856,335.74898356237856,-1.713213039473644,1.4594818738690851,-185.00532733032932,0.04362383635272588,0.44629258517034065,0.2161122244488978,4,0.03125,9,3,0,0,False,352
B_hist_escalating_injection,55,hist,True,True,1.914198709163096,335.74898356237856,335.74898356237856,-1.713213039473644,1.4594818738690851,-185.00532733032932,0.04362383635272588,0.3994939271255061,0.23015182186234817,4,0.028933584758977834,10,3,0,0,False,355
B_hist_escalating_injection,56,hist,True,True,1.914198709163096,335.74898356237856,335.74898356237856,-1.713213039473644,1.4594818738690851,-185.00532733032932,0.04362383635272588,0.38103448275862073,0.23568965517241375,4,0.026788874464158525,11,3,0,0,False,362
B_hist_escalating_injection,57,hist,True,True,1.914198709163096,335.74898356237856,335.74898356237856,-1.713213039473644,1.4594818738690851,-185.00532733032932,0.04362383635272588,0.37089249492900606,0.23873225152129818,4,0.024803141437003122,12,3,0,0,False,368
B_hist_escalating_injection,58,hist,True,True,1.914198709163096,335.74898356237856,335.74898356237856,-1.713213039473644,1.4594818738690851,-185.00532733032932,0.04362383635272588,0.3715306122448979,0.23854081632653062,4,0.022964601441806228,13,3,0,0,False,373
B_hist_escalating_injection,59,hist,True,True,1.914198709163096,335.74898356237856,335.74898356237856,-1.713213039473644,1.4594818738690851,-185.00532733032932,0.04362383635272588,0.3983739837398374,0.23048780487804876,4,0.021262343752724643,14,3,0,0,False,381
