seed,gen,best_ppf,sigma,h_sens_pop,div,stag,n_al
42,1,1.8016407489776611,0.07108209282159805,1.7290576565932338,1.0,0,24
42,2,1.8016407489776611,0.07108209282159805,1.7120449019615265,1.0,1,48
42,3,1.8016407489776611,0.07108209282159805,1.7131195717209058,1.0,2,50
42,4,1.8016407489776611,0.07108209282159805,1.71395031588685,1.0,3,50
42,5,1.8016407489776611,0.07108209282159805,1.739296154029955,1.0,4,50
42,6,1.8016407489776611,0.07108209282159805,1.7360931912960735,1.0,5,50
42,7,1.8016407489776611,0.07108209282159805,1.7019635729508622,1.0,6,50
42,8,1.8016407489776611,0.07108209282159805,1.7000590481572866,1.0,7,50
42,9,1.8016407489776611,0.07108209282159805,1.7007411062249569,1.0,8,50
42,10,1.8016407489776611,0.07108209282159805,1.6780794372897503,1.0,9,50
42,11,1.8016407489776611,0.07108209282159805,1.6997826310676456,1.0,10,50
42,12,1.8016407489776611,0.07108209282159805,1.7089046389617517,1.0,11,50
42,13,1.8016407489776611,0.07108209282159805,1.6877731918532801,1.0,12,50
42,14,1.8016407489776611,0.07108209282159805,1.6992325959181382,1.0,13,50
42,15,1.8016407489776611,0.07108209282159805,1.6947908376352043,1.0,14,50
42,16,1.8016407489776611,0.07108209282159805,1.7062308010844447,1.0,15,50
42,17,1.8016407489776611,0.07108209282159805,1.7434701840911444,1.0,16,50
42,18,1.8016407489776611,0.07108209282159805,1.715674777027048,1.0,17,50
42,19,1.8016407489776611,0.07108209282159805,1.7065884236543476,1.0,18,50
42,20,1.8016407489776611,0.07108209282159805,1.7154956551742142,1.0,19,50
42,21,1.8016407489776611,0.07108209282159805,1.7042577214241112,1.0,0,50
42,22,1.8016407489776611,0.07108209282159805,1.694178713739653,1.0,1,50
42,23,1.8016407489776611,0.07108209282159805,1.7186603643070908,1.0,2,50
42,24,1.8016407489776611,0.07108209282159805,1.7081897762706808,1.0,3,50
42,25,1.8016407489776611,0.07108209282159805,1.7225067312095679,1.0,4,50
42,26,1.8016407489776611,0.07108209282159805,1.70721505485754,1.0,5,50
42,27,1.8016407489776611,0.07108209282159805,1.689326379702311,1.0,6,50
42,28,1.8016407489776611,0.07108209282159805,1.7024911215426104,1.0,7,50
42,29,1.8016407489776611,0.07108209282159805,1.7205577264271985,1.0,8,50
42,30,1.8016407489776611,0.07108209282159805,1.7025246225262114,1.0,9,50
42,31,1.8016407489776611,0.07108209282159805,1.6923819176827826,1.0,10,50
42,32,1.8016407489776611,0.07108209282159805,1.7025160957984424,1.0,11,50
42,33,1.8016407489776611,0.07108209282159805,1.7026839654743235,1.0,12,50
42,34,1.8016407489776611,0.07108209282159805,1.6918874378041213,1.0,13,50
42,35,1.8016407489776611,0.07108209282159805,1.7003050375405753,1.0,14,50
42,36,1.8016407489776611,0.07108209282159805,1.6952489870368468,1.0,15,50
42,37,1.8016407489776611,0.07108209282159805,1.7121240557579414,1.0,16,50
42,38,1.8016407489776611,0.07108209282159805,1.70620941596809,1.0,17,50
42,39,1.8016407489776611,0.07108209282159805,1.6893258458726979,1.0,18,50
42,40,1.8016407489776611,0.07108209282159805,1.681372806088138,1.0,19,50
42,41,1.8016407489776611,0.07108209282159805,1.7213612921870962,1.0,0,50
42,42,1.8016407489776611,0.07108209282159805,1.6845740559113964,1.0,1,50
42,43,1.8016407489776611,0.07108209282159805,1.7040257164886725,1.0,2,50
42,44,1.8016407489776611,0.07108209282159805,1.7087754676309506,1.0,3,50
42,45,1.8016407489776611,0.07108209282159805,1.704978370591394,1.0,4,50
42,46,1.8016407489776611,0.07108209282159805,1.6975195064686541,1.0,5,50
42,47,1.8016407489776611,0.07108209282159805,1.7050859430937142,1.0,6,50
42,48,1.8016407489776611,0.07108209282159805,1.6990633034127194,1.0,7,50
42,49,1.8016407489776611,0.07108209282159805,1.6947394475736388,1.0,8,50
42,50,1.8016407489776611,0.07108209282159805,1.7128166240240648,1.0,9,50
42,51,1.8016407489776611,0.07108209282159805,1.7051161814064673,1.0,10,50
42,52,1.8016407489776611,0.07108209282159805,1.687307286597014,1.0,11,50
42,53,1.8016407489776611,0.07108209282159805,1.6591278184770102,1.0,12,50
42,54,1.8016407489776611,0.07108209282159805,1.6798399947598002,1.0,13,50
42,55,1.8016407489776611,0.07108209282159805,1.7085512658600848,1.0,14,50
42,56,1.8016407489776611,0.07108209282159805,1.6914671345908576,1.0,15,50
42,57,1.8016407489776611,0.07108209282159805,1.6953914355332904,1.0,16,50
42,58,1.8016407489776611,0.07108209282159805,1.7120960263755096,1.0,17,50
42,59,1.8016407489776611,0.07108209282159805,1.7280467667954633,1.0,18,50
42,60,1.8016407489776611,0.07108209282159805,1.6994555131596232,1.0,19,50
42,61,1.8016407489776611,0.07108209282159805,1.7211746953985174,1.0,0,50
42,62,1.8016407489776611,0.07108209282159805,1.6864416049704383,1.0,1,50
42,63,1.8016407489776611,0.07108209282159805,1.6753322832566822,1.0,2,50
42,64,1.8016407489776611,0.07108209282159805,1.6396440704313167,1.0,3,50
42,65,1.8016407489776611,0.07108209282159805,1.6518032400491518,1.0,4,50
42,66,1.8016407489776611,0.07108209282159805,1.6613648988099885,1.0,5,50
42,67,1.8016407489776611,0.07108209282159805,1.6670957444467245,1.0,6,50
42,68,1.8016407489776611,0.07108209282159805,1.67067401582278,1.0,7,50
42,69,1.8016407489776611,0.07108209282159805,1.6865740544813035,1.0,8,50
42,70,1.8016407489776611,0.07108209282159805,1.6909390451342492,1.0,9,50
42,71,1.8016407489776611,0.07108209282159805,1.6593194651820748,1.0,10,50
42,72,1.8016407489776611,0.07108209282159805,1.659872489564108,1.0,11,50
42,73,1.8016407489776611,0.07108209282159805,1.692598881743497,1.0,12,50
42,74,1.8016407489776611,0.07108209282159805,1.6639105906919305,1.0,13,50
42,75,1.8016407489776611,0.07108209282159805,1.7004054512225717,1.0,14,50
42,76,1.8016407489776611,0.07108209282159805,1.6792669227345363,1.0,15,50
42,77,1.8016407489776611,0.07108209282159805,1.6740642536750463,1.0,16,50
42,78,1.8016407489776611,0.07108209282159805,1.6927874774839362,1.0,17,50
42,79,1.8016407489776611,0.07108209282159805,1.702558436275729,1.0,18,50
42,80,1.8016407489776611,0.07108209282159805,1.7044601699894577,1.0,19,50
42,81,1.8016407489776611,0.07108209282159805,1.7104378455812674,1.0,0,50
42,82,1.8016407489776611,0.07108209282159805,1.6876701227366284,1.0,1,50
42,83,1.8016407489776611,0.07108209282159805,1.6644884164704625,1.0,2,50
42,84,1.8016407489776611,0.07108209282159805,1.6663362121527197,1.0,3,50
42,85,1.8016407489776611,0.07108209282159805,1.6663814500527185,1.0,4,50
42,86,1.8016407489776611,0.07108209282159805,1.6511995921551517,1.0,5,50
42,87,1.8016407489776611,0.07108209282159805,1.6883922487712968,1.0,6,50
42,88,1.8016407489776611,0.07108209282159805,1.6789714175253352,1.0,7,50
42,89,1.8016407489776611,0.07108209282159805,1.6976298889451058,1.0,8,50
42,90,1.8016407489776611,0.07108209282159805,1.675655939368741,1.0,9,50
42,91,1.8016407489776611,0.07108209282159805,1.678344906290353,1.0,10,50
42,92,1.8016407489776611,0.07108209282159805,1.6782026178099396,1.0,11,50
42,93,1.8016407489776611,0.07108209282159805,1.6729563498968973,1.0,12,50
42,94,1.8016407489776611,0.07108209282159805,1.6792225051392393,1.0,13,50
42,95,1.8016407489776611,0.07108209282159805,1.7093027269810632,1.0,14,50
42,96,1.8016407489776611,0.07108209282159805,1.7177178309063368,1.0,15,50
42,97,1.8016407489776611,0.07108209282159805,1.7312502604456028,1.0,16,50
42,98,1.8016407489776611,0.07108209282159805,1.7529623190208108,1.0,17,50
42,99,1.8016407489776611,0.07108209282159805,1.7366634910729746,1.0,18,50
42,100,1.8016407489776611,0.07108209282159805,1.702007428071255,1.0,19,50
42,101,1.8016407489776611,0.07108209282159805,1.7084439286853363,1.0,0,50
42,102,1.8016407489776611,0.07108209282159805,1.6925398798679063,1.0,1,50
42,103,1.8016407489776611,0.07108209282159805,1.692911159225536,1.0,2,50
42,104,1.8016407489776611,0.07108209282159805,1.6691322517725915,1.0,3,50
42,105,1.8016407489776611,0.07108209282159805,1.6890779074077518,1.0,4,50
42,106,1.8016407489776611,0.07108209282159805,1.7071561215981368,1.0,5,50
42,107,1.8016407489776611,0.07108209282159805,1.7059891957104618,1.0,6,50
42,108,1.8016407489776611,0.07108209282159805,1.7045699950344848,1.0,7,50
42,109,1.8016407489776611,0.07108209282159805,1.696522591519451,1.0,8,50
42,110,1.8016407489776611,0.07108209282159805,1.6931753964554759,1.0,9,50
42,111,1.8016407489776611,0.07108209282159805,1.6576582225222896,1.0,10,50
42,112,1.8016407489776611,0.07108209282159805,1.6617301926717591,1.0,11,50
42,113,1.7991862297058105,0.07795683294534683,1.6521233387155405,1.0,0,50
42,114,1.7991862297058105,0.07795683294534683,1.637004002009321,1.0,1,50
42,115,1.7991862297058105,0.07795683294534683,1.628599669107493,1.0,2,50
42,116,1.7991862297058105,0.07795683294534683,1.624926324338293,1.0,3,50
42,117,1.7991862297058105,0.07795683294534683,1.6535365616150548,1.0,4,50
42,118,1.7991862297058105,0.07795683294534683,1.6519409371352307,1.0,5,50
42,119,1.7991862297058105,0.07795683294534683,1.6661233611446538,1.0,6,50
42,120,1.7991862297058105,0.07795683294534683,1.655585884698464,1.0,7,50
42,121,1.7991862297058105,0.07795683294534683,1.6674859860217877,1.0,8,50
42,122,1.7991862297058105,0.07795683294534683,1.6773096879870755,1.0,9,50
42,123,1.7991862297058105,0.07795683294534683,1.6751509524743395,1.0,10,50
42,124,1.7991862297058105,0.07795683294534683,1.6888317250073064,1.0,11,50
42,125,1.7991862297058105,0.07795683294534683,1.662793079213186,1.0,12,50
42,126,1.7991862297058105,0.07795683294534683,1.6439954511651933,1.0,13,50
42,127,1.7991862297058105,0.07795683294534683,1.6552020266370182,1.0,14,50
42,128,1.7991862297058105,0.07795683294534683,1.6596183509000646,1.0,15,50
42,129,1.7991862297058105,0.07795683294534683,1.6893258323924378,1.0,16,50
42,130,1.7991862297058105,0.07795683294534683,1.694384136421467,1.0,17,50
42,131,1.7991862297058105,0.07795683294534683,1.6666896399910296,1.0,18,50
42,132,1.7991862297058105,0.07795683294534683,1.664332045543548,1.0,19,50
42,133,1.7991862297058105,0.07795683294534683,1.6818220178372891,1.0,0,50
42,134,1.7991862297058105,0.07795683294534683,1.6794985507961917,1.0,1,50
42,135,1.7991862297058105,0.07795683294534683,1.6633562328056546,1.0,2,50
42,136,1.7991862297058105,0.07795683294534683,1.662221118242934,1.0,3,50
42,137,1.7991862297058105,0.07795683294534683,1.6616329645817522,1.0,4,50
42,138,1.7991862297058105,0.07795683294534683,1.6510973539327278,1.0,5,50
42,139,1.7991862297058105,0.07795683294534683,1.669049113940435,1.0,6,50
42,140,1.7991862297058105,0.07795683294534683,1.6811242235789092,1.0,7,50
42,141,1.7991862297058105,0.07795683294534683,1.6622763603027422,1.0,8,50
42,142,1.7991862297058105,0.07795683294534683,1.6808104183385948,1.0,9,50
42,143,1.7991862297058105,0.07795683294534683,1.6757171088025926,1.0,10,50
42,144,1.7991862297058105,0.07795683294534683,1.6365602477425005,1.0,11,50
42,145,1.7991862297058105,0.07795683294534683,1.6530117338879806,1.0,12,50
42,146,1.7991862297058105,0.07795683294534683,1.6552413790525213,1.0,13,50
42,147,1.7991862297058105,0.07795683294534683,1.642146914607736,1.0,14,50
42,148,1.7991862297058105,0.07795683294534683,1.655067860255639,1.0,15,50
42,149,1.7991862297058105,0.07795683294534683,1.6482959309461747,1.0,16,50
42,150,1.7991862297058105,0.07795683294534683,1.6189664102486687,1.0,17,50
42,151,1.7991862297058105,0.07795683294534683,1.6284606804320607,1.0,18,50
42,152,1.7991862297058105,0.07795683294534683,1.637502625425902,1.0,19,50
42,153,1.7991862297058105,0.07795683294534683,1.6750942768686452,1.0,0,50
42,154,1.7991862297058105,0.07795683294534683,1.6797459455796981,1.0,1,50
42,155,1.7991862297058105,0.07795683294534683,1.6610465131294656,1.0,2,50
42,156,1.7991862297058105,0.07795683294534683,1.660720500197757,1.0,3,50
42,157,1.7889388799667358,0.06055358797311783,1.666775263516039,1.0,0,50
42,158,1.7889388799667358,0.06055358797311783,1.6556383483905188,1.0,1,50
42,159,1.7889388799667358,0.06055358797311783,1.613815180624887,1.0,2,50
42,160,1.7889388799667358,0.06055358797311783,1.6260417414684019,1.0,3,50
42,161,1.7889388799667358,0.06055358797311783,1.6242266355955246,1.0,4,50
42,162,1.7889388799667358,0.06055358797311783,1.634687042059036,1.0,5,50
42,163,1.7889388799667358,0.06055358797311783,1.6354603027488663,1.0,6,50
42,164,1.7889388799667358,0.06055358797311783,1.6550105628154839,1.0,7,50
42,165,1.7889388799667358,0.06055358797311783,1.657075462482711,1.0,8,50
42,166,1.7889388799667358,0.06055358797311783,1.6785956058529585,1.0,9,50
42,167,1.7889388799667358,0.06055358797311783,1.6984347121923542,1.0,10,50
42,168,1.7889388799667358,0.06055358797311783,1.6841695335107811,1.0,11,50
42,169,1.7889388799667358,0.06055358797311783,1.694009615420702,1.0,12,50
42,170,1.7889388799667358,0.06055358797311783,1.6476176754865746,1.0,13,50
42,171,1.7889388799667358,0.06055358797311783,1.6740495444123873,1.0,14,50
42,172,1.7889388799667358,0.06055358797311783,1.668162204393888,1.0,15,50
42,173,1.7889388799667358,0.06055358797311783,1.6634318510169375,1.0,16,50
42,174,1.7889388799667358,0.06055358797311783,1.665517463011924,1.0,17,50
42,175,1.7889388799667358,0.06055358797311783,1.6505579551078253,1.0,18,50
42,176,1.7889388799667358,0.06055358797311783,1.6611018871682781,1.0,19,50
42,177,1.7889388799667358,0.06055358797311783,1.6502945244042961,1.0,0,50
42,178,1.7889388799667358,0.06055358797311783,1.656115523994476,1.0,1,50
42,179,1.7889388799667358,0.06055358797311783,1.6431755941220798,1.0,2,50
42,180,1.7889388799667358,0.06055358797311783,1.6130679757902695,1.0,3,50
42,181,1.7889388799667358,0.06055358797311783,1.617423496146727,1.0,4,50
42,182,1.7889388799667358,0.06055358797311783,1.627603776401905,1.0,5,50
42,183,1.7889388799667358,0.06055358797311783,1.6463126533485954,1.0,6,50
42,184,1.7889388799667358,0.06055358797311783,1.6233640465776804,1.0,7,50
42,185,1.7889388799667358,0.06055358797311783,1.6094961529766276,1.0,8,50
42,186,1.7889388799667358,0.06055358797311783,1.6051623738007887,1.0,9,50
42,187,1.7889388799667358,0.06055358797311783,1.5982186908224383,1.0,10,50
42,188,1.7889388799667358,0.06055358797311783,1.58828014014123,1.0,11,50
42,189,1.7889388799667358,0.06055358797311783,1.5788652487170447,1.0,12,50
42,190,1.7889388799667358,0.06055358797311783,1.5923957632460592,1.0,13,50
42,191,1.7889388799667358,0.06055358797311783,1.6070072670521491,1.0,14,50
42,192,1.7889388799667358,0.06055358797311783,1.6085315420680675,1.0,15,50
42,193,1.7889388799667358,0.06055358797311783,1.5954532561256187,1.0,16,50
42,194,1.7889388799667358,0.06055358797311783,1.5929164181798174,1.0,17,50
42,195,1.7889388799667358,0.06055358797311783,1.5963246943068854,1.0,18,50
42,196,1.7889388799667358,0.06055358797311783,1.5909937954776998,1.0,19,50
42,197,1.7889388799667358,0.06055358797311783,1.6345582065632822,1.0,0,50
42,198,1.7889388799667358,0.06055358797311783,1.6267223273549405,1.0,1,50
42,199,1.7889388799667358,0.06055358797311783,1.6105937547804747,1.0,2,50
42,200,1.7889388799667358,0.06055358797311783,1.5871468507380477,1.0,3,50
42,201,1.7889388799667358,0.06055358797311783,1.6134296620324198,1.0,4,50
42,202,1.7889388799667358,0.06055358797311783,1.6291347630581832,1.0,5,50
42,203,1.7889388799667358,0.06055358797311783,1.6265139363914307,1.0,6,50
42,204,1.7889388799667358,0.06055358797311783,1.62083533306,1.0,7,50
42,205,1.7889388799667358,0.06055358797311783,1.6082714413050154,1.0,8,50
42,206,1.7889388799667358,0.06055358797311783,1.6175398913776973,1.0,9,50
42,207,1.7889388799667358,0.06055358797311783,1.6079684364929765,1.0,10,50
42,208,1.7889388799667358,0.06055358797311783,1.6254905116308689,1.0,11,50
42,209,1.7889388799667358,0.06055358797311783,1.6422694330194427,1.0,12,50
42,210,1.7889388799667358,0.06055358797311783,1.627362437812412,1.0,13,50
42,211,1.7889388799667358,0.06055358797311783,1.6257983695884912,1.0,14,50
42,212,1.7889388799667358,0.06055358797311783,1.63068572840116,1.0,15,50
42,213,1.7889388799667358,0.06055358797311783,1.6374652577005673,1.0,16,50
42,214,1.7889388799667358,0.06055358797311783,1.6077969708509674,1.0,17,50
42,215,1.7889388799667358,0.06055358797311783,1.6157938776021479,1.0,18,50
42,216,1.7889388799667358,0.06055358797311783,1.6167238278108373,1.0,19,50
42,217,1.7889388799667358,0.06055358797311783,1.614451232440366,1.0,0,50
42,218,1.7889388799667358,0.06055358797311783,1.5973925336878536,1.0,1,50
42,219,1.7889388799667358,0.06055358797311783,1.5794220338284097,1.0,2,50
42,220,1.7889388799667358,0.06055358797311783,1.5669122199936187,1.0,3,50
42,221,1.7889388799667358,0.06055358797311783,1.5589541991978166,1.0,4,50
42,222,1.7889388799667358,0.06055358797311783,1.53438874104125,1.0,5,50
42,223,1.7889388799667358,0.06055358797311783,1.5439371403490425,1.0,6,50
42,224,1.7889388799667358,0.06055358797311783,1.5434001329581013,1.0,7,50
42,225,1.7889388799667358,0.06055358797311783,1.55173585209842,1.0,8,50
42,226,1.7889388799667358,0.06055358797311783,1.5537229924988387,1.0,9,50
42,227,1.7889388799667358,0.06055358797311783,1.5612782156669218,1.0,10,50
42,228,1.7889388799667358,0.06055358797311783,1.5736511094885652,1.0,11,50
42,229,1.7889388799667358,0.06055358797311783,1.5888775645543485,1.0,12,50
42,230,1.7889388799667358,0.06055358797311783,1.585852456723525,1.0,13,50
42,231,1.7889388799667358,0.06055358797311783,1.5752294730132885,1.0,14,50
42,232,1.7889388799667358,0.06055358797311783,1.5569064910184136,1.0,15,50
42,233,1.7889388799667358,0.06055358797311783,1.5178204630100494,1.0,16,50
42,234,1.7889388799667358,0.06055358797311783,1.5131661760569532,1.0,17,50
42,235,1.7889388799667358,0.06055358797311783,1.506771094558095,1.0,18,50
42,236,1.7889388799667358,0.06055358797311783,1.5329625520355163,1.0,19,50
42,237,1.7889388799667358,0.06055358797311783,1.5749191510245246,1.0,0,50
42,238,1.7889388799667358,0.06055358797311783,1.569689659282871,1.0,1,50
42,239,1.7889388799667358,0.06055358797311783,1.551153417895215,1.0,2,50
42,240,1.7889388799667358,0.06055358797311783,1.5457727461164212,1.0,3,50
42,241,1.7889388799667358,0.06055358797311783,1.5323025997086124,1.0,4,50
42,242,1.7889388799667358,0.06055358797311783,1.509318478578755,1.0,5,50
42,243,1.7889388799667358,0.06055358797311783,1.508911742142064,1.0,6,50
42,244,1.7889388799667358,0.06055358797311783,1.504591493635086,1.0,7,50
42,245,1.7889388799667358,0.06055358797311783,1.5260611862260645,1.0,8,50
42,246,1.7889388799667358,0.06055358797311783,1.513302881108092,1.0,9,50
42,247,1.7889388799667358,0.06055358797311783,1.5196207408657045,1.0,10,50
42,248,1.7889388799667358,0.06055358797311783,1.4930106285959908,1.0,11,50
42,249,1.7889388799667358,0.06055358797311783,1.4897356732673086,1.0,12,50
42,250,1.7889388799667358,0.06055358797311783,1.4724515223795551,1.0,13,50
137,1,1.8540133237838745,0.0797126516699791,1.7403988783445918,1.0,0,22
137,2,1.8540133237838745,0.0797126516699791,1.7187980349928287,1.0,1,46
137,3,1.8540133237838745,0.0797126516699791,1.7109951410614923,1.0,2,50
137,4,1.8401681184768677,0.05431361123919487,1.7152526569716475,1.0,0,50
137,5,1.8401681184768677,0.05431361123919487,1.7158414860176177,1.0,1,50
137,6,1.8401681184768677,0.05431361123919487,1.6778914607385231,1.0,2,50
137,7,1.8323947191238403,0.062230974435806274,1.7015117776102864,1.0,0,50
137,8,1.8323947191238403,0.062230974435806274,1.7125968653827714,1.0,1,50
137,9,1.8323947191238403,0.062230974435806274,1.6901977997955553,1.0,2,50
137,10,1.8323947191238403,0.062230974435806274,1.6746972586703277,1.0,3,50
137,11,1.8323947191238403,0.062230974435806274,1.6783194280078182,1.0,4,50
137,12,1.8323947191238403,0.062230974435806274,1.693825986533748,1.0,5,50
137,13,1.8323947191238403,0.062230974435806274,1.6977681486899148,1.0,6,50
137,14,1.8323947191238403,0.062230974435806274,1.7043187717007078,1.0,7,50
137,15,1.8323947191238403,0.062230974435806274,1.6962245913197478,1.0,8,50
137,16,1.8323947191238403,0.062230974435806274,1.6943004449090289,1.0,9,50
137,17,1.8323947191238403,0.062230974435806274,1.6859924188872053,1.0,10,50
137,18,1.8323947191238403,0.062230974435806274,1.672385506769593,1.0,11,50
137,19,1.8323947191238403,0.062230974435806274,1.6786302614720126,1.0,12,50
137,20,1.8323947191238403,0.062230974435806274,1.688570987434935,1.0,13,50
137,21,1.8323947191238403,0.062230974435806274,1.690612632742175,1.0,14,50
137,22,1.8305621147155762,0.07362765818834305,1.69285519231488,1.0,0,50
137,23,1.8305621147155762,0.07362765818834305,1.715482656725991,1.0,1,50
137,24,1.8305621147155762,0.07362765818834305,1.7203337999409356,1.0,2,50
137,25,1.8305621147155762,0.07362765818834305,1.7312351282915233,1.0,3,50
137,26,1.8305621147155762,0.07362765818834305,1.7527516926637854,1.0,4,50
137,27,1.8305621147155762,0.07362765818834305,1.7288769728429323,1.0,5,50
137,28,1.8305621147155762,0.07362765818834305,1.7021768057867115,1.0,6,50
137,29,1.8305621147155762,0.07362765818834305,1.735838419375775,1.0,7,50
137,30,1.8305621147155762,0.07362765818834305,1.7061051423769653,1.0,8,50
137,31,1.8305621147155762,0.07362765818834305,1.6986376039644262,1.0,9,50
137,32,1.8305621147155762,0.07362765818834305,1.7139597094770649,1.0,10,50
137,33,1.8274891376495361,0.05949444696307182,1.7064610847963093,1.0,0,50
137,34,1.8274891376495361,0.05949444696307182,1.7183748059515833,1.0,1,50
137,35,1.8274891376495361,0.05949444696307182,1.7168042157092218,1.0,2,50
137,36,1.8274891376495361,0.05949444696307182,1.6988685887207344,1.0,3,50
137,37,1.8274891376495361,0.05949444696307182,1.6749271614759118,1.0,4,50
137,38,1.8274891376495361,0.05949444696307182,1.6762650221532625,1.0,5,50
137,39,1.8274891376495361,0.05949444696307182,1.6949704419111198,1.0,6,50
137,40,1.8274891376495361,0.05949444696307182,1.6753878440574037,1.0,7,50
137,41,1.8274891376495361,0.05949444696307182,1.6853530287005682,1.0,8,50
137,42,1.8274891376495361,0.05949444696307182,1.683763167475321,1.0,9,50
137,43,1.8274891376495361,0.05949444696307182,1.7090005631958305,1.0,10,50
137,44,1.8274891376495361,0.05949444696307182,1.7047605198520923,1.0,11,50
137,45,1.8274891376495361,0.05949444696307182,1.6997020026181728,1.0,12,50
137,46,1.8274891376495361,0.05949444696307182,1.7142879991683553,1.0,13,50
137,47,1.8274891376495361,0.05949444696307182,1.705511890750068,1.0,14,50
137,48,1.8274891376495361,0.05949444696307182,1.726601525779351,1.0,15,50
137,49,1.8089113235473633,0.057431455701589584,1.7093494759913326,1.0,0,50
137,50,1.8089113235473633,0.057431455701589584,1.696644519162447,1.0,1,50
137,51,1.8089113235473633,0.057431455701589584,1.6835232058973195,1.0,2,50
137,52,1.8089113235473633,0.057431455701589584,1.6754640396067686,1.0,3,50
137,53,1.8089113235473633,0.057431455701589584,1.6752153131232412,1.0,4,50
137,54,1.8089113235473633,0.057431455701589584,1.6772031389955258,1.0,5,50
137,55,1.8089113235473633,0.057431455701589584,1.685699158739219,1.0,6,50
137,56,1.8089113235473633,0.057431455701589584,1.6878553177826954,1.0,7,50
137,57,1.8089113235473633,0.057431455701589584,1.6819887473716721,1.0,8,50
137,58,1.8089113235473633,0.057431455701589584,1.6957996661477304,1.0,9,50
137,59,1.8089113235473633,0.057431455701589584,1.7054607237697594,1.0,10,50
137,60,1.8089113235473633,0.057431455701589584,1.7049024014910854,1.0,11,50
137,61,1.8089113235473633,0.057431455701589584,1.6839872384698786,1.0,12,50
137,62,1.8089113235473633,0.057431455701589584,1.6714082186737538,1.0,13,50
137,63,1.8089113235473633,0.057431455701589584,1.673933278565998,1.0,14,50
137,64,1.8089113235473633,0.057431455701589584,1.656885063090479,1.0,15,50
137,65,1.8089113235473633,0.057431455701589584,1.665449885622628,1.0,16,50
137,66,1.8089113235473633,0.057431455701589584,1.687100554875582,1.0,17,50
137,67,1.8089113235473633,0.057431455701589584,1.7032490571391792,1.0,18,50
137,68,1.8089113235473633,0.057431455701589584,1.679618558680018,1.0,19,50
137,69,1.8089113235473633,0.057431455701589584,1.6971674053514185,1.0,0,50
137,70,1.8089113235473633,0.057431455701589584,1.6832522025670293,1.0,1,50
137,71,1.8089113235473633,0.057431455701589584,1.6426025449529547,1.0,2,50
137,72,1.8089113235473633,0.057431455701589584,1.6485798134193224,1.0,3,50
137,73,1.8089113235473633,0.057431455701589584,1.6671321344735979,1.0,4,50
137,74,1.8089113235473633,0.057431455701589584,1.6342993307040323,1.0,5,50
137,75,1.8089113235473633,0.057431455701589584,1.6326811077823338,1.0,6,50
137,76,1.8089113235473633,0.057431455701589584,1.6589964902171328,1.0,7,50
137,77,1.8089113235473633,0.057431455701589584,1.6426327752996932,1.0,8,50
137,78,1.8089113235473633,0.057431455701589584,1.6380724246165634,1.0,9,50
137,79,1.8089113235473633,0.057431455701589584,1.664828985623369,1.0,10,50
137,80,1.8089113235473633,0.057431455701589584,1.7017736353503472,1.0,11,50
137,81,1.8089113235473633,0.057431455701589584,1.7009287577698142,1.0,12,50
137,82,1.8089113235473633,0.057431455701589584,1.6960838725759801,1.0,13,50
137,83,1.8089113235473633,0.057431455701589584,1.6937815605818145,1.0,14,50
137,84,1.8089113235473633,0.057431455701589584,1.6693832689872514,1.0,15,50
137,85,1.8089113235473633,0.057431455701589584,1.678396017529094,1.0,16,50
137,86,1.8089113235473633,0.057431455701589584,1.6897947156913096,1.0,17,50
137,87,1.8089113235473633,0.057431455701589584,1.6977308321718398,1.0,18,50
137,88,1.8089113235473633,0.057431455701589584,1.6486356273813707,1.0,19,50
137,89,1.8089113235473633,0.057431455701589584,1.6875721869214104,1.0,0,50
137,90,1.8089113235473633,0.057431455701589584,1.6793852777190117,1.0,1,50
137,91,1.7887768745422363,0.056764524430036545,1.6532638549277543,1.0,0,50
137,92,1.7887768745422363,0.056764524430036545,1.659236895754321,1.0,1,50
137,93,1.7887768745422363,0.056764524430036545,1.657743273522006,1.0,2,50
137,94,1.7887768745422363,0.056764524430036545,1.6647751663216657,1.0,3,50
137,95,1.7887768745422363,0.056764524430036545,1.68052196821093,1.0,4,50
137,96,1.7887768745422363,0.056764524430036545,1.6781725152798996,1.0,5,50
137,97,1.7887768745422363,0.056764524430036545,1.6791398741804553,1.0,6,50
137,98,1.7887768745422363,0.056764524430036545,1.6880102404253576,1.0,7,50
137,99,1.7887768745422363,0.056764524430036545,1.6880688739694616,1.0,8,50
137,100,1.7887768745422363,0.056764524430036545,1.6611856472564221,1.0,9,50
137,101,1.7887768745422363,0.056764524430036545,1.6712529415340696,1.0,10,50
137,102,1.7887768745422363,0.056764524430036545,1.6736700001656697,1.0,11,50
137,103,1.7887768745422363,0.056764524430036545,1.6401652646572573,1.0,12,50
137,104,1.7887768745422363,0.056764524430036545,1.6387501226924592,1.0,13,50
137,105,1.7887768745422363,0.056764524430036545,1.6574195742493376,1.0,14,50
137,106,1.7887768745422363,0.056764524430036545,1.6653606163193215,1.0,15,50
137,107,1.7887768745422363,0.056764524430036545,1.6598666011491534,1.0,16,50
137,108,1.7887768745422363,0.056764524430036545,1.6608656460417381,1.0,17,50
137,109,1.7887768745422363,0.056764524430036545,1.6633098173052054,1.0,18,50
137,110,1.7887768745422363,0.056764524430036545,1.6661252247594585,1.0,19,50
137,111,1.7887768745422363,0.056764524430036545,1.6643433660890452,1.0,0,50
137,112,1.7887768745422363,0.056764524430036545,1.6761589055856978,1.0,1,50
137,113,1.7887768745422363,0.056764524430036545,1.6718107494499692,1.0,2,50
137,114,1.7887768745422363,0.056764524430036545,1.6828089114833553,1.0,3,50
137,115,1.7887768745422363,0.056764524430036545,1.6880622236603227,1.0,4,50
137,116,1.7887768745422363,0.056764524430036545,1.6768219736829642,1.0,5,50
137,117,1.7887768745422363,0.056764524430036545,1.6991693816030256,1.0,6,50
137,118,1.7887768745422363,0.056764524430036545,1.6867637059867844,1.0,7,50
137,119,1.7887768745422363,0.056764524430036545,1.6659474874181497,1.0,8,50
137,120,1.7887768745422363,0.056764524430036545,1.6773520241921647,1.0,9,50
137,121,1.7887768745422363,0.056764524430036545,1.6725683998186538,1.0,10,50
137,122,1.7887768745422363,0.056764524430036545,1.6785268813416712,1.0,11,50
137,123,1.7887768745422363,0.056764524430036545,1.6791284771083383,1.0,12,50
137,124,1.7887768745422363,0.056764524430036545,1.6675395881297377,1.0,13,50
137,125,1.7887768745422363,0.056764524430036545,1.660215598951518,1.0,14,50
137,126,1.7887768745422363,0.056764524430036545,1.6457869089710737,1.0,15,50
137,127,1.7887768745422363,0.056764524430036545,1.6478870031676203,1.0,16,50
137,128,1.7887768745422363,0.056764524430036545,1.6495173255669318,1.0,17,50
137,129,1.7887768745422363,0.056764524430036545,1.6553101831461878,1.0,18,50
137,130,1.7887768745422363,0.056764524430036545,1.6641634484599812,1.0,19,50
137,131,1.7887768745422363,0.056764524430036545,1.6732030374405868,1.0,0,50
137,132,1.7887768745422363,0.056764524430036545,1.6454739885398602,1.0,1,50
137,133,1.7887768745422363,0.056764524430036545,1.6419654606799101,1.0,2,50
137,134,1.7887768745422363,0.056764524430036545,1.655975608035509,1.0,3,50
137,135,1.7887768745422363,0.056764524430036545,1.6707712262154035,1.0,4,50
137,136,1.7887768745422363,0.056764524430036545,1.6542072519163458,1.0,5,50
137,137,1.7887768745422363,0.056764524430036545,1.6557306731624233,1.0,6,50
137,138,1.7887768745422363,0.056764524430036545,1.6298051907996152,1.0,7,50
137,139,1.7887768745422363,0.056764524430036545,1.6288468986518594,1.0,8,50
137,140,1.7887768745422363,0.056764524430036545,1.6197201811023778,1.0,9,50
137,141,1.7887768745422363,0.056764524430036545,1.6299667043221748,1.0,10,50
137,142,1.7887768745422363,0.056764524430036545,1.6169074055769757,1.0,11,50
137,143,1.7887768745422363,0.056764524430036545,1.612331506848328,1.0,12,50
137,144,1.7887768745422363,0.056764524430036545,1.584548259362328,1.0,13,50
137,145,1.7887768745422363,0.056764524430036545,1.5998087905860912,1.0,14,50
137,146,1.7887768745422363,0.056764524430036545,1.6076184263110664,1.0,15,50
137,147,1.7887768745422363,0.056764524430036545,1.613760457554589,1.0,16,50
137,148,1.7887768745422363,0.056764524430036545,1.6448380497149626,1.0,17,50
137,149,1.7887768745422363,0.056764524430036545,1.6477152350924293,1.0,18,50
137,150,1.7887768745422363,0.056764524430036545,1.6235258332804416,1.0,19,50
137,151,1.7887768745422363,0.056764524430036545,1.6525484804170514,1.0,0,50
137,152,1.7887768745422363,0.056764524430036545,1.654012773039049,1.0,1,50
137,153,1.7887768745422363,0.056764524430036545,1.6559656733380865,1.0,2,50
137,154,1.7887768745422363,0.056764524430036545,1.6421816697652236,1.0,3,50
137,155,1.7887768745422363,0.056764524430036545,1.6437717154557598,1.0,4,50
137,156,1.7887768745422363,0.056764524430036545,1.626983934716551,1.0,5,50
137,157,1.7887768745422363,0.056764524430036545,1.62011885928953,1.0,6,50
137,158,1.7887768745422363,0.056764524430036545,1.6211380758161358,1.0,7,50
137,159,1.7887768745422363,0.056764524430036545,1.6124491233081109,1.0,8,50
137,160,1.7887768745422363,0.056764524430036545,1.6350543279568601,1.0,9,50
137,161,1.7887768745422363,0.056764524430036545,1.6310997669797587,1.0,10,50
137,162,1.7887768745422363,0.056764524430036545,1.6371267970922339,1.0,11,50
137,163,1.7887768745422363,0.056764524430036545,1.6611670788793689,1.0,12,50
137,164,1.7887768745422363,0.056764524430036545,1.6439505679077402,1.0,13,50
137,165,1.7887768745422363,0.056764524430036545,1.6181854635570203,1.0,14,50
137,166,1.7887768745422363,0.056764524430036545,1.6369196466963023,1.0,15,50
137,167,1.7887768745422363,0.056764524430036545,1.640674457081586,1.0,16,50
137,168,1.7887768745422363,0.056764524430036545,1.6418108573008756,1.0,17,50
137,169,1.7887768745422363,0.056764524430036545,1.6471858744913064,1.0,18,50
137,170,1.7887768745422363,0.056764524430036545,1.6582963412307128,1.0,19,50
137,171,1.7887768745422363,0.056764524430036545,1.6784782080654326,1.0,0,50
137,172,1.7887768745422363,0.056764524430036545,1.6653567175505077,1.0,1,50
137,173,1.7887768745422363,0.056764524430036545,1.6569327308310369,1.0,2,50
137,174,1.7887768745422363,0.056764524430036545,1.6215429077675247,1.0,3,50
137,175,1.7887768745422363,0.056764524430036545,1.6219633016151316,1.0,4,50
137,176,1.7887768745422363,0.056764524430036545,1.6284510508788494,1.0,5,50
137,177,1.7887768745422363,0.056764524430036545,1.6181094514894585,1.0,6,50
137,178,1.7887768745422363,0.056764524430036545,1.624548809803121,1.0,7,50
137,179,1.7887768745422363,0.056764524430036545,1.6094651544527157,1.0,8,50
137,180,1.7887768745422363,0.056764524430036545,1.5965089976616453,1.0,9,50
137,181,1.7887768745422363,0.056764524430036545,1.5984163892917942,1.0,10,50
137,182,1.7887768745422363,0.056764524430036545,1.633197555934602,1.0,11,50
137,183,1.7887768745422363,0.056764524430036545,1.5972832157757035,1.0,12,50
137,184,1.7887768745422363,0.056764524430036545,1.617613475806677,1.0,13,50
137,185,1.7887768745422363,0.056764524430036545,1.6110755315829157,1.0,14,50
137,186,1.7887768745422363,0.056764524430036545,1.6128139246810902,1.0,15,50
137,187,1.7887768745422363,0.056764524430036545,1.6247987792695502,1.0,16,50
137,188,1.7887768745422363,0.056764524430036545,1.6362747398286372,1.0,17,50
137,189,1.7887768745422363,0.056764524430036545,1.6472128255148453,1.0,18,50
137,190,1.7887768745422363,0.056764524430036545,1.6568526201721079,1.0,19,50
137,191,1.7887768745422363,0.056764524430036545,1.655676297606307,1.0,0,50
137,192,1.7887768745422363,0.056764524430036545,1.6517058331084045,1.0,1,50
137,193,1.7887768745422363,0.056764524430036545,1.6593061486664913,1.0,2,50
137,194,1.7887768745422363,0.056764524430036545,1.6597195719243487,1.0,3,50
137,195,1.7748477458953857,0.07032317668199539,1.6378707932998455,1.0,0,50
137,196,1.7748477458953857,0.07032317668199539,1.6088068756208398,1.0,1,50
137,197,1.7748477458953857,0.07032317668199539,1.5914204207566256,1.0,2,50
137,198,1.7748477458953857,0.07032317668199539,1.5591630074225964,1.0,3,50
137,199,1.7748477458953857,0.07032317668199539,1.5707470938584895,1.0,4,50
137,200,1.7748477458953857,0.07032317668199539,1.5672707772129608,1.0,5,50
137,201,1.7748477458953857,0.07032317668199539,1.59214809806017,1.0,6,50
137,202,1.7748477458953857,0.07032317668199539,1.589825944365474,1.0,7,50
137,203,1.7748477458953857,0.07032317668199539,1.5993420897603212,1.0,8,50
137,204,1.7748477458953857,0.07032317668199539,1.602333779444707,1.0,9,50
137,205,1.7748477458953857,0.07032317668199539,1.601912445114135,1.0,10,50
137,206,1.7748477458953857,0.07032317668199539,1.5743746508920553,1.0,11,50
137,207,1.7748477458953857,0.07032317668199539,1.5771121532677974,1.0,12,50
137,208,1.7748477458953857,0.07032317668199539,1.579520630497417,1.0,13,50
137,209,1.7748477458953857,0.07032317668199539,1.5697431351460867,1.0,14,50
137,210,1.7748477458953857,0.07032317668199539,1.5764397868960398,1.0,15,50
137,211,1.7748477458953857,0.07032317668199539,1.5768187344539846,1.0,16,50
137,212,1.7748477458953857,0.07032317668199539,1.5850885517732947,1.0,17,50
137,213,1.7748477458953857,0.07032317668199539,1.5807061311938975,1.0,18,50
137,214,1.7748477458953857,0.07032317668199539,1.5903672973444587,1.0,19,50
137,215,1.7748477458953857,0.07032317668199539,1.6103764770532387,1.0,0,50
137,216,1.7748477458953857,0.07032317668199539,1.589146479769002,1.0,1,50
137,217,1.7748477458953857,0.07032317668199539,1.5934721904127123,1.0,2,50
137,218,1.7748477458953857,0.07032317668199539,1.6054050332172727,1.0,3,50
137,219,1.7748477458953857,0.07032317668199539,1.5541690323623856,1.0,4,50
137,220,1.7748477458953857,0.07032317668199539,1.5421998658556635,1.0,5,50
137,221,1.7748477458953857,0.07032317668199539,1.5488331853762078,1.0,6,50
137,222,1.7748477458953857,0.07032317668199539,1.5683089872889282,1.0,7,50
137,223,1.7748477458953857,0.07032317668199539,1.5453776688126866,1.0,8,50
137,224,1.7748477458953857,0.07032317668199539,1.5351540544674156,1.0,9,50
137,225,1.7748477458953857,0.07032317668199539,1.5186116068247084,1.0,10,50
137,226,1.7748477458953857,0.07032317668199539,1.5331609698146755,1.0,11,50
137,227,1.7748477458953857,0.07032317668199539,1.5415573235958056,1.0,12,50
137,228,1.7748477458953857,0.07032317668199539,1.5520829416353543,1.0,13,50
137,229,1.7748477458953857,0.07032317668199539,1.5668040948260986,1.0,14,50
137,230,1.7748477458953857,0.07032317668199539,1.5691583274869183,1.0,15,50
137,231,1.7748477458953857,0.07032317668199539,1.5776789181289015,1.0,16,50
137,232,1.7748477458953857,0.07032317668199539,1.5614154436937444,1.0,17,50
137,233,1.7748477458953857,0.07032317668199539,1.582150464447411,1.0,18,50
137,234,1.7748477458953857,0.07032317668199539,1.596313417189873,1.0,19,50
137,235,1.7748477458953857,0.07032317668199539,1.598272111381965,1.0,0,50
137,236,1.7748477458953857,0.07032317668199539,1.5906483456765452,1.0,1,50
137,237,1.7748477458953857,0.07032317668199539,1.5844310243685111,1.0,2,50
137,238,1.7748477458953857,0.07032317668199539,1.550472541709983,1.0,3,50
137,239,1.7748477458953857,0.07032317668199539,1.5365627447770618,1.0,4,50
137,240,1.7748477458953857,0.07032317668199539,1.5441153544812696,1.0,5,50
137,241,1.7748477458953857,0.07032317668199539,1.5284941549632476,1.0,6,50
137,242,1.7748477458953857,0.07032317668199539,1.5160695198425174,1.0,7,50
137,243,1.7748477458953857,0.07032317668199539,1.4975625152980487,1.0,8,50
137,244,1.7748477458953857,0.07032317668199539,1.493266643991858,1.0,9,50
137,245,1.7748477458953857,0.07032317668199539,1.4879238686122964,1.0,10,50
137,246,1.7748477458953857,0.07032317668199539,1.49137022982623,1.0,11,50
137,247,1.7748477458953857,0.07032317668199539,1.4961397352988413,1.0,12,50
137,248,1.7748477458953857,0.07032317668199539,1.5088670181455255,1.0,13,50
137,249,1.7748477458953857,0.07032317668199539,1.51373323682162,1.0,14,50
137,250,1.7748477458953857,0.07032317668199539,1.5017638563005513,1.0,15,50
271,1,1.9372559785842896,0.06033453717827797,1.7344811528682678,1.0,1,21
271,2,1.9372559785842896,0.06033453717827797,1.7224204213974024,1.0,2,43
271,3,1.9125486612319946,0.08269128948450089,1.714904612983485,1.0,0,50
271,4,1.9125486612319946,0.08269128948450089,1.6828109555170296,1.0,1,50
271,5,1.9125486612319946,0.08269128948450089,1.6653663206151768,1.0,2,50
271,6,1.8911559581756592,0.0560004822909832,1.6808809959373638,1.0,0,50
271,7,1.8911559581756592,0.0560004822909832,1.7071937290585824,1.0,1,50
271,8,1.8407591581344604,0.06401172280311584,1.7113794056734288,1.0,0,50
271,9,1.8407591581344604,0.06401172280311584,1.7155483445359367,1.0,1,50
271,10,1.8407591581344604,0.06401172280311584,1.704961283388439,1.0,2,50
271,11,1.8407591581344604,0.06401172280311584,1.7126256631613475,1.0,3,50
271,12,1.8407591581344604,0.06401172280311584,1.7060658815563738,1.0,4,50
271,13,1.8407591581344604,0.06401172280311584,1.7359403333245216,1.0,5,50
271,14,1.8407591581344604,0.06401172280311584,1.7218357324666456,1.0,6,50
271,15,1.8407591581344604,0.06401172280311584,1.7210099849867573,1.0,7,50
271,16,1.8407591581344604,0.06401172280311584,1.7378849730304167,1.0,8,50
271,17,1.8407591581344604,0.06401172280311584,1.7273549344285333,1.0,9,50
271,18,1.8407591581344604,0.06401172280311584,1.7042755717058768,1.0,10,50
271,19,1.8407591581344604,0.06401172280311584,1.7294178841201722,1.0,11,50
271,20,1.8407591581344604,0.06401172280311584,1.7266966270097852,1.0,12,50
271,21,1.8407591581344604,0.06401172280311584,1.701026592077314,1.0,13,50
271,22,1.8407591581344604,0.06401172280311584,1.6939819657444941,1.0,14,50
271,23,1.8407591581344604,0.06401172280311584,1.6862425138110007,1.0,15,50
271,24,1.825655460357666,0.06505965441465378,1.707324506387142,1.0,0,50
271,25,1.825655460357666,0.06505965441465378,1.711483155293686,1.0,1,50
271,26,1.825655460357666,0.06505965441465378,1.7322540526180061,1.0,2,50
271,27,1.825655460357666,0.06505965441465378,1.7359154838114546,1.0,3,50
271,28,1.825655460357666,0.06505965441465378,1.7297419729241872,1.0,4,50
271,29,1.825655460357666,0.06505965441465378,1.7115683661961678,1.0,5,50
271,30,1.825655460357666,0.06505965441465378,1.6825713036094339,1.0,6,50
271,31,1.825655460357666,0.06505965441465378,1.6898058900742534,1.0,7,50
271,32,1.825655460357666,0.06505965441465378,1.6781141473290337,1.0,8,50
271,33,1.825655460357666,0.06505965441465378,1.6949333213297133,1.0,9,50
271,34,1.825655460357666,0.06505965441465378,1.6885236682631704,1.0,10,50
271,35,1.825655460357666,0.06505965441465378,1.6746031007060393,1.0,11,50
271,36,1.825655460357666,0.06505965441465378,1.6736776910202464,1.0,12,50
271,37,1.825655460357666,0.06505965441465378,1.6660513063206295,1.0,13,50
271,38,1.825655460357666,0.06505965441465378,1.6690396938337677,1.0,14,50
271,39,1.825655460357666,0.06505965441465378,1.6948760972248162,1.0,15,50
271,40,1.825655460357666,0.06505965441465378,1.7264584209387368,1.0,16,50
271,41,1.825655460357666,0.06505965441465378,1.7226843026218108,1.0,17,50
271,42,1.825655460357666,0.06505965441465378,1.6926629325977136,1.0,18,50
271,43,1.825655460357666,0.06505965441465378,1.6941058165860792,1.0,19,50
271,44,1.825655460357666,0.06505965441465378,1.6854165811681352,1.0,0,50
271,45,1.825655460357666,0.06505965441465378,1.6807174048620357,1.0,1,50
271,46,1.825655460357666,0.06505965441465378,1.6813311644625257,1.0,2,50
271,47,1.825655460357666,0.06505965441465378,1.6803852346952202,1.0,3,50
271,48,1.825655460357666,0.06505965441465378,1.684517462018382,1.0,4,50
271,49,1.825655460357666,0.06505965441465378,1.6867336530637598,1.0,5,50
271,50,1.825655460357666,0.06505965441465378,1.6945548397474255,1.0,6,50
271,51,1.825655460357666,0.06505965441465378,1.7068453942947506,1.0,7,50
271,52,1.825655460357666,0.06505965441465378,1.7143161641137732,1.0,8,50
271,53,1.825655460357666,0.06505965441465378,1.68311761882281,1.0,9,50
271,54,1.825655460357666,0.06505965441465378,1.6728139155606516,1.0,10,50
271,55,1.825655460357666,0.06505965441465378,1.6532021415700113,1.0,11,50
271,56,1.825655460357666,0.06505965441465378,1.653391516972711,1.0,12,50
271,57,1.825655460357666,0.06505965441465378,1.674921525237565,1.0,13,50
271,58,1.825655460357666,0.06505965441465378,1.6876539593546547,1.0,14,50
271,59,1.825655460357666,0.06505965441465378,1.698683179395148,1.0,15,50
271,60,1.821787714958191,0.054948680102825165,1.6932216405451308,1.0,0,50
271,61,1.821787714958191,0.054948680102825165,1.6790425819416706,1.0,1,50
271,62,1.821787714958191,0.054948680102825165,1.6717687636439083,1.0,2,50
271,63,1.821787714958191,0.054948680102825165,1.6746973549206263,1.0,3,50
271,64,1.821787714958191,0.054948680102825165,1.6822412007147531,1.0,4,50
271,65,1.821787714958191,0.054948680102825165,1.6687102027969456,1.0,5,50
271,66,1.821787714958191,0.054948680102825165,1.6801509658049658,1.0,6,50
271,67,1.821787714958191,0.054948680102825165,1.701270203771232,1.0,7,50
271,68,1.821787714958191,0.054948680102825165,1.6841392473570278,1.0,8,50
271,69,1.821787714958191,0.054948680102825165,1.695373781207219,1.0,9,50
271,70,1.821787714958191,0.054948680102825165,1.6987753441006443,1.0,10,50
271,71,1.821787714958191,0.054948680102825165,1.7088409395640038,1.0,11,50
271,72,1.816809058189392,0.0571046806871891,1.7139239806794284,1.0,0,50
271,73,1.816809058189392,0.0571046806871891,1.7007464605740807,1.0,1,50
271,74,1.816809058189392,0.0571046806871891,1.693848929049394,1.0,2,50
271,75,1.816809058189392,0.0571046806871891,1.6842260727985865,1.0,3,50
271,76,1.816809058189392,0.0571046806871891,1.6619011115405558,1.0,4,50
271,77,1.816809058189392,0.0571046806871891,1.6700159283660534,1.0,5,50
271,78,1.816809058189392,0.0571046806871891,1.6831881678355018,1.0,6,50
271,79,1.816809058189392,0.0571046806871891,1.6721246600099828,1.0,7,50
271,80,1.816809058189392,0.0571046806871891,1.6694379115694347,1.0,8,50
271,81,1.816809058189392,0.0571046806871891,1.6850693156248584,1.0,9,50
271,82,1.816809058189392,0.0571046806871891,1.7008772478431202,1.0,10,50
271,83,1.816809058189392,0.0571046806871891,1.6752304681162102,1.0,11,50
271,84,1.816809058189392,0.0571046806871891,1.6545187842938913,1.0,12,50
271,85,1.816809058189392,0.0571046806871891,1.671446185724206,1.0,13,50
271,86,1.816809058189392,0.0571046806871891,1.6940508548178423,1.0,14,50
271,87,1.816809058189392,0.0571046806871891,1.672704938584636,1.0,15,50
271,88,1.816809058189392,0.0571046806871891,1.6814121217191733,1.0,16,50
271,89,1.816809058189392,0.0571046806871891,1.6893577151085026,1.0,17,50
271,90,1.816809058189392,0.0571046806871891,1.6898015336679022,1.0,18,50
271,91,1.816809058189392,0.0571046806871891,1.6867791070344038,1.0,19,50
271,92,1.816809058189392,0.0571046806871891,1.7004488843658072,1.0,0,50
271,93,1.816809058189392,0.0571046806871891,1.6931997147911866,1.0,1,50
271,94,1.816809058189392,0.0571046806871891,1.71082356047113,1.0,2,50
271,95,1.816809058189392,0.0571046806871891,1.7131888533034356,1.0,3,50
271,96,1.816809058189392,0.0571046806871891,1.7020729597868103,1.0,4,50
271,97,1.816809058189392,0.0571046806871891,1.6878623030635889,1.0,5,50
271,98,1.816809058189392,0.0571046806871891,1.6657730807773594,1.0,6,50
271,99,1.816809058189392,0.0571046806871891,1.636340889965616,1.0,7,50
271,100,1.816809058189392,0.0571046806871891,1.644012650888209,1.0,8,50
271,101,1.816809058189392,0.0571046806871891,1.6714169052346242,1.0,9,50
271,102,1.816809058189392,0.0571046806871891,1.6805475133240317,1.0,10,50
271,103,1.816809058189392,0.0571046806871891,1.7061849725864484,1.0,11,50
271,104,1.816809058189392,0.0571046806871891,1.6951920884998717,1.0,12,50
271,105,1.816809058189392,0.0571046806871891,1.6894443609328347,1.0,13,50
271,106,1.816809058189392,0.0571046806871891,1.663283831189017,1.0,14,50
271,107,1.816809058189392,0.0571046806871891,1.6675595861047143,1.0,15,50
271,108,1.816809058189392,0.0571046806871891,1.6811235255248673,1.0,16,50
271,109,1.816809058189392,0.0571046806871891,1.6772296766377213,1.0,17,50
271,110,1.816809058189392,0.0571046806871891,1.6738147295433723,1.0,18,50
271,111,1.816809058189392,0.0571046806871891,1.64467715525182,1.0,19,50
271,112,1.816809058189392,0.0571046806871891,1.673605265834845,1.0,0,50
271,113,1.816809058189392,0.0571046806871891,1.6735254706131302,1.0,1,50
271,114,1.816809058189392,0.0571046806871891,1.6442129244159793,1.0,2,50
271,115,1.816809058189392,0.0571046806871891,1.6641786224023758,1.0,3,50
271,116,1.816809058189392,0.0571046806871891,1.6693927447604484,1.0,4,50
271,117,1.816809058189392,0.0571046806871891,1.6773396063227854,1.0,5,50
271,118,1.816809058189392,0.0571046806871891,1.652842824128098,1.0,6,50
271,119,1.816809058189392,0.0571046806871891,1.65305618193887,1.0,7,50
271,120,1.816809058189392,0.0571046806871891,1.6554202628503005,1.0,8,50
271,121,1.816809058189392,0.0571046806871891,1.6488614187129635,1.0,9,50
271,122,1.816809058189392,0.0571046806871891,1.6677252582897355,1.0,10,50
271,123,1.816809058189392,0.0571046806871891,1.6841787275278253,1.0,11,50
271,124,1.816809058189392,0.0571046806871891,1.681380779435602,1.0,12,50
271,125,1.816809058189392,0.0571046806871891,1.7222009509366278,1.0,13,50
271,126,1.816809058189392,0.0571046806871891,1.7190518340031213,1.0,14,50
271,127,1.816809058189392,0.0571046806871891,1.6964647221878066,1.0,15,50
271,128,1.816809058189392,0.0571046806871891,1.6815119686434106,1.0,16,50
271,129,1.816809058189392,0.0571046806871891,1.681158420349629,1.0,17,50
271,130,1.816809058189392,0.0571046806871891,1.6764062481405775,1.0,18,50
271,131,1.816809058189392,0.0571046806871891,1.6709430393479294,1.0,19,50
271,132,1.816809058189392,0.0571046806871891,1.6931115734493325,1.0,0,50
271,133,1.816809058189392,0.0571046806871891,1.6806078983088915,1.0,1,50
271,134,1.816809058189392,0.0571046806871891,1.6773544791637514,1.0,2,50
271,135,1.816809058189392,0.0571046806871891,1.6608953190517863,1.0,3,50
271,136,1.816809058189392,0.0571046806871891,1.6521259001951492,1.0,4,50
271,137,1.816809058189392,0.0571046806871891,1.645666137617324,1.0,5,50
271,138,1.816809058189392,0.0571046806871891,1.6411142795443912,1.0,6,50
271,139,1.816809058189392,0.0571046806871891,1.6442824295264054,1.0,7,50
271,140,1.816809058189392,0.0571046806871891,1.624455981190923,1.0,8,50
271,141,1.816809058189392,0.0571046806871891,1.6303412507585242,1.0,9,50
271,142,1.816809058189392,0.0571046806871891,1.653653718701638,1.0,10,50
271,143,1.816809058189392,0.0571046806871891,1.68071535076132,1.0,11,50
271,144,1.816809058189392,0.0571046806871891,1.6661016978851562,1.0,12,50
271,145,1.816809058189392,0.0571046806871891,1.6872412349508084,1.0,13,50
271,146,1.816809058189392,0.0571046806871891,1.6490369729356442,1.0,14,50
271,147,1.816809058189392,0.0571046806871891,1.6625046785931967,1.0,15,50
271,148,1.816809058189392,0.0571046806871891,1.6642849355887697,1.0,16,50
271,149,1.816809058189392,0.0571046806871891,1.6616491290398714,1.0,17,50
271,150,1.816809058189392,0.0571046806871891,1.6587556117976374,1.0,18,50
271,151,1.816809058189392,0.0571046806871891,1.6556029418468083,1.0,19,50
271,152,1.816809058189392,0.0571046806871891,1.6392398190112754,1.0,0,50
271,153,1.816809058189392,0.0571046806871891,1.6555090642147414,1.0,1,50
271,154,1.816809058189392,0.0571046806871891,1.690243905469969,1.0,2,50
271,155,1.816809058189392,0.0571046806871891,1.6485727064349514,1.0,3,50
271,156,1.816809058189392,0.0571046806871891,1.644935124004291,1.0,4,50
271,157,1.816809058189392,0.0571046806871891,1.6250374010091126,1.0,5,50
271,158,1.816809058189392,0.0571046806871891,1.6236061631874046,1.0,6,50
271,159,1.816809058189392,0.0571046806871891,1.593473802974469,1.0,7,50
271,160,1.816809058189392,0.0571046806871891,1.5728179593562104,1.0,8,50
271,161,1.816809058189392,0.0571046806871891,1.608559085479784,1.0,9,50
271,162,1.816809058189392,0.0571046806871891,1.6238674460393647,1.0,10,50
271,163,1.816809058189392,0.0571046806871891,1.6294276554498348,1.0,11,50
271,164,1.816809058189392,0.0571046806871891,1.634239976029215,1.0,12,50
271,165,1.816809058189392,0.0571046806871891,1.615318813244395,1.0,13,50
271,166,1.816809058189392,0.0571046806871891,1.623737643020956,1.0,14,50
271,167,1.816809058189392,0.0571046806871891,1.6152122081156224,1.0,15,50
271,168,1.816809058189392,0.0571046806871891,1.6182966594827342,1.0,16,50
271,169,1.816809058189392,0.0571046806871891,1.6276442486039042,1.0,17,50
271,170,1.816809058189392,0.0571046806871891,1.6237662105706254,1.0,18,50
271,171,1.816809058189392,0.0571046806871891,1.6081809831222895,1.0,19,50
271,172,1.816809058189392,0.0571046806871891,1.6242418685796198,1.0,0,50
271,173,1.816809058189392,0.0571046806871891,1.6490150451271464,1.0,1,50
271,174,1.816809058189392,0.0571046806871891,1.6425005225876692,1.0,2,50
271,175,1.816809058189392,0.0571046806871891,1.6356400050933175,1.0,3,50
271,176,1.816809058189392,0.0571046806871891,1.624171315867744,1.0,4,50
271,177,1.816809058189392,0.0571046806871891,1.624501241413798,1.0,5,50
271,178,1.816809058189392,0.0571046806871891,1.6382198166295814,1.0,6,50
271,179,1.816809058189392,0.0571046806871891,1.645468024710096,1.0,7,50
271,180,1.816809058189392,0.0571046806871891,1.6458432051799547,1.0,8,50
271,181,1.816809058189392,0.0571046806871891,1.6341302654880845,1.0,9,50
271,182,1.816809058189392,0.0571046806871891,1.6208128618540325,1.0,10,50
271,183,1.816809058189392,0.0571046806871891,1.5948151177560377,1.0,11,50
271,184,1.816809058189392,0.0571046806871891,1.5677784672636015,1.0,12,50
271,185,1.816809058189392,0.0571046806871891,1.5668914090728099,1.0,13,50
271,186,1.816809058189392,0.0571046806871891,1.5812809620082815,1.0,14,50
271,187,1.816809058189392,0.0571046806871891,1.6026558999594227,1.0,15,50
271,188,1.816809058189392,0.0571046806871891,1.5981204476568711,1.0,16,50
271,189,1.816809058189392,0.0571046806871891,1.6141505405976335,1.0,17,50
271,190,1.816809058189392,0.0571046806871891,1.593003708278836,1.0,18,50
271,191,1.816809058189392,0.0571046806871891,1.5946062966580796,1.0,19,50
271,192,1.816809058189392,0.0571046806871891,1.6379174346455778,1.0,0,50
271,193,1.816809058189392,0.0571046806871891,1.6502162735863375,1.0,1,50
271,194,1.816809058189392,0.0571046806871891,1.6412410857612918,1.0,2,50
271,195,1.816809058189392,0.0571046806871891,1.6122366058806614,1.0,3,50
271,196,1.816809058189392,0.0571046806871891,1.6190183970568228,1.0,4,50
271,197,1.816809058189392,0.0571046806871891,1.6217346779672568,1.0,5,50
271,198,1.816809058189392,0.0571046806871891,1.6324087334791497,1.0,6,50
271,199,1.816809058189392,0.0571046806871891,1.6337587187841314,1.0,7,50
271,200,1.816809058189392,0.0571046806871891,1.6289892230451843,1.0,8,50
271,201,1.816809058189392,0.0571046806871891,1.6408158273326834,1.0,9,50
271,202,1.816809058189392,0.0571046806871891,1.631420669131837,1.0,10,50
271,203,1.816809058189392,0.0571046806871891,1.6476172839602803,1.0,11,50
271,204,1.816809058189392,0.0571046806871891,1.6269652497562967,1.0,12,50
271,205,1.816809058189392,0.0571046806871891,1.6208773167881005,1.0,13,50
271,206,1.816809058189392,0.0571046806871891,1.6179625890563785,1.0,14,50
271,207,1.816809058189392,0.0571046806871891,1.5984239693591222,1.0,15,50
271,208,1.816809058189392,0.0571046806871891,1.5869490222386111,1.0,16,50
271,209,1.816809058189392,0.0571046806871891,1.5682642087768954,1.0,17,50
271,210,1.816809058189392,0.0571046806871891,1.5580621955704008,1.0,18,50
271,211,1.816809058189392,0.0571046806871891,1.554156032573871,1.0,19,50
271,212,1.816809058189392,0.0571046806871891,1.5735370438648084,1.0,0,50
271,213,1.816809058189392,0.0571046806871891,1.5591967140599872,1.0,1,50
271,214,1.816809058189392,0.0571046806871891,1.5714745066683913,1.0,2,50
271,215,1.816809058189392,0.0571046806871891,1.5677538263769057,1.0,3,50
271,216,1.816809058189392,0.0571046806871891,1.5695876199291428,1.0,4,50
271,217,1.816809058189392,0.0571046806871891,1.5501923032474734,1.0,5,50
271,218,1.816809058189392,0.0571046806871891,1.5300546013891212,1.0,6,50
271,219,1.816809058189392,0.0571046806871891,1.5136033189000264,1.0,7,50
271,220,1.816809058189392,0.0571046806871891,1.5032272449026163,1.0,8,50
271,221,1.816809058189392,0.0571046806871891,1.489914644917946,1.0,9,50
271,222,1.816809058189392,0.0571046806871891,1.5201671043987663,1.0,10,50
271,223,1.816809058189392,0.0571046806871891,1.533048272064363,1.0,11,50
271,224,1.816809058189392,0.0571046806871891,1.5248467920011868,1.0,12,50
271,225,1.816809058189392,0.0571046806871891,1.5247167576111973,1.0,13,50
271,226,1.816809058189392,0.0571046806871891,1.5120705497839189,1.0,14,50
271,227,1.816809058189392,0.0571046806871891,1.5248367201394168,1.0,15,50
271,228,1.816809058189392,0.0571046806871891,1.5254192224675078,1.0,16,50
271,229,1.816809058189392,0.0571046806871891,1.4922957958490917,1.0,17,50
271,230,1.816809058189392,0.0571046806871891,1.5247317759236922,1.0,18,50
271,231,1.816809058189392,0.0571046806871891,1.5172260326102474,1.0,19,50
271,232,1.816809058189392,0.0571046806871891,1.5571211781726835,1.0,0,50
271,233,1.816809058189392,0.0571046806871891,1.5506154515859507,1.0,1,50
271,234,1.816809058189392,0.0571046806871891,1.5389733780534463,1.0,2,50
271,235,1.816809058189392,0.0571046806871891,1.523490847049312,1.0,3,50
271,236,1.816809058189392,0.0571046806871891,1.495405993318783,1.0,4,50
271,237,1.816809058189392,0.0571046806871891,1.477003622428394,1.0,5,50
271,238,1.816809058189392,0.0571046806871891,1.4558255259766493,1.0,6,50
271,239,1.816809058189392,0.0571046806871891,1.4602150597879162,1.0,7,50
271,240,1.816809058189392,0.0571046806871891,1.4662682543339725,1.0,8,50
271,241,1.816809058189392,0.0571046806871891,1.499916219091844,1.0,9,50
271,242,1.816809058189392,0.0571046806871891,1.4956341051683317,1.0,10,50
271,243,1.816809058189392,0.0571046806871891,1.5068441622450972,1.0,11,50
271,244,1.816809058189392,0.0571046806871891,1.4713730918260484,1.0,12,50
271,245,1.816809058189392,0.0571046806871891,1.479826714095835,1.0,13,50
271,246,1.816809058189392,0.0571046806871891,1.4860385392648245,1.0,14,50
271,247,1.816809058189392,0.0571046806871891,1.4282193618517254,1.0,15,50
271,248,1.816809058189392,0.0571046806871891,1.4333568782696824,1.0,16,50
271,249,1.816809058189392,0.0571046806871891,1.4419152754905435,1.0,17,50
271,250,1.816809058189392,0.0571046806871891,1.4624236740003222,1.0,18,50
509,1,1.8909246921539307,0.05827448144555092,1.7331331101210405,1.0,0,20
509,2,1.8856091499328613,0.04458772391080856,1.7180390384032482,1.0,0,41
509,3,1.8690674304962158,0.07063060253858566,1.689006754425455,1.0,0,50
509,4,1.8690674304962158,0.07063060253858566,1.6905797765523807,1.0,1,50
509,5,1.8690674304962158,0.07063060253858566,1.715148847802225,1.0,2,50
509,6,1.8626893758773804,0.060700420290231705,1.7044634102252703,1.0,0,50
509,7,1.8480141162872314,0.09008472412824631,1.7045309276330431,1.0,0,50
509,8,1.8480141162872314,0.09008472412824631,1.7165387253840019,1.0,1,50
509,9,1.8480141162872314,0.09008472412824631,1.7053766678335731,1.0,2,50
509,10,1.8480141162872314,0.09008472412824631,1.7355837208778586,1.0,3,50
509,11,1.8480141162872314,0.09008472412824631,1.7296799637988505,1.0,4,50
509,12,1.8480141162872314,0.09008472412824631,1.6953631885533793,1.0,5,50
509,13,1.8480141162872314,0.09008472412824631,1.7367535340197593,1.0,6,50
509,14,1.8480141162872314,0.09008472412824631,1.7137728274676354,1.0,7,50
509,15,1.8480141162872314,0.09008472412824631,1.715980361438509,1.0,8,50
509,16,1.8480141162872314,0.09008472412824631,1.7340374676751757,1.0,9,50
509,17,1.8480141162872314,0.09008472412824631,1.7370116536924698,1.0,10,50
509,18,1.8480141162872314,0.09008472412824631,1.7208414048840903,1.0,11,50
509,19,1.8480141162872314,0.09008472412824631,1.6953140985698645,1.0,12,50
509,20,1.8480141162872314,0.09008472412824631,1.7286449867987175,1.0,13,50
509,21,1.8397854566574097,0.0816812738776207,1.6820602720481608,1.0,0,50
509,22,1.8397854566574097,0.0816812738776207,1.6898241387661868,1.0,1,50
509,23,1.8397854566574097,0.0816812738776207,1.6746138149641483,1.0,2,50
509,24,1.8397854566574097,0.0816812738776207,1.6843785746019149,1.0,3,50
509,25,1.8397854566574097,0.0816812738776207,1.6745943252493058,1.0,4,50
509,26,1.8397854566574097,0.0816812738776207,1.7216993042657929,1.0,5,50
509,27,1.8397854566574097,0.0816812738776207,1.7321679062064985,1.0,6,50
509,28,1.8397854566574097,0.0816812738776207,1.7121002501722236,1.0,7,50
509,29,1.7994813919067383,0.05097419396042824,1.7310555379038803,1.0,0,50
509,30,1.7994813919067383,0.05097419396042824,1.710835772524394,1.0,1,50
509,31,1.7994813919067383,0.05097419396042824,1.6961249895989503,1.0,2,50
509,32,1.7994813919067383,0.05097419396042824,1.7028282125822327,1.0,3,50
509,33,1.7994813919067383,0.05097419396042824,1.6852732469609224,1.0,4,50
509,34,1.7994813919067383,0.05097419396042824,1.6961793941155028,1.0,5,50
509,35,1.7994813919067383,0.05097419396042824,1.7232391920690473,1.0,6,50
509,36,1.7994813919067383,0.05097419396042824,1.7088965505412097,1.0,7,50
509,37,1.7994813919067383,0.05097419396042824,1.7291633005607847,1.0,8,50
509,38,1.7994813919067383,0.05097419396042824,1.726976928707373,1.0,9,50
509,39,1.7994813919067383,0.05097419396042824,1.7244183001397042,1.0,10,50
509,40,1.7994813919067383,0.05097419396042824,1.7342416906087077,1.0,11,50
509,41,1.7994813919067383,0.05097419396042824,1.7251214487462627,1.0,12,50
509,42,1.7994813919067383,0.05097419396042824,1.7335462272918498,1.0,13,50
509,43,1.7994813919067383,0.05097419396042824,1.7224664323032546,1.0,14,50
509,44,1.7994813919067383,0.05097419396042824,1.7306087712579947,1.0,15,50
509,45,1.7994813919067383,0.05097419396042824,1.7195441204331972,1.0,16,50
509,46,1.7994813919067383,0.05097419396042824,1.7274232325789938,1.0,17,50
509,47,1.7994813919067383,0.05097419396042824,1.7247790529013596,1.0,18,50
509,48,1.7994813919067383,0.05097419396042824,1.7181888089155757,1.0,19,50
509,49,1.7994813919067383,0.05097419396042824,1.7386911500556061,1.0,0,50
509,50,1.7994813919067383,0.05097419396042824,1.7218421982179306,1.0,1,50
509,51,1.7994813919067383,0.05097419396042824,1.7456291454862032,1.0,2,50
509,52,1.7994813919067383,0.05097419396042824,1.7228933821095624,1.0,3,50
509,53,1.7994813919067383,0.05097419396042824,1.7257376527101538,1.0,4,50
509,54,1.7994813919067383,0.05097419396042824,1.726662426660748,1.0,5,50
509,55,1.7994813919067383,0.05097419396042824,1.71423810078447,1.0,6,50
509,56,1.7994813919067383,0.05097419396042824,1.7328226855190803,1.0,7,50
509,57,1.7994813919067383,0.05097419396042824,1.7100323969925975,1.0,8,50
509,58,1.7994813919067383,0.05097419396042824,1.6921866751470118,1.0,9,50
509,59,1.7994813919067383,0.05097419396042824,1.709207534502335,1.0,10,50
509,60,1.7994813919067383,0.05097419396042824,1.7022876980113621,1.0,11,50
509,61,1.7994813919067383,0.05097419396042824,1.7155790913765092,1.0,12,50
509,62,1.7994813919067383,0.05097419396042824,1.708604292915372,1.0,13,50
509,63,1.7994813919067383,0.05097419396042824,1.7005537857251023,1.0,14,50
509,64,1.7994813919067383,0.05097419396042824,1.6970559075344527,1.0,15,50
509,65,1.7994813919067383,0.05097419396042824,1.692404920735544,1.0,16,50
509,66,1.7994813919067383,0.05097419396042824,1.690044086178125,1.0,17,50
509,67,1.7994813919067383,0.05097419396042824,1.671034136739997,1.0,18,50
509,68,1.7994813919067383,0.05097419396042824,1.6801553056183602,1.0,19,50
509,69,1.7994813919067383,0.05097419396042824,1.6924542612386375,1.0,0,50
509,70,1.7994813919067383,0.05097419396042824,1.6987644347557782,1.0,1,50
509,71,1.7994813919067383,0.05097419396042824,1.7052906927375768,1.0,2,50
509,72,1.7994813919067383,0.05097419396042824,1.674918693047468,1.0,3,50
509,73,1.7994813919067383,0.05097419396042824,1.679731240402335,1.0,4,50
509,74,1.7994813919067383,0.05097419396042824,1.7045649420715796,1.0,5,50
509,75,1.7994813919067383,0.05097419396042824,1.686662448856108,1.0,6,50
509,76,1.7994813919067383,0.05097419396042824,1.7118417491288014,1.0,7,50
509,77,1.7994813919067383,0.05097419396042824,1.6957682390110485,1.0,8,50
509,78,1.7994813919067383,0.05097419396042824,1.697147231323964,1.0,9,50
509,79,1.7994813919067383,0.05097419396042824,1.6621438931500059,1.0,10,50
509,80,1.7994813919067383,0.05097419396042824,1.645347181297161,1.0,11,50
509,81,1.7994813919067383,0.05097419396042824,1.6674029645643325,1.0,12,50
509,82,1.7994813919067383,0.05097419396042824,1.6763468278984324,1.0,13,50
509,83,1.7994813919067383,0.05097419396042824,1.668940077284628,1.0,14,50
509,84,1.7994813919067383,0.05097419396042824,1.6782071274966817,1.0,15,50
509,85,1.7994813919067383,0.05097419396042824,1.6769112609394723,1.0,16,50
509,86,1.7994813919067383,0.05097419396042824,1.6692382211926098,1.0,17,50
509,87,1.7994813919067383,0.05097419396042824,1.6925713148605108,1.0,18,50
509,88,1.7994813919067383,0.05097419396042824,1.6829377680801834,1.0,19,50
509,89,1.7994813919067383,0.05097419396042824,1.7040455128324636,1.0,0,50
509,90,1.7994813919067383,0.05097419396042824,1.6971173341822499,1.0,1,50
509,91,1.7994813919067383,0.05097419396042824,1.6876618889411414,1.0,2,50
509,92,1.7994813919067383,0.05097419396042824,1.6956223061784306,1.0,3,50
509,93,1.7994813919067383,0.05097419396042824,1.6725048439113317,1.0,4,50
509,94,1.7994813919067383,0.05097419396042824,1.6794788362577246,1.0,5,50
509,95,1.7994813919067383,0.05097419396042824,1.6685463108911387,1.0,6,50
509,96,1.7994813919067383,0.05097419396042824,1.6554714434544657,1.0,7,50
509,97,1.7994813919067383,0.05097419396042824,1.6879991539053085,1.0,8,50
509,98,1.7994813919067383,0.05097419396042824,1.6730732904744914,1.0,9,50
509,99,1.7994813919067383,0.05097419396042824,1.6767206426346772,1.0,10,50
509,100,1.7994813919067383,0.05097419396042824,1.6612868327022923,1.0,11,50
509,101,1.7994813919067383,0.05097419396042824,1.667294849764046,1.0,12,50
509,102,1.7994813919067383,0.05097419396042824,1.6667079933845363,1.0,13,50
509,103,1.7994813919067383,0.05097419396042824,1.6731007060204854,1.0,14,50
509,104,1.7994813919067383,0.05097419396042824,1.6529579510659262,1.0,15,50
509,105,1.7994813919067383,0.05097419396042824,1.6626718643605543,1.0,16,50
509,106,1.7994813919067383,0.05097419396042824,1.6986692084412796,1.0,17,50
509,107,1.7994813919067383,0.05097419396042824,1.6851254886022926,1.0,18,50
509,108,1.7994813919067383,0.05097419396042824,1.680090121924026,1.0,19,50
509,109,1.7994813919067383,0.05097419396042824,1.7169708513236945,1.0,0,50
509,110,1.7994813919067383,0.05097419396042824,1.7010424563185327,1.0,1,50
509,111,1.7994813919067383,0.05097419396042824,1.6999485434475667,1.0,2,50
509,112,1.7994813919067383,0.05097419396042824,1.6725377014358715,1.0,3,50
509,113,1.7994813919067383,0.05097419396042824,1.6791102767832535,1.0,4,50
509,114,1.7994813919067383,0.05097419396042824,1.6815071831100985,1.0,5,50
509,115,1.7994813919067383,0.05097419396042824,1.7054566761697854,1.0,6,50
509,116,1.7994813919067383,0.05097419396042824,1.7072929679781645,1.0,7,50
509,117,1.7994813919067383,0.05097419396042824,1.7033398699349003,1.0,8,50
509,118,1.7994813919067383,0.05097419396042824,1.6911559307630826,1.0,9,50
509,119,1.7994813919067383,0.05097419396042824,1.665475824969405,1.0,10,50
509,120,1.7994813919067383,0.05097419396042824,1.6945288991641452,1.0,11,50
509,121,1.7994813919067383,0.05097419396042824,1.6982297230357772,1.0,12,50
509,122,1.7994813919067383,0.05097419396042824,1.7038195235841236,1.0,13,50
509,123,1.7994813919067383,0.05097419396042824,1.6873525187300489,1.0,14,50
509,124,1.7994813919067383,0.05097419396042824,1.6889121227132546,1.0,15,50
509,125,1.7994813919067383,0.05097419396042824,1.7028094931676687,1.0,16,50
509,126,1.7994813919067383,0.05097419396042824,1.6913460525100024,1.0,17,50
509,127,1.7994813919067383,0.05097419396042824,1.67413742197547,1.0,18,50
509,128,1.7994813919067383,0.05097419396042824,1.6807187481200454,1.0,19,50
509,129,1.7994813919067383,0.05097419396042824,1.7067673383055588,1.0,0,50
509,130,1.7994813919067383,0.05097419396042824,1.6864404141504703,1.0,1,50
509,131,1.7994813919067383,0.05097419396042824,1.689971015877372,1.0,2,50
509,132,1.7994813919067383,0.05097419396042824,1.6833633432277513,1.0,3,50
509,133,1.7994813919067383,0.05097419396042824,1.7104271185682969,1.0,4,50
509,134,1.7994813919067383,0.05097419396042824,1.684836566022188,1.0,5,50
509,135,1.7994813919067383,0.05097419396042824,1.6798638079037165,1.0,6,50
509,136,1.7994813919067383,0.05097419396042824,1.6749024916068607,1.0,7,50
509,137,1.7994813919067383,0.05097419396042824,1.6766450629321699,1.0,8,50
509,138,1.7994813919067383,0.05097419396042824,1.6864876457808207,1.0,9,50
509,139,1.7994813919067383,0.05097419396042824,1.6609159065395922,1.0,10,50
509,140,1.7994813919067383,0.05097419396042824,1.670882954358744,1.0,11,50
509,141,1.7994813919067383,0.05097419396042824,1.6604428565476794,1.0,12,50
509,142,1.7994813919067383,0.05097419396042824,1.65076833537376,1.0,13,50
509,143,1.7994813919067383,0.05097419396042824,1.6602000451088528,1.0,14,50
509,144,1.7994813919067383,0.05097419396042824,1.651938476489158,1.0,15,50
509,145,1.7994813919067383,0.05097419396042824,1.6325495733129232,1.0,16,50
509,146,1.7994813919067383,0.05097419396042824,1.6332170614826291,1.0,17,50
509,147,1.7994813919067383,0.05097419396042824,1.6494560333015458,1.0,18,50
509,148,1.7994813919067383,0.05097419396042824,1.6760419839090188,1.0,19,50
509,149,1.7994813919067383,0.05097419396042824,1.669716651594128,1.0,0,50
509,150,1.7994813919067383,0.05097419396042824,1.6669332929743148,1.0,1,50
509,151,1.7994813919067383,0.05097419396042824,1.623194810726386,1.0,2,50
509,152,1.7994813919067383,0.05097419396042824,1.6354203777985674,1.0,3,50
509,153,1.7994813919067383,0.05097419396042824,1.6215305102682742,1.0,4,50
509,154,1.7994813919067383,0.05097419396042824,1.6248539431118358,1.0,5,50
509,155,1.7994813919067383,0.05097419396042824,1.6387880618485946,1.0,6,50
509,156,1.7994813919067383,0.05097419396042824,1.6328603528310002,1.0,7,50
509,157,1.7994813919067383,0.05097419396042824,1.6477363328099768,1.0,8,50
509,158,1.7994813919067383,0.05097419396042824,1.644341141699141,1.0,9,50
509,159,1.7994813919067383,0.05097419396042824,1.648828708501939,1.0,10,50
509,160,1.7994813919067383,0.05097419396042824,1.6517732391295394,1.0,11,50
509,161,1.7994813919067383,0.05097419396042824,1.669250336961817,1.0,12,50
509,162,1.7994813919067383,0.05097419396042824,1.6523651384469777,1.0,13,50
509,163,1.7994813919067383,0.05097419396042824,1.6748166930940733,1.0,14,50
509,164,1.7994813919067383,0.05097419396042824,1.640108785439729,1.0,15,50
509,165,1.7994813919067383,0.05097419396042824,1.645614694657423,1.0,16,50
509,166,1.7994813919067383,0.05097419396042824,1.6390486045322608,1.0,17,50
509,167,1.7994813919067383,0.05097419396042824,1.6278618391060684,1.0,18,50
509,168,1.7994813919067383,0.05097419396042824,1.6142746420143044,1.0,19,50
509,169,1.7994813919067383,0.05097419396042824,1.620929712064856,1.0,0,50
509,170,1.7994813919067383,0.05097419396042824,1.6254760555253982,1.0,1,50
509,171,1.7994813919067383,0.05097419396042824,1.597285063191999,1.0,2,50
509,172,1.7994813919067383,0.05097419396042824,1.6202968826283908,1.0,3,50
509,173,1.7994813919067383,0.05097419396042824,1.6455194195919196,1.0,4,50
509,174,1.7994813919067383,0.05097419396042824,1.6172974100001192,1.0,5,50
509,175,1.7994813919067383,0.05097419396042824,1.6388941592426347,1.0,6,50
509,176,1.7994813919067383,0.05097419396042824,1.648850972143161,1.0,7,50
509,177,1.7994813919067383,0.05097419396042824,1.6591185500697354,1.0,8,50
509,178,1.7994813919067383,0.05097419396042824,1.650481484854176,1.0,9,50
509,179,1.7994813919067383,0.05097419396042824,1.635959965058858,1.0,10,50
509,180,1.7994813919067383,0.05097419396042824,1.632671569296153,1.0,11,50
509,181,1.7994813919067383,0.05097419396042824,1.6207395344648516,1.0,12,50
509,182,1.7994813919067383,0.05097419396042824,1.6241954423946023,1.0,13,50
509,183,1.7994813919067383,0.05097419396042824,1.6296533162563855,1.0,14,50
509,184,1.7994813919067383,0.05097419396042824,1.6070604717447967,1.0,15,50
509,185,1.7994813919067383,0.05097419396042824,1.632180757177105,1.0,16,50
509,186,1.7994813919067383,0.05097419396042824,1.633951617865547,1.0,17,50
509,187,1.7994813919067383,0.05097419396042824,1.6213335412929213,1.0,18,50
509,188,1.7994813919067383,0.05097419396042824,1.604292484770861,1.0,19,50
509,189,1.7994813919067383,0.05097419396042824,1.64643106642226,1.0,0,50
509,190,1.7994813919067383,0.05097419396042824,1.6481244221228606,1.0,1,50
509,191,1.7994813919067383,0.05097419396042824,1.6120801158444253,1.0,2,50
509,192,1.7994813919067383,0.05097419396042824,1.609723488528661,1.0,3,50
509,193,1.7994813919067383,0.05097419396042824,1.5959603938987321,1.0,4,50
509,194,1.7994813919067383,0.05097419396042824,1.5997648649855545,1.0,5,50
509,195,1.7994813919067383,0.05097419396042824,1.597522061434233,1.0,6,50
509,196,1.7994813919067383,0.05097419396042824,1.5732191098360346,1.0,7,50
509,197,1.7994813919067383,0.05097419396042824,1.5889849848316986,1.0,8,50
509,198,1.7994813919067383,0.05097419396042824,1.5782465157441625,1.0,9,50
509,199,1.7994813919067383,0.05097419396042824,1.5766574010038024,1.0,10,50
509,200,1.7994813919067383,0.05097419396042824,1.5856126573057603,1.0,11,50
509,201,1.7994813919067383,0.05097419396042824,1.5936055261359232,1.0,12,50
509,202,1.7994813919067383,0.05097419396042824,1.5618500007432807,1.0,13,50
509,203,1.7994813919067383,0.05097419396042824,1.5501787275860774,1.0,14,50
509,204,1.7994813919067383,0.05097419396042824,1.565214417195747,1.0,15,50
509,205,1.7994813919067383,0.05097419396042824,1.5923298463004423,1.0,16,50
509,206,1.7994813919067383,0.05097419396042824,1.600822155577014,1.0,17,50
509,207,1.7994813919067383,0.05097419396042824,1.6034148830898416,1.0,18,50
509,208,1.7994813919067383,0.05097419396042824,1.5990826746899622,1.0,19,50
509,209,1.7994813919067383,0.05097419396042824,1.6217741243256334,1.0,0,50
509,210,1.7994813919067383,0.05097419396042824,1.6119858452264573,1.0,1,50
509,211,1.7994813919067383,0.05097419396042824,1.5964896299648768,1.0,2,50
509,212,1.7994813919067383,0.05097419396042824,1.5920775323037664,1.0,3,50
509,213,1.7994813919067383,0.05097419396042824,1.5823883260293543,1.0,4,50
509,214,1.7994813919067383,0.05097419396042824,1.5875823724743392,1.0,5,50
509,215,1.7994813919067383,0.05097419396042824,1.5660225343772929,1.0,6,50
509,216,1.7994813919067383,0.05097419396042824,1.5783152032994918,1.0,7,50
509,217,1.7994813919067383,0.05097419396042824,1.580693458405844,1.0,8,50
509,218,1.7994813919067383,0.05097419396042824,1.5553594697708235,1.0,9,50
509,219,1.7994813919067383,0.05097419396042824,1.5696980567727234,1.0,10,50
509,220,1.7994813919067383,0.05097419396042824,1.5687396192632292,1.0,11,50
509,221,1.7994813919067383,0.05097419396042824,1.5959306259425923,1.0,12,50
509,222,1.7994813919067383,0.05097419396042824,1.5818773624306566,1.0,13,50
509,223,1.7994813919067383,0.05097419396042824,1.6100747172683687,1.0,14,50
509,224,1.7994813919067383,0.05097419396042824,1.580719861766203,1.0,15,50
509,225,1.7994813919067383,0.05097419396042824,1.5725716559378333,1.0,16,50
509,226,1.7994813919067383,0.05097419396042824,1.5902239617430052,1.0,17,50
509,227,1.7994813919067383,0.05097419396042824,1.5844368401962408,1.0,18,50
509,228,1.7994813919067383,0.05097419396042824,1.5776813954584064,1.0,19,50
509,229,1.7994813919067383,0.05097419396042824,1.586059852040787,1.0,0,50
509,230,1.7994813919067383,0.05097419396042824,1.5797026112352361,1.0,1,50
509,231,1.7994813919067383,0.05097419396042824,1.5822764739640305,1.0,2,50
509,232,1.7994813919067383,0.05097419396042824,1.5673907203544524,1.0,3,50
509,233,1.7994813919067383,0.05097419396042824,1.5848198866293588,1.0,4,50
509,234,1.7994813919067383,0.05097419396042824,1.569560226347679,1.0,5,50
509,235,1.7994813919067383,0.05097419396042824,1.5736519634020294,1.0,6,50
509,236,1.7994813919067383,0.05097419396042824,1.5461181313734809,1.0,7,50
509,237,1.7994813919067383,0.05097419396042824,1.504070185236374,1.0,8,50
509,238,1.7994813919067383,0.05097419396042824,1.5111325955863413,1.0,9,50
509,239,1.7994813919067383,0.05097419396042824,1.513940800630615,1.0,10,50
509,240,1.7994813919067383,0.05097419396042824,1.5008030030278705,1.0,11,50
509,241,1.7994813919067383,0.05097419396042824,1.4790833717928715,1.0,12,50
509,242,1.7994813919067383,0.05097419396042824,1.4670895061631517,1.0,13,50
509,243,1.7994813919067383,0.05097419396042824,1.4742557309875064,1.0,14,50
509,244,1.7994813919067383,0.05097419396042824,1.4426800337958117,1.0,15,50
509,245,1.7994813919067383,0.05097419396042824,1.4402698455864098,1.0,16,50
509,246,1.7994813919067383,0.05097419396042824,1.4584642150167084,1.0,17,50
509,247,1.7994813919067383,0.05097419396042824,1.4784793439195023,1.0,18,50
509,248,1.7994813919067383,0.05097419396042824,1.4897450801300165,1.0,19,50
509,249,1.7994813919067383,0.05097419396042824,1.500287870895429,1.0,0,50
509,250,1.7994813919067383,0.05097419396042824,1.4856326247085867,1.0,1,50
1023,1,1.9006738662719727,0.07988852262496948,1.727950983351282,1.0,1,23
1023,2,1.9006738662719727,0.07988852262496948,1.733478032423755,1.0,2,46
1023,3,1.8888237476348877,0.06037074699997902,1.7068526471749117,1.0,0,50
1023,4,1.8888237476348877,0.06037074699997902,1.7099571968201372,1.0,1,50
1023,5,1.8888237476348877,0.06037074699997902,1.7180178104882826,1.0,2,50
1023,6,1.8283979892730713,0.056125570088624954,1.7372081848133147,1.0,0,50
1023,7,1.8283979892730713,0.056125570088624954,1.7223455299713055,1.0,1,50
1023,8,1.8283979892730713,0.056125570088624954,1.7246176210462982,1.0,2,50
1023,9,1.8283979892730713,0.056125570088624954,1.7341659107749217,1.0,3,50
1023,10,1.8283979892730713,0.056125570088624954,1.7263560029858214,1.0,4,50
1023,11,1.8283979892730713,0.056125570088624954,1.71929209239595,1.0,5,50
1023,12,1.8283979892730713,0.056125570088624954,1.7340271172013075,1.0,6,50
1023,13,1.8283979892730713,0.056125570088624954,1.733101965248144,1.0,7,50
1023,14,1.8283979892730713,0.056125570088624954,1.7272365425430776,1.0,8,50
1023,15,1.8283979892730713,0.056125570088624954,1.7193270755912926,1.0,9,50
1023,16,1.8283979892730713,0.056125570088624954,1.7308561197749428,1.0,10,50
1023,17,1.8283979892730713,0.056125570088624954,1.693041625803047,1.0,11,50
1023,18,1.8283979892730713,0.056125570088624954,1.680994430100187,1.0,12,50
1023,19,1.8283979892730713,0.056125570088624954,1.7056893689956296,1.0,13,50
1023,20,1.8283979892730713,0.056125570088624954,1.6926389269273656,1.0,14,50
1023,21,1.8283979892730713,0.056125570088624954,1.6748879218573218,1.0,15,50
1023,22,1.8283979892730713,0.056125570088624954,1.6734879649435312,1.0,16,50
1023,23,1.8283979892730713,0.056125570088624954,1.6912339715695157,1.0,17,50
1023,24,1.8283979892730713,0.056125570088624954,1.6612771443167276,1.0,18,50
1023,25,1.8283979892730713,0.056125570088624954,1.6943568270069898,1.0,19,50
1023,26,1.8283979892730713,0.056125570088624954,1.7256362942639025,1.0,0,50
1023,27,1.8283979892730713,0.056125570088624954,1.725080048795604,1.0,1,50
1023,28,1.8283979892730713,0.056125570088624954,1.7106350073090966,1.0,2,50
1023,29,1.8283979892730713,0.056125570088624954,1.7226567745290853,1.0,3,50
1023,30,1.8283979892730713,0.056125570088624954,1.7360140571210072,1.0,4,50
1023,31,1.8283979892730713,0.056125570088624954,1.730002318625282,1.0,5,50
1023,32,1.8283979892730713,0.056125570088624954,1.7319511323001382,1.0,6,50
1023,33,1.8283979892730713,0.056125570088624954,1.7335212625699574,1.0,7,50
1023,34,1.8283979892730713,0.056125570088624954,1.720574814835167,1.0,8,50
1023,35,1.8283979892730713,0.056125570088624954,1.7254887846670373,1.0,9,50
1023,36,1.8283979892730713,0.056125570088624954,1.6998267234885136,1.0,10,50
1023,37,1.8283979892730713,0.056125570088624954,1.6889221904522398,1.0,11,50
1023,38,1.8283979892730713,0.056125570088624954,1.6898657363980787,1.0,12,50
1023,39,1.8283979892730713,0.056125570088624954,1.7056296153897472,1.0,13,50
1023,40,1.8283979892730713,0.056125570088624954,1.6978013505206035,1.0,14,50
1023,41,1.8283979892730713,0.056125570088624954,1.6996799998589878,1.0,15,50
1023,42,1.8283979892730713,0.056125570088624954,1.6771564275881543,1.0,16,50
1023,43,1.8283979892730713,0.056125570088624954,1.6646068765052109,1.0,17,50
1023,44,1.8283979892730713,0.056125570088624954,1.6672771486352893,1.0,18,50
1023,45,1.8283979892730713,0.056125570088624954,1.6879652453805607,1.0,19,50
1023,46,1.8283979892730713,0.056125570088624954,1.7173127070837173,1.0,0,50
1023,47,1.8283979892730713,0.056125570088624954,1.7260091047324635,1.0,1,50
1023,48,1.8283979892730713,0.056125570088624954,1.6997499788969537,1.0,2,50
1023,49,1.8283979892730713,0.056125570088624954,1.685644436174724,1.0,3,50
1023,50,1.8283979892730713,0.056125570088624954,1.6904271694506574,1.0,4,50
1023,51,1.8283979892730713,0.056125570088624954,1.6521608097254177,1.0,5,50
1023,52,1.8283979892730713,0.056125570088624954,1.6705778590446718,1.0,6,50
1023,53,1.8283979892730713,0.056125570088624954,1.647902367531366,1.0,7,50
1023,54,1.8283979892730713,0.056125570088624954,1.6487315704197103,1.0,8,50
1023,55,1.8283979892730713,0.056125570088624954,1.639720604265741,1.0,9,50
1023,56,1.8283979892730713,0.056125570088624954,1.6706126802909094,1.0,10,50
1023,57,1.8283979892730713,0.056125570088624954,1.6843519343124564,1.0,11,50
1023,58,1.8283979892730713,0.056125570088624954,1.6909825116058517,1.0,12,50
1023,59,1.8283979892730713,0.056125570088624954,1.682872694072638,1.0,13,50
1023,60,1.8283979892730713,0.056125570088624954,1.6724501891981192,1.0,14,50
1023,61,1.8283979892730713,0.056125570088624954,1.685124457092513,1.0,15,50
1023,62,1.8283979892730713,0.056125570088624954,1.7075953263267956,1.0,16,50
1023,63,1.8283979892730713,0.056125570088624954,1.7060299341410918,1.0,17,50
1023,64,1.8283979892730713,0.056125570088624954,1.7020535653425948,1.0,18,50
1023,65,1.8283979892730713,0.056125570088624954,1.6948769437249624,1.0,19,50
1023,66,1.8283979892730713,0.056125570088624954,1.6996628873143727,1.0,0,50
1023,67,1.8283979892730713,0.056125570088624954,1.6966586229169653,1.0,1,50
1023,68,1.8283979892730713,0.056125570088624954,1.6922809642874908,1.0,2,50
1023,69,1.8283979892730713,0.056125570088624954,1.6988781277794436,1.0,3,50
1023,70,1.8283979892730713,0.056125570088624954,1.6936721009582518,1.0,4,50
1023,71,1.8283979892730713,0.056125570088624954,1.6937001614766232,1.0,5,50
1023,72,1.8283979892730713,0.056125570088624954,1.7026054971981626,1.0,6,50
1023,73,1.8283979892730713,0.056125570088624954,1.6892897160765659,1.0,7,50
1023,74,1.8283979892730713,0.056125570088624954,1.7059411105149305,1.0,8,50
1023,75,1.8283979892730713,0.056125570088624954,1.6902967712393455,1.0,9,50
1023,76,1.8283979892730713,0.056125570088624954,1.6947176850537926,1.0,10,50
1023,77,1.8283979892730713,0.056125570088624954,1.6901032611896738,1.0,11,50
1023,78,1.8283979892730713,0.056125570088624954,1.6917015607249546,1.0,12,50
1023,79,1.8283979892730713,0.056125570088624954,1.6802694528110838,1.0,13,50
1023,80,1.8283979892730713,0.056125570088624954,1.6956996028353233,1.0,14,50
1023,81,1.8283979892730713,0.056125570088624954,1.6825825790074742,1.0,15,50
1023,82,1.8283979892730713,0.056125570088624954,1.7125111683157963,1.0,16,50
1023,83,1.8283979892730713,0.056125570088624954,1.6651856760128931,1.0,17,50
1023,84,1.8283979892730713,0.056125570088624954,1.6587413822234884,1.0,18,50
1023,85,1.8283979892730713,0.056125570088624954,1.6255647328228788,1.0,19,50
1023,86,1.8283979892730713,0.056125570088624954,1.6729546671759135,1.0,0,50
1023,87,1.8283979892730713,0.056125570088624954,1.6721402374206562,1.0,1,50
1023,88,1.8283979892730713,0.056125570088624954,1.6576306148443467,1.0,2,50
1023,89,1.8283979892730713,0.056125570088624954,1.6748256497136913,1.0,3,50
1023,90,1.8283979892730713,0.056125570088624954,1.6658161043099227,1.0,4,50
1023,91,1.8283979892730713,0.056125570088624954,1.678945619478947,1.0,5,50
1023,92,1.8283979892730713,0.056125570088624954,1.6987299450511535,1.0,6,50
1023,93,1.8283979892730713,0.056125570088624954,1.7085919593514598,1.0,7,50
1023,94,1.8283979892730713,0.056125570088624954,1.6986416390682904,1.0,8,50
1023,95,1.8283979892730713,0.056125570088624954,1.7030401722039377,1.0,9,50
1023,96,1.8283979892730713,0.056125570088624954,1.6867251794390328,1.0,10,50
1023,97,1.8283979892730713,0.056125570088624954,1.6801816676967773,1.0,11,50
1023,98,1.8283979892730713,0.056125570088624954,1.6767371366639368,1.0,12,50
1023,99,1.8283979892730713,0.056125570088624954,1.6681516336845559,1.0,13,50
1023,100,1.8283979892730713,0.056125570088624954,1.6660281090525964,1.0,14,50
1023,101,1.8283979892730713,0.056125570088624954,1.6837307423748635,1.0,15,50
1023,102,1.8283979892730713,0.056125570088624954,1.6786869924150587,1.0,16,50
1023,103,1.8283979892730713,0.056125570088624954,1.6791383642203883,1.0,17,50
1023,104,1.8283979892730713,0.056125570088624954,1.6758807847755064,1.0,18,50
1023,105,1.8283979892730713,0.056125570088624954,1.6799030766143037,1.0,19,50
1023,106,1.8283979892730713,0.056125570088624954,1.680049301122255,1.0,0,50
1023,107,1.8283979892730713,0.056125570088624954,1.7001005786190555,1.0,1,50
1023,108,1.8283979892730713,0.056125570088624954,1.71656608762643,1.0,2,50
1023,109,1.8283979892730713,0.056125570088624954,1.6982026275645423,1.0,3,50
1023,110,1.8283979892730713,0.056125570088624954,1.7023274027475082,1.0,4,50
1023,111,1.8283979892730713,0.056125570088624954,1.6921773198270815,1.0,5,50
1023,112,1.8283979892730713,0.056125570088624954,1.6881000669711348,1.0,6,50
1023,113,1.8283979892730713,0.056125570088624954,1.6756111039814978,1.0,7,50
1023,114,1.8283979892730713,0.056125570088624954,1.6600145061147815,1.0,8,50
1023,115,1.8283979892730713,0.056125570088624954,1.6553732779371257,1.0,9,50
1023,116,1.8283979892730713,0.056125570088624954,1.6299574436622541,1.0,10,50
1023,117,1.8283979892730713,0.056125570088624954,1.6469969637592958,1.0,11,50
1023,118,1.8283979892730713,0.056125570088624954,1.6592649109344058,1.0,12,50
1023,119,1.8283979892730713,0.056125570088624954,1.6432815684622852,1.0,13,50
1023,120,1.8283979892730713,0.056125570088624954,1.6370634979978882,1.0,14,50
1023,121,1.8283979892730713,0.056125570088624954,1.6463385830456871,1.0,15,50
1023,122,1.8283979892730713,0.056125570088624954,1.6574010373914265,1.0,16,50
1023,123,1.8283979892730713,0.056125570088624954,1.6709860536582304,1.0,17,50
1023,124,1.8283979892730713,0.056125570088624954,1.6549421779333096,1.0,18,50
1023,125,1.8283979892730713,0.056125570088624954,1.6491111905532643,1.0,19,50
1023,126,1.8283979892730713,0.056125570088624954,1.6285338581259667,1.0,0,50
1023,127,1.8283979892730713,0.056125570088624954,1.6432368687036512,1.0,1,50
1023,128,1.8283979892730713,0.056125570088624954,1.6593152108748208,1.0,2,50
1023,129,1.8283979892730713,0.056125570088624954,1.6289524622217348,1.0,3,50
1023,130,1.8283979892730713,0.056125570088624954,1.6622921964359731,1.0,4,50
1023,131,1.8283979892730713,0.056125570088624954,1.6339166697275687,1.0,5,50
1023,132,1.8283979892730713,0.056125570088624954,1.6395634252270364,1.0,6,50
1023,133,1.8283979892730713,0.056125570088624954,1.620454086180034,1.0,7,50
1023,134,1.8283979892730713,0.056125570088624954,1.6312147880168975,1.0,8,50
1023,135,1.8283979892730713,0.056125570088624954,1.6387254148957755,1.0,9,50
1023,136,1.8283979892730713,0.056125570088624954,1.6326132671589206,1.0,10,50
1023,137,1.8283979892730713,0.056125570088624954,1.6431140757119496,1.0,11,50
1023,138,1.8283979892730713,0.056125570088624954,1.629396837595893,1.0,12,50
1023,139,1.8283979892730713,0.056125570088624954,1.616157986832995,1.0,13,50
1023,140,1.8283979892730713,0.056125570088624954,1.6234664819192208,1.0,14,50
1023,141,1.8283979892730713,0.056125570088624954,1.6146782139968927,1.0,15,50
1023,142,1.8283979892730713,0.056125570088624954,1.6371363696458971,1.0,16,50
1023,143,1.8283979892730713,0.056125570088624954,1.6470559976308228,1.0,17,50
1023,144,1.8283979892730713,0.056125570088624954,1.6661068592878365,1.0,18,50
1023,145,1.8283979892730713,0.056125570088624954,1.6743329292662659,1.0,19,50
1023,146,1.8283979892730713,0.056125570088624954,1.6974631219601413,1.0,0,50
1023,147,1.8283979892730713,0.056125570088624954,1.6740097222523482,1.0,1,50
1023,148,1.8283979892730713,0.056125570088624954,1.6618206802126647,1.0,2,50
1023,149,1.8283979892730713,0.056125570088624954,1.6635352521389926,1.0,3,50
1023,150,1.8283979892730713,0.056125570088624954,1.6583732597049716,1.0,4,50
1023,151,1.8283979892730713,0.056125570088624954,1.6211637787276174,1.0,5,50
1023,152,1.8283979892730713,0.056125570088624954,1.6453543960605292,1.0,6,50
1023,153,1.8283979892730713,0.056125570088624954,1.6276442990320474,1.0,7,50
1023,154,1.8283979892730713,0.056125570088624954,1.595296368896265,1.0,8,50
1023,155,1.8283979892730713,0.056125570088624954,1.589666026808589,1.0,9,50
1023,156,1.8283979892730713,0.056125570088624954,1.573002907912971,1.0,10,50
1023,157,1.8283979892730713,0.056125570088624954,1.5863550660058863,1.0,11,50
1023,158,1.8283979892730713,0.056125570088624954,1.6140941216570663,1.0,12,50
1023,159,1.8283979892730713,0.056125570088624954,1.6284036679497276,1.0,13,50
1023,160,1.8283979892730713,0.056125570088624954,1.6360315695769316,1.0,14,50
1023,161,1.8283979892730713,0.056125570088624954,1.6244289651931745,1.0,15,50
1023,162,1.8283979892730713,0.056125570088624954,1.6017620968173818,1.0,16,50
1023,163,1.8283979892730713,0.056125570088624954,1.6172760570902707,1.0,17,50
1023,164,1.8283979892730713,0.056125570088624954,1.6327905925001653,1.0,18,50
1023,165,1.8283979892730713,0.056125570088624954,1.5951862443839737,1.0,19,50
1023,166,1.8283979892730713,0.056125570088624954,1.621800473464402,1.0,0,50
1023,167,1.8283979892730713,0.056125570088624954,1.64025811303455,1.0,1,50
1023,168,1.8283979892730713,0.056125570088624954,1.6049130763615709,1.0,2,50
1023,169,1.8240966796875,0.07886406034231186,1.6025375334650058,1.0,0,50
1023,170,1.8240966796875,0.07886406034231186,1.5757729063967598,1.0,1,50
1023,171,1.8240966796875,0.07886406034231186,1.5705343508378993,1.0,2,50
1023,172,1.8240966796875,0.07886406034231186,1.5883554149336334,1.0,3,50
1023,173,1.8240966796875,0.07886406034231186,1.583902361998024,1.0,4,50
1023,174,1.8240966796875,0.07886406034231186,1.5783877304658878,1.0,5,50
1023,175,1.8240966796875,0.07886406034231186,1.6021278093807743,1.0,6,50
1023,176,1.8240966796875,0.07886406034231186,1.6113282632023793,1.0,7,50
1023,177,1.8240966796875,0.07886406034231186,1.60155184828276,1.0,8,50
1023,178,1.8240966796875,0.07886406034231186,1.6300440706496893,1.0,9,50
1023,179,1.8240966796875,0.07886406034231186,1.6065748330659622,1.0,10,50
1023,180,1.8240966796875,0.07886406034231186,1.612613447196984,1.0,11,50
1023,181,1.8240966796875,0.07886406034231186,1.6036298809940253,1.0,12,50
1023,182,1.8240966796875,0.07886406034231186,1.594771339950905,1.0,13,50
1023,183,1.8240966796875,0.07886406034231186,1.5622042138849586,1.0,14,50
1023,184,1.8240966796875,0.07886406034231186,1.597694966779928,1.0,15,50
1023,185,1.8240966796875,0.07886406034231186,1.6068986865193986,1.0,16,50
1023,186,1.8240966796875,0.07886406034231186,1.6131534001715853,1.0,17,50
1023,187,1.8240966796875,0.07886406034231186,1.6124133939849086,1.0,18,50
1023,188,1.8240966796875,0.07886406034231186,1.60405522248007,1.0,19,50
1023,189,1.8240966796875,0.07886406034231186,1.6402839831369647,1.0,0,50
1023,190,1.8240966796875,0.07886406034231186,1.6422762287490857,1.0,1,50
1023,191,1.8240966796875,0.07886406034231186,1.651143214890383,1.0,2,50
1023,192,1.8240966796875,0.07886406034231186,1.658266230626649,1.0,3,50
1023,193,1.8240966796875,0.07886406034231186,1.6412120706633864,1.0,4,50
1023,194,1.8240966796875,0.07886406034231186,1.6487738740976683,1.0,5,50
1023,195,1.8240966796875,0.07886406034231186,1.619878181795933,1.0,6,50
1023,196,1.8240966796875,0.07886406034231186,1.606033052192165,1.0,7,50
1023,197,1.8240966796875,0.07886406034231186,1.6123818679101156,1.0,8,50
1023,198,1.8240966796875,0.07886406034231186,1.6178019335634466,1.0,9,50
1023,199,1.8240966796875,0.07886406034231186,1.61997749112716,1.0,10,50
1023,200,1.8240966796875,0.07886406034231186,1.6337701281409054,1.0,11,50
1023,201,1.8240966796875,0.07886406034231186,1.6165048858528985,1.0,12,50
1023,202,1.8240966796875,0.07886406034231186,1.6396182668936878,1.0,13,50
1023,203,1.8240966796875,0.07886406034231186,1.6075124124856828,1.0,14,50
1023,204,1.8240966796875,0.07886406034231186,1.5959133369884126,1.0,15,50
1023,205,1.8240966796875,0.07886406034231186,1.6007011464601064,1.0,16,50
1023,206,1.8240966796875,0.07886406034231186,1.6044724640610437,1.0,17,50
1023,207,1.8240966796875,0.07886406034231186,1.6205467475536768,1.0,18,50
1023,208,1.8240966796875,0.07886406034231186,1.617040064042255,1.0,19,50
1023,209,1.8240966796875,0.07886406034231186,1.6247808446525926,1.0,0,50
1023,210,1.8240966796875,0.07886406034231186,1.618372505944639,1.0,1,50
1023,211,1.8240966796875,0.07886406034231186,1.6214059821478626,1.0,2,50
1023,212,1.8240966796875,0.07886406034231186,1.6098996137668256,1.0,3,50
1023,213,1.8240966796875,0.07886406034231186,1.590153566095263,1.0,4,50
1023,214,1.8240966796875,0.07886406034231186,1.5758790705973686,1.0,5,50
1023,215,1.8240966796875,0.07886406034231186,1.5766064823542882,1.0,6,50
1023,216,1.8240966796875,0.07886406034231186,1.585668083090466,1.0,7,50
1023,217,1.8240966796875,0.07886406034231186,1.578850826374253,1.0,8,50
1023,218,1.8240966796875,0.07886406034231186,1.5770615996876909,1.0,9,50
1023,219,1.8240966796875,0.07886406034231186,1.5640615954993689,1.0,10,50
1023,220,1.8240966796875,0.07886406034231186,1.5620913367181275,1.0,11,50
1023,221,1.8240966796875,0.07886406034231186,1.5633580358580739,1.0,12,50
1023,222,1.8240966796875,0.07886406034231186,1.561786394154565,1.0,13,50
1023,223,1.8240966796875,0.07886406034231186,1.5421482720931143,1.0,14,50
1023,224,1.8240966796875,0.07886406034231186,1.5292004320538328,1.0,15,50
1023,225,1.8240966796875,0.07886406034231186,1.524715032620809,1.0,16,50
1023,226,1.8240966796875,0.07886406034231186,1.5223609389629047,1.0,17,50
1023,227,1.8240966796875,0.07886406034231186,1.5632040370859355,1.0,18,50
1023,228,1.8240966796875,0.07886406034231186,1.5719535297934144,1.0,19,50
1023,229,1.8240966796875,0.07886406034231186,1.5783243680739008,1.0,0,50
1023,230,1.8240966796875,0.07886406034231186,1.556656921766254,1.0,1,50
1023,231,1.8240966796875,0.07886406034231186,1.5301392431408993,1.0,2,50
1023,232,1.8240966796875,0.07886406034231186,1.5118813366625623,1.0,3,50
1023,233,1.8240966796875,0.07886406034231186,1.48953352919584,1.0,4,50
1023,234,1.8240966796875,0.07886406034231186,1.4979943768849617,1.0,5,50
1023,235,1.8240966796875,0.07886406034231186,1.4996414178690352,1.0,6,50
1023,236,1.8240966796875,0.07886406034231186,1.5127008400282074,1.0,7,50
1023,237,1.8240966796875,0.07886406034231186,1.5277692210503495,1.0,8,50
1023,238,1.8240966796875,0.07886406034231186,1.4930111793926273,1.0,9,50
1023,239,1.8240966796875,0.07886406034231186,1.4900821083007494,1.0,10,50
1023,240,1.8240966796875,0.07886406034231186,1.504216962073821,1.0,11,50
1023,241,1.8240966796875,0.07886406034231186,1.497938722262452,1.0,12,50
1023,242,1.8240966796875,0.07886406034231186,1.4982842237451868,1.0,13,50
1023,243,1.8240966796875,0.07886406034231186,1.4858015395296855,1.0,14,50
1023,244,1.8240966796875,0.07886406034231186,1.4927424578083068,1.0,15,50
1023,245,1.8240966796875,0.07886406034231186,1.4759107876361597,1.0,16,50
1023,246,1.8240966796875,0.07886406034231186,1.438312042832914,1.0,17,50
1023,247,1.8240966796875,0.07886406034231186,1.4468277746115272,1.0,18,50
1023,248,1.8240966796875,0.07886406034231186,1.447929204965074,1.0,19,50
1023,249,1.8240966796875,0.07886406034231186,1.5006077736440018,1.0,0,50
1023,250,1.8240966796875,0.07886406034231186,1.4714368545947676,1.0,1,50
7,1,1.777136206626892,0.07152148336172104,1.7442575164428895,1.0,1,24
7,2,1.777136206626892,0.07152148336172104,1.7187458598812662,1.0,2,47
7,3,1.777136206626892,0.07152148336172104,1.744870728687029,1.0,3,50
7,4,1.777136206626892,0.07152148336172104,1.7443205718355432,1.0,4,50
7,5,1.777136206626892,0.07152148336172104,1.7234673643770986,1.0,5,50
7,6,1.777136206626892,0.07152148336172104,1.7281777244015715,1.0,6,50
7,7,1.777136206626892,0.07152148336172104,1.7336537878574605,1.0,7,50
7,8,1.777136206626892,0.07152148336172104,1.735135054017438,1.0,8,50
7,9,1.777136206626892,0.07152148336172104,1.7198040480730576,1.0,9,50
7,10,1.777136206626892,0.07152148336172104,1.7485989720895452,1.0,10,50
7,11,1.777136206626892,0.07152148336172104,1.7224904486264447,1.0,11,50
7,12,1.777136206626892,0.07152148336172104,1.7190717860046485,1.0,12,50
7,13,1.777136206626892,0.07152148336172104,1.726390622962208,1.0,13,50
7,14,1.777136206626892,0.07152148336172104,1.733531487705831,1.0,14,50
7,15,1.777136206626892,0.07152148336172104,1.748515049311616,1.0,15,50
7,16,1.777136206626892,0.07152148336172104,1.7399726605848977,1.0,16,50
7,17,1.777136206626892,0.07152148336172104,1.7504802549434564,1.0,17,50
7,18,1.777136206626892,0.07152148336172104,1.7340580372484309,1.0,18,50
7,19,1.777136206626892,0.07152148336172104,1.7302174314438967,1.0,19,50
7,20,1.777136206626892,0.07152148336172104,1.7461972220375872,1.0,0,50
7,21,1.777136206626892,0.07152148336172104,1.7372480550327154,1.0,1,50
7,22,1.777136206626892,0.07152148336172104,1.7335087420096333,1.0,2,50
7,23,1.777136206626892,0.07152148336172104,1.7297481566222495,1.0,3,50
7,24,1.777136206626892,0.07152148336172104,1.7265161639126292,1.0,4,50
7,25,1.777136206626892,0.07152148336172104,1.7455815432421893,1.0,5,50
7,26,1.777136206626892,0.07152148336172104,1.7565925608486714,1.0,6,50
7,27,1.777136206626892,0.07152148336172104,1.7274561635574681,1.0,7,50
7,28,1.777136206626892,0.07152148336172104,1.6973409878614842,1.0,8,50
7,29,1.777136206626892,0.07152148336172104,1.7057961716263839,1.0,9,50
7,30,1.777136206626892,0.07152148336172104,1.6978265784097635,1.0,10,50
7,31,1.777136206626892,0.07152148336172104,1.6847264945123988,1.0,11,50
7,32,1.777136206626892,0.07152148336172104,1.710362844445873,1.0,12,50
7,33,1.777136206626892,0.07152148336172104,1.700463035249264,1.0,13,50
7,34,1.777136206626892,0.07152148336172104,1.7179259800972468,1.0,14,50
7,35,1.777136206626892,0.07152148336172104,1.7261627814912024,1.0,15,50
7,36,1.777136206626892,0.07152148336172104,1.7042544214191684,1.0,16,50
7,37,1.777136206626892,0.07152148336172104,1.7052869756518982,1.0,17,50
7,38,1.777136206626892,0.07152148336172104,1.719856537452233,1.0,18,50
7,39,1.777136206626892,0.07152148336172104,1.706096039392776,1.0,19,50
7,40,1.777136206626892,0.07152148336172104,1.7146391346121652,1.0,0,50
7,41,1.777136206626892,0.07152148336172104,1.7275841777765673,1.0,1,50
7,42,1.777136206626892,0.07152148336172104,1.7062755041016535,1.0,2,50
7,43,1.777136206626892,0.07152148336172104,1.7057191866174155,1.0,3,50
7,44,1.777136206626892,0.07152148336172104,1.6940815761312884,1.0,4,50
7,45,1.777136206626892,0.07152148336172104,1.719344135702595,1.0,5,50
7,46,1.777136206626892,0.07152148336172104,1.720878059813573,1.0,6,50
7,47,1.777136206626892,0.07152148336172104,1.7155878111089284,1.0,7,50
7,48,1.777136206626892,0.07152148336172104,1.718995142779464,1.0,8,50
7,49,1.777136206626892,0.07152148336172104,1.7312943905586335,1.0,9,50
7,50,1.777136206626892,0.07152148336172104,1.7077100777886023,1.0,10,50
7,51,1.777136206626892,0.07152148336172104,1.710080833553654,1.0,11,50
7,52,1.777136206626892,0.07152148336172104,1.7132980698908615,1.0,12,50
7,53,1.777136206626892,0.07152148336172104,1.738161860779828,1.0,13,50
7,54,1.777136206626892,0.07152148336172104,1.7246197426124867,1.0,14,50
7,55,1.777136206626892,0.07152148336172104,1.701596681217911,1.0,15,50
7,56,1.777136206626892,0.07152148336172104,1.7131024853282282,1.0,16,50
7,57,1.777136206626892,0.07152148336172104,1.7259546025437007,1.0,17,50
7,58,1.777136206626892,0.07152148336172104,1.7161825726736224,1.0,18,50
7,59,1.777136206626892,0.07152148336172104,1.7110796174725391,1.0,19,50
7,60,1.777136206626892,0.07152148336172104,1.705498359070144,1.0,0,50
7,61,1.777136206626892,0.07152148336172104,1.7414198907993088,1.0,1,50
7,62,1.777136206626892,0.07152148336172104,1.73711447963947,1.0,2,50
7,63,1.777136206626892,0.07152148336172104,1.7399457129846887,1.0,3,50
7,64,1.777136206626892,0.07152148336172104,1.737420460266834,1.0,4,50
7,65,1.777136206626892,0.07152148336172104,1.7227623196148276,1.0,5,50
7,66,1.777136206626892,0.07152148336172104,1.7249765633974394,1.0,6,50
7,67,1.777136206626892,0.07152148336172104,1.7287292144230537,1.0,7,50
7,68,1.777136206626892,0.07152148336172104,1.710102536047146,1.0,8,50
7,69,1.777136206626892,0.07152148336172104,1.7173515773569044,1.0,9,50
7,70,1.777136206626892,0.07152148336172104,1.691230551991079,1.0,10,50
7,71,1.777136206626892,0.07152148336172104,1.6988545500230796,1.0,11,50
7,72,1.777136206626892,0.07152148336172104,1.725063828676549,1.0,12,50
7,73,1.777136206626892,0.07152148336172104,1.70719472495996,1.0,13,50
7,74,1.777136206626892,0.07152148336172104,1.6964371861697485,1.0,14,50
7,75,1.777136206626892,0.07152148336172104,1.6961544500916599,1.0,15,50
7,76,1.777136206626892,0.07152148336172104,1.6953925854352507,1.0,16,50
7,77,1.777136206626892,0.07152148336172104,1.6596274933172146,1.0,17,50
7,78,1.777136206626892,0.07152148336172104,1.6816982462612518,1.0,18,50
7,79,1.777136206626892,0.07152148336172104,1.6861937060557797,1.0,19,50
7,80,1.777136206626892,0.07152148336172104,1.7286799952578455,1.0,0,50
7,81,1.777136206626892,0.07152148336172104,1.7219146515567547,1.0,1,50
7,82,1.777136206626892,0.07152148336172104,1.724555377164483,1.0,2,50
7,83,1.777136206626892,0.07152148336172104,1.7142255203333419,1.0,3,50
7,84,1.777136206626892,0.07152148336172104,1.6961916627396925,1.0,4,50
7,85,1.777136206626892,0.07152148336172104,1.6910450280461946,1.0,5,50
7,86,1.777136206626892,0.07152148336172104,1.6778255547407703,1.0,6,50
7,87,1.777136206626892,0.07152148336172104,1.6919781730284038,1.0,7,50
7,88,1.777136206626892,0.07152148336172104,1.6989987605833332,1.0,8,50
7,89,1.777136206626892,0.07152148336172104,1.6853740982772012,1.0,9,50
7,90,1.777136206626892,0.07152148336172104,1.6992904693744515,1.0,10,50
7,91,1.777136206626892,0.07152148336172104,1.737553291113129,1.0,11,50
7,92,1.777136206626892,0.07152148336172104,1.7169062213486186,1.0,12,50
7,93,1.777136206626892,0.07152148336172104,1.7163817566651927,1.0,13,50
7,94,1.777136206626892,0.07152148336172104,1.701554890705367,1.0,14,50
7,95,1.777136206626892,0.07152148336172104,1.6801847129690024,1.0,15,50
7,96,1.777136206626892,0.07152148336172104,1.6758484943427676,1.0,16,50
7,97,1.777136206626892,0.07152148336172104,1.6741706067321886,1.0,17,50
7,98,1.777136206626892,0.07152148336172104,1.6720841580339574,1.0,18,50
7,99,1.777136206626892,0.07152148336172104,1.6478572194821848,1.0,19,50
7,100,1.777136206626892,0.07152148336172104,1.6696387095735319,1.0,0,50
7,101,1.777136206626892,0.07152148336172104,1.6659956138355139,1.0,1,50
7,102,1.777136206626892,0.07152148336172104,1.6570152553702833,1.0,2,50
7,103,1.777136206626892,0.07152148336172104,1.6331516115530855,1.0,3,50
7,104,1.777136206626892,0.07152148336172104,1.646838840582042,1.0,4,50
7,105,1.777136206626892,0.07152148336172104,1.6724730114039787,1.0,5,50
7,106,1.777136206626892,0.07152148336172104,1.664189585995223,1.0,6,50
7,107,1.777136206626892,0.07152148336172104,1.6874169493553997,1.0,7,50
7,108,1.777136206626892,0.07152148336172104,1.668807082241562,1.0,8,50
7,109,1.777136206626892,0.07152148336172104,1.652472947919016,1.0,9,50
7,110,1.777136206626892,0.07152148336172104,1.6842788366834682,1.0,10,50
7,111,1.777136206626892,0.07152148336172104,1.6957494651695078,1.0,11,50
7,112,1.777136206626892,0.07152148336172104,1.6839434128393893,1.0,12,50
7,113,1.777136206626892,0.07152148336172104,1.6996487937692728,1.0,13,50
7,114,1.777136206626892,0.07152148336172104,1.7308483776848276,1.0,14,50
7,115,1.777136206626892,0.07152148336172104,1.7308433563847145,1.0,15,50
7,116,1.777136206626892,0.07152148336172104,1.7102475577505867,1.0,16,50
7,117,1.777136206626892,0.07152148336172104,1.6885524913770076,1.0,17,50
7,118,1.777136206626892,0.07152148336172104,1.6939965786154456,1.0,18,50
7,119,1.777136206626892,0.07152148336172104,1.679162222913171,1.0,19,50
7,120,1.777136206626892,0.07152148336172104,1.7232671226932395,1.0,0,50
7,121,1.777136206626892,0.07152148336172104,1.7121596883909762,1.0,1,50
7,122,1.777136206626892,0.07152148336172104,1.6957558396603993,1.0,2,50
7,123,1.777136206626892,0.07152148336172104,1.7217713643433634,1.0,3,50
7,124,1.777136206626892,0.07152148336172104,1.7336897109309715,1.0,4,50
7,125,1.777136206626892,0.07152148336172104,1.7265571675506637,1.0,5,50
7,126,1.777136206626892,0.07152148336172104,1.7507966219487587,1.0,6,50
7,127,1.777136206626892,0.07152148336172104,1.7394561780827573,1.0,7,50
7,128,1.777136206626892,0.07152148336172104,1.712879117290627,1.0,8,50
7,129,1.777136206626892,0.07152148336172104,1.7022644943674206,1.0,9,50
7,130,1.777136206626892,0.07152148336172104,1.6750701845046025,1.0,10,50
7,131,1.777136206626892,0.07152148336172104,1.68227807261145,1.0,11,50
7,132,1.777136206626892,0.07152148336172104,1.6550614727819655,1.0,12,50
7,133,1.777136206626892,0.07152148336172104,1.6709682944099875,1.0,13,50
7,134,1.777136206626892,0.07152148336172104,1.6854311865970397,1.0,14,50
7,135,1.777136206626892,0.07152148336172104,1.6915289991958338,1.0,15,50
7,136,1.777136206626892,0.07152148336172104,1.7003647579752383,1.0,16,50
7,137,1.777136206626892,0.07152148336172104,1.7138994574621749,1.0,17,50
7,138,1.777136206626892,0.07152148336172104,1.692578156764719,1.0,18,50
7,139,1.777136206626892,0.07152148336172104,1.6726738446301541,1.0,19,50
7,140,1.777136206626892,0.07152148336172104,1.7020351054175418,1.0,0,50
7,141,1.777136206626892,0.07152148336172104,1.6824172752090096,1.0,1,50
7,142,1.777136206626892,0.07152148336172104,1.6814629486326929,1.0,2,50
7,143,1.777136206626892,0.07152148336172104,1.6621508609336346,1.0,3,50
7,144,1.777136206626892,0.07152148336172104,1.6503313473532506,1.0,4,50
7,145,1.777136206626892,0.07152148336172104,1.6476135730978745,1.0,5,50
7,146,1.777136206626892,0.07152148336172104,1.6340993627033313,1.0,6,50
7,147,1.777136206626892,0.07152148336172104,1.643214689073885,1.0,7,50
7,148,1.777136206626892,0.07152148336172104,1.661256299598587,1.0,8,50
7,149,1.777136206626892,0.07152148336172104,1.6683992780312855,1.0,9,50
7,150,1.777136206626892,0.07152148336172104,1.6851163993369325,1.0,10,50
7,151,1.777136206626892,0.07152148336172104,1.7014165069610419,1.0,11,50
7,152,1.777136206626892,0.07152148336172104,1.7123853401879894,1.0,12,50
7,153,1.777136206626892,0.07152148336172104,1.7148512856305362,1.0,13,50
7,154,1.777136206626892,0.07152148336172104,1.7080613517069019,1.0,14,50
7,155,1.777136206626892,0.07152148336172104,1.6779121039948601,1.0,15,50
7,156,1.777136206626892,0.07152148336172104,1.6790638830048048,1.0,16,50
7,157,1.777136206626892,0.07152148336172104,1.6575769575253056,1.0,17,50
7,158,1.777136206626892,0.07152148336172104,1.678864720289141,1.0,18,50
7,159,1.777136206626892,0.07152148336172104,1.6604875220877011,1.0,19,50
7,160,1.777136206626892,0.07152148336172104,1.666461581293116,1.0,0,50
7,161,1.777136206626892,0.07152148336172104,1.6652110949918348,1.0,1,50
7,162,1.777136206626892,0.07152148336172104,1.6633125089618088,1.0,2,50
7,163,1.777136206626892,0.07152148336172104,1.639975553444412,1.0,3,50
7,164,1.777136206626892,0.07152148336172104,1.653967955038029,1.0,4,50
7,165,1.777136206626892,0.07152148336172104,1.6233183234724304,1.0,5,50
7,166,1.777136206626892,0.07152148336172104,1.626359443339478,1.0,6,50
7,167,1.777136206626892,0.07152148336172104,1.6224420733481313,1.0,7,50
7,168,1.777136206626892,0.07152148336172104,1.6106100119851896,1.0,8,50
7,169,1.777136206626892,0.07152148336172104,1.6126422058419057,1.0,9,50
7,170,1.777136206626892,0.07152148336172104,1.5904789408155577,1.0,10,50
7,171,1.777136206626892,0.07152148336172104,1.6164447160959912,1.0,11,50
7,172,1.777136206626892,0.07152148336172104,1.6364383398590368,1.0,12,50
7,173,1.777136206626892,0.07152148336172104,1.642747483380222,1.0,13,50
7,174,1.777136206626892,0.07152148336172104,1.6335936865410796,1.0,14,50
7,175,1.777136206626892,0.07152148336172104,1.645319034141916,1.0,15,50
7,176,1.777136206626892,0.07152148336172104,1.6579320564386792,1.0,16,50
7,177,1.777136206626892,0.07152148336172104,1.6578904619778252,1.0,17,50
7,178,1.777136206626892,0.07152148336172104,1.6259428409395693,1.0,18,50
7,179,1.777136206626892,0.07152148336172104,1.6354272225662045,1.0,19,50
7,180,1.777136206626892,0.07152148336172104,1.6442849484852877,1.0,0,50
7,181,1.777136206626892,0.07152148336172104,1.6514722701146187,1.0,1,50
7,182,1.777136206626892,0.07152148336172104,1.6402868273802376,1.0,2,50
7,183,1.777136206626892,0.07152148336172104,1.6236979820856412,1.0,3,50
7,184,1.777136206626892,0.07152148336172104,1.622558798569338,1.0,4,50
7,185,1.777136206626892,0.07152148336172104,1.6064740123118924,1.0,5,50
7,186,1.777136206626892,0.07152148336172104,1.6242465352545512,1.0,6,50
7,187,1.777136206626892,0.07152148336172104,1.61721335664764,1.0,7,50
7,188,1.777136206626892,0.07152148336172104,1.612324426203041,1.0,8,50
7,189,1.777136206626892,0.07152148336172104,1.6467337315380175,1.0,9,50
7,190,1.777136206626892,0.07152148336172104,1.6289296485519493,1.0,10,50
7,191,1.777136206626892,0.07152148336172104,1.6303957294058258,1.0,11,50
7,192,1.777136206626892,0.07152148336172104,1.654536608639951,1.0,12,50
7,193,1.777136206626892,0.07152148336172104,1.6326025715802464,1.0,13,50
7,194,1.777136206626892,0.07152148336172104,1.6342718741570927,1.0,14,50
7,195,1.777136206626892,0.07152148336172104,1.6157396477352333,1.0,15,50
7,196,1.777136206626892,0.07152148336172104,1.5960505785729393,1.0,16,50
7,197,1.777136206626892,0.07152148336172104,1.6195465702264962,1.0,17,50
7,198,1.777136206626892,0.07152148336172104,1.6232023850667652,1.0,18,50
7,199,1.777136206626892,0.07152148336172104,1.6229678516257042,1.0,19,50
7,200,1.777136206626892,0.07152148336172104,1.6645068555506863,1.0,0,50
7,201,1.777136206626892,0.07152148336172104,1.620498176361885,1.0,1,50
7,202,1.777136206626892,0.07152148336172104,1.6576968580210818,1.0,2,50
7,203,1.777136206626892,0.07152148336172104,1.6363027581499479,1.0,3,50
7,204,1.777136206626892,0.07152148336172104,1.6146089804671342,1.0,4,50
7,205,1.777136206626892,0.07152148336172104,1.6239115172978917,1.0,5,50
7,206,1.777136206626892,0.07152148336172104,1.5994099419411423,1.0,6,50
7,207,1.777136206626892,0.07152148336172104,1.6171724790178337,1.0,7,50
7,208,1.777136206626892,0.07152148336172104,1.5933813184253363,1.0,8,50
7,209,1.777136206626892,0.07152148336172104,1.5954067706423343,1.0,9,50
7,210,1.777136206626892,0.07152148336172104,1.5866933429808028,1.0,10,50
7,211,1.777136206626892,0.07152148336172104,1.5964382812515765,1.0,11,50
7,212,1.777136206626892,0.07152148336172104,1.5836249152821453,1.0,12,50
7,213,1.777136206626892,0.07152148336172104,1.5888068462595903,1.0,13,50
7,214,1.777136206626892,0.07152148336172104,1.576893074065825,1.0,14,50
7,215,1.777136206626892,0.07152148336172104,1.5760359812245919,1.0,15,50
7,216,1.777136206626892,0.07152148336172104,1.5930850140445365,1.0,16,50
7,217,1.777136206626892,0.07152148336172104,1.6041688347334406,1.0,17,50
7,218,1.777136206626892,0.07152148336172104,1.5939401182541448,1.0,18,50
7,219,1.777136206626892,0.07152148336172104,1.5838110019739327,1.0,19,50
7,220,1.777136206626892,0.07152148336172104,1.595186340783873,1.0,0,50
7,221,1.777136206626892,0.07152148336172104,1.6000499839261995,1.0,1,50
7,222,1.777136206626892,0.07152148336172104,1.600780783939731,1.0,2,50
7,223,1.777136206626892,0.07152148336172104,1.5780737897612633,1.0,3,50
7,224,1.777136206626892,0.07152148336172104,1.5713092663063977,1.0,4,50
7,225,1.777136206626892,0.07152148336172104,1.5444383804035429,1.0,5,50
7,226,1.777136206626892,0.07152148336172104,1.530165355081013,1.0,6,50
7,227,1.777136206626892,0.07152148336172104,1.5255122222988649,1.0,7,50
7,228,1.777136206626892,0.07152148336172104,1.5282814980298551,1.0,8,50
7,229,1.777136206626892,0.07152148336172104,1.52535681685502,1.0,9,50
7,230,1.777136206626892,0.07152148336172104,1.5331919134029202,1.0,10,50
7,231,1.777136206626892,0.07152148336172104,1.553890756049878,1.0,11,50
7,232,1.777136206626892,0.07152148336172104,1.5684778704533633,1.0,12,50
7,233,1.777136206626892,0.07152148336172104,1.5796129621289101,1.0,13,50
7,234,1.777136206626892,0.07152148336172104,1.560554924738667,1.0,14,50
7,235,1.777136206626892,0.07152148336172104,1.5233613563837445,1.0,15,50
7,236,1.777136206626892,0.07152148336172104,1.5261450129952323,1.0,16,50
7,237,1.777136206626892,0.07152148336172104,1.5217714816062629,1.0,17,50
7,238,1.777136206626892,0.07152148336172104,1.519955537475192,1.0,18,50
7,239,1.777136206626892,0.07152148336172104,1.5159292867660925,1.0,19,50
7,240,1.777136206626892,0.07152148336172104,1.5355010153398192,1.0,0,50
7,241,1.777136206626892,0.07152148336172104,1.5568139545832433,1.0,1,50
7,242,1.777136206626892,0.07152148336172104,1.5447192306826,1.0,2,50
7,243,1.777136206626892,0.07152148336172104,1.5209032786228145,1.0,3,50
7,244,1.777136206626892,0.07152148336172104,1.5207642127867427,1.0,4,50
7,245,1.777136206626892,0.07152148336172104,1.5261833209252318,1.0,5,50
7,246,1.777136206626892,0.07152148336172104,1.5201991021589516,1.0,6,50
7,247,1.777136206626892,0.07152148336172104,1.506259832782595,1.0,7,50
7,248,1.777136206626892,0.07152148336172104,1.4798327037145989,1.0,8,50
7,249,1.777136206626892,0.07152148336172104,1.4821561293520202,1.0,9,50
7,250,1.777136206626892,0.07152148336172104,1.480476418044084,1.0,10,50
88,1,1.9096932411193848,0.06560681760311127,1.7247864634711403,1.0,0,23
88,2,1.8719227313995361,0.07037526369094849,1.7248557305898056,1.0,0,47
88,3,1.8418033123016357,0.06888864189386368,1.698766893997639,1.0,0,50
88,4,1.8418033123016357,0.06888864189386368,1.7012297863674462,1.0,1,50
88,5,1.8418033123016357,0.06888864189386368,1.702587593153557,1.0,2,50
88,6,1.8177883625030518,0.04835813120007515,1.6744760995199652,1.0,0,50
88,7,1.8177883625030518,0.04835813120007515,1.6731096111727013,1.0,1,50
88,8,1.8177883625030518,0.04835813120007515,1.679446838827737,1.0,2,50
88,9,1.8177883625030518,0.04835813120007515,1.704770300813525,1.0,3,50
88,10,1.8177883625030518,0.04835813120007515,1.703406285434077,1.0,4,50
88,11,1.8177883625030518,0.04835813120007515,1.6943374123139832,1.0,5,50
88,12,1.8177883625030518,0.04835813120007515,1.6939155633846974,1.0,6,50
88,13,1.8177883625030518,0.04835813120007515,1.6892612962786895,1.0,7,50
88,14,1.8177883625030518,0.04835813120007515,1.6891659722353436,1.0,8,50
88,15,1.8177883625030518,0.04835813120007515,1.7087818735212505,1.0,9,50
88,16,1.8177883625030518,0.04835813120007515,1.700493113993475,1.0,10,50
88,17,1.8177883625030518,0.04835813120007515,1.705868988070101,1.0,11,50
88,18,1.8177883625030518,0.04835813120007515,1.6830876521597709,1.0,12,50
88,19,1.8177883625030518,0.04835813120007515,1.7020848739883991,1.0,13,50
88,20,1.8177883625030518,0.04835813120007515,1.6982202368080366,1.0,14,50
88,21,1.8177883625030518,0.04835813120007515,1.6989786338680568,1.0,15,50
88,22,1.8177883625030518,0.04835813120007515,1.697733136075005,1.0,16,50
88,23,1.8177883625030518,0.04835813120007515,1.6998355804709258,1.0,17,50
88,24,1.8177883625030518,0.04835813120007515,1.6937343808841254,1.0,18,50
88,25,1.8177883625030518,0.04835813120007515,1.6917110286547816,1.0,19,50
88,26,1.8177883625030518,0.04835813120007515,1.7146767403339354,1.0,0,50
88,27,1.7882553339004517,0.04742002859711647,1.6948445148673472,1.0,0,50
88,28,1.7882553339004517,0.04742002859711647,1.6735466157808507,1.0,1,50
88,29,1.7882553339004517,0.04742002859711647,1.6672936307165203,1.0,2,50
88,30,1.7882553339004517,0.04742002859711647,1.647371012690994,1.0,3,50
88,31,1.7882553339004517,0.04742002859711647,1.66598449293317,1.0,4,50
88,32,1.7882553339004517,0.04742002859711647,1.6985195937476663,1.0,5,50
88,33,1.7882553339004517,0.04742002859711647,1.6963392989919202,1.0,6,50
88,34,1.7882553339004517,0.04742002859711647,1.7226582257075147,1.0,7,50
88,35,1.7882553339004517,0.04742002859711647,1.6841036006611172,1.0,8,50
88,36,1.7882553339004517,0.04742002859711647,1.6832793764701584,1.0,9,50
88,37,1.7882553339004517,0.04742002859711647,1.6935967049654057,1.0,10,50
88,38,1.7882553339004517,0.04742002859711647,1.6991290527855547,1.0,11,50
88,39,1.7882553339004517,0.04742002859711647,1.6946457927326997,1.0,12,50
88,40,1.7882553339004517,0.04742002859711647,1.663019332887492,1.0,13,50
88,41,1.7882553339004517,0.04742002859711647,1.658441710974386,1.0,14,50
88,42,1.7882553339004517,0.04742002859711647,1.6621537240821012,1.0,15,50
88,43,1.7882553339004517,0.04742002859711647,1.6492090159796668,1.0,16,50
88,44,1.7882553339004517,0.04742002859711647,1.6703469706707303,1.0,17,50
88,45,1.7882553339004517,0.04742002859711647,1.6682838942228877,1.0,18,50
88,46,1.7882553339004517,0.04742002859711647,1.6812273457983198,1.0,19,50
88,47,1.7882553339004517,0.04742002859711647,1.687156958529307,1.0,0,50
88,48,1.7882553339004517,0.04742002859711647,1.6872585479685132,1.0,1,50
88,49,1.7882553339004517,0.04742002859711647,1.6634807879369784,1.0,2,50
88,50,1.7882553339004517,0.04742002859711647,1.6467406987256872,1.0,3,50
88,51,1.7882553339004517,0.04742002859711647,1.642964090079814,1.0,4,50
88,52,1.7882553339004517,0.04742002859711647,1.6599166987002345,1.0,5,50
88,53,1.7882553339004517,0.04742002859711647,1.630658593746528,1.0,6,50
88,54,1.7882553339004517,0.04742002859711647,1.6368207287984344,1.0,7,50
88,55,1.7882553339004517,0.04742002859711647,1.625161613863396,1.0,8,50
88,56,1.7882553339004517,0.04742002859711647,1.6338133584062524,1.0,9,50
88,57,1.7882553339004517,0.04742002859711647,1.6610296799164856,1.0,10,50
88,58,1.7882553339004517,0.04742002859711647,1.6576697986498028,1.0,11,50
88,59,1.7882553339004517,0.04742002859711647,1.669376494269123,1.0,12,50
88,60,1.7882553339004517,0.04742002859711647,1.6847333825092836,1.0,13,50
88,61,1.7882553339004517,0.04742002859711647,1.6943672012733102,1.0,14,50
88,62,1.7882553339004517,0.04742002859711647,1.6743428636586957,1.0,15,50
88,63,1.7882553339004517,0.04742002859711647,1.6918069086118317,1.0,16,50
88,64,1.7882553339004517,0.04742002859711647,1.7148275257054169,1.0,17,50
88,65,1.7882553339004517,0.04742002859711647,1.71706244976826,1.0,18,50
88,66,1.7882553339004517,0.04742002859711647,1.6888972303573253,1.0,19,50
88,67,1.7882553339004517,0.04742002859711647,1.7145077880702335,1.0,0,50
88,68,1.7882553339004517,0.04742002859711647,1.7144087612720766,1.0,1,50
88,69,1.7882553339004517,0.04742002859711647,1.7053727378049326,1.0,2,50
88,70,1.7882553339004517,0.04742002859711647,1.6983480151478387,1.0,3,50
88,71,1.7882553339004517,0.04742002859711647,1.6622324423522739,1.0,4,50
88,72,1.7882553339004517,0.04742002859711647,1.6510845635363471,1.0,5,50
88,73,1.7882553339004517,0.04742002859711647,1.6593539211255233,1.0,6,50
88,74,1.7882553339004517,0.04742002859711647,1.6674137502922974,1.0,7,50
88,75,1.7882553339004517,0.04742002859711647,1.6470263229214597,1.0,8,50
88,76,1.7882553339004517,0.04742002859711647,1.6627238944062896,1.0,9,50
88,77,1.7882553339004517,0.04742002859711647,1.6381952764768501,1.0,10,50
88,78,1.7882553339004517,0.04742002859711647,1.6432789879183325,1.0,11,50
88,79,1.7882553339004517,0.04742002859711647,1.6525499960224996,1.0,12,50
88,80,1.7882553339004517,0.04742002859711647,1.6333243708827907,1.0,13,50
88,81,1.7882553339004517,0.04742002859711647,1.6411527601853244,1.0,14,50
88,82,1.7882553339004517,0.04742002859711647,1.6520991220681043,1.0,15,50
88,83,1.7882553339004517,0.04742002859711647,1.6563531949964114,1.0,16,50
88,84,1.7882553339004517,0.04742002859711647,1.6596302309245063,1.0,17,50
88,85,1.7882553339004517,0.04742002859711647,1.6575494490154328,1.0,18,50
88,86,1.7882553339004517,0.04742002859711647,1.664186936262898,1.0,19,50
88,87,1.7882553339004517,0.04742002859711647,1.6945900236395146,1.0,0,50
88,88,1.7882553339004517,0.04742002859711647,1.6844473365257977,1.0,1,50
88,89,1.7882553339004517,0.04742002859711647,1.6950061443608089,1.0,2,50
88,90,1.7882553339004517,0.04742002859711647,1.6789954511976501,1.0,3,50
88,91,1.7882553339004517,0.04742002859711647,1.647763378798259,1.0,4,50
88,92,1.7882553339004517,0.04742002859711647,1.6458775259120495,1.0,5,50
88,93,1.7882553339004517,0.04742002859711647,1.6540374593072498,1.0,6,50
88,94,1.7882553339004517,0.04742002859711647,1.666561893090223,1.0,7,50
88,95,1.7882553339004517,0.04742002859711647,1.673335547842371,1.0,8,50
88,96,1.7882553339004517,0.04742002859711647,1.6977482847100982,1.0,9,50
88,97,1.7882553339004517,0.04742002859711647,1.640456403339254,1.0,10,50
88,98,1.7882553339004517,0.04742002859711647,1.642016130473869,1.0,11,50
88,99,1.7882553339004517,0.04742002859711647,1.6689774961795558,1.0,12,50
88,100,1.7882553339004517,0.04742002859711647,1.6564852989681966,1.0,13,50
88,101,1.7882553339004517,0.04742002859711647,1.6620079125657228,1.0,14,50
88,102,1.7882553339004517,0.04742002859711647,1.6570033591266573,1.0,15,50
88,103,1.7882553339004517,0.04742002859711647,1.6681213383244808,1.0,16,50
88,104,1.7882553339004517,0.04742002859711647,1.6640187608219115,1.0,17,50
88,105,1.7882553339004517,0.04742002859711647,1.659998829779575,1.0,18,50
88,106,1.7882553339004517,0.04742002859711647,1.6626577550690729,1.0,19,50
88,107,1.7882553339004517,0.04742002859711647,1.6604567546889029,1.0,0,50
88,108,1.7882553339004517,0.04742002859711647,1.646697653194524,1.0,1,50
88,109,1.7882553339004517,0.04742002859711647,1.6634475892349831,1.0,2,50
88,110,1.7882553339004517,0.04742002859711647,1.6900569277279551,1.0,3,50
88,111,1.7882553339004517,0.04742002859711647,1.6629584211581712,1.0,4,50
88,112,1.7882553339004517,0.04742002859711647,1.6551402665732604,1.0,5,50
88,113,1.7882553339004517,0.04742002859711647,1.652960851728848,1.0,6,50
88,114,1.7882553339004517,0.04742002859711647,1.6419079326832196,1.0,7,50
88,115,1.7882553339004517,0.04742002859711647,1.6260957466006318,1.0,8,50
88,116,1.7882553339004517,0.04742002859711647,1.6337750874791652,1.0,9,50
88,117,1.7882553339004517,0.04742002859711647,1.630955677085892,1.0,10,50
88,118,1.7882553339004517,0.04742002859711647,1.6294877840720956,1.0,11,50
88,119,1.7882553339004517,0.04742002859711647,1.6200176034245564,1.0,12,50
88,120,1.7882553339004517,0.04742002859711647,1.6061753542035677,1.0,13,50
88,121,1.7882553339004517,0.04742002859711647,1.6406967671731627,1.0,14,50
88,122,1.7882553339004517,0.04742002859711647,1.6199148322102117,1.0,15,50
88,123,1.7882553339004517,0.04742002859711647,1.6019816394876356,1.0,16,50
88,124,1.7882553339004517,0.04742002859711647,1.6324137586596708,1.0,17,50
88,125,1.7882553339004517,0.04742002859711647,1.6306370699529553,1.0,18,50
88,126,1.7882553339004517,0.04742002859711647,1.6273406778111197,1.0,19,50
88,127,1.7882553339004517,0.04742002859711647,1.6699201977992877,1.0,0,50
88,128,1.7882553339004517,0.04742002859711647,1.6581490701527424,1.0,1,50
88,129,1.7882553339004517,0.04742002859711647,1.6622756924141582,1.0,2,50
88,130,1.7882553339004517,0.04742002859711647,1.6633974381178023,1.0,3,50
88,131,1.7882553339004517,0.04742002859711647,1.664841289513856,1.0,4,50
88,132,1.7882553339004517,0.04742002859711647,1.6613664095003764,1.0,5,50
88,133,1.7882553339004517,0.04742002859711647,1.6419456384325883,1.0,6,50
88,134,1.7882553339004517,0.04742002859711647,1.6509602807171249,1.0,7,50
88,135,1.7882553339004517,0.04742002859711647,1.6619722645945738,1.0,8,50
88,136,1.7882553339004517,0.04742002859711647,1.6627222148766598,1.0,9,50
88,137,1.7882553339004517,0.04742002859711647,1.676472830273511,1.0,10,50
88,138,1.7882553339004517,0.04742002859711647,1.666107394286661,1.0,11,50
88,139,1.7882553339004517,0.04742002859711647,1.6447323400157614,1.0,12,50
88,140,1.7882553339004517,0.04742002859711647,1.6241357343386205,1.0,13,50
88,141,1.7882553339004517,0.04742002859711647,1.6342217186881227,1.0,14,50
88,142,1.7882553339004517,0.04742002859711647,1.634555238646691,1.0,15,50
88,143,1.7882553339004517,0.04742002859711647,1.6234360609070053,1.0,16,50
88,144,1.7882553339004517,0.04742002859711647,1.5999954096868247,1.0,17,50
88,145,1.7882553339004517,0.04742002859711647,1.583711996741011,1.0,18,50
88,146,1.7882553339004517,0.04742002859711647,1.5647403419725097,1.0,19,50
88,147,1.7882553339004517,0.04742002859711647,1.6138271325220603,1.0,0,50
88,148,1.7882553339004517,0.04742002859711647,1.621347339945165,1.0,1,50
88,149,1.7882553339004517,0.04742002859711647,1.6307198201932882,1.0,2,50
88,150,1.7882553339004517,0.04742002859711647,1.6136196946641044,1.0,3,50
88,151,1.7882553339004517,0.04742002859711647,1.5990159916114397,1.0,4,50
88,152,1.7882553339004517,0.04742002859711647,1.6252092335557031,1.0,5,50
88,153,1.7882553339004517,0.04742002859711647,1.6377602498164803,1.0,6,50
88,154,1.7882553339004517,0.04742002859711647,1.6292034363120966,1.0,7,50
88,155,1.7882553339004517,0.04742002859711647,1.6270375946880826,1.0,8,50
88,156,1.7882553339004517,0.04742002859711647,1.6136726403042847,1.0,9,50
88,157,1.7882553339004517,0.04742002859711647,1.598327823060132,1.0,10,50
88,158,1.7882553339004517,0.04742002859711647,1.6156912202403269,1.0,11,50
88,159,1.7882553339004517,0.04742002859711647,1.6076605276007119,1.0,12,50
88,160,1.7882553339004517,0.04742002859711647,1.6283630955272534,1.0,13,50
88,161,1.7882553339004517,0.04742002859711647,1.6301904864773316,1.0,14,50
88,162,1.7882553339004517,0.04742002859711647,1.6193499099308162,1.0,15,50
88,163,1.7882553339004517,0.04742002859711647,1.6199676904579503,1.0,16,50
88,164,1.7882553339004517,0.04742002859711647,1.612539151343507,1.0,17,50
88,165,1.7882553339004517,0.04742002859711647,1.6103787023119103,1.0,18,50
88,166,1.7882553339004517,0.04742002859711647,1.5971329967054413,1.0,19,50
88,167,1.7882553339004517,0.04742002859711647,1.6553872770222346,1.0,0,50
88,168,1.7882553339004517,0.04742002859711647,1.643026358678771,1.0,1,50
88,169,1.7882553339004517,0.04742002859711647,1.6270556981826592,1.0,2,50
88,170,1.7882553339004517,0.04742002859711647,1.6229503003762922,1.0,3,50
88,171,1.7882553339004517,0.04742002859711647,1.6030157745340892,1.0,4,50
88,172,1.7882553339004517,0.04742002859711647,1.6099586684291656,1.0,5,50
88,173,1.7882553339004517,0.04742002859711647,1.5972498438749765,1.0,6,50
88,174,1.7882553339004517,0.04742002859711647,1.5920895717906582,1.0,7,50
88,175,1.7882553339004517,0.04742002859711647,1.564149027944012,1.0,8,50
88,176,1.7882553339004517,0.04742002859711647,1.5616193948061354,1.0,9,50
88,177,1.7882553339004517,0.04742002859711647,1.5521192452724775,1.0,10,50
88,178,1.7882553339004517,0.04742002859711647,1.5591320078532611,1.0,11,50
88,179,1.7882553339004517,0.04742002859711647,1.5978394623149001,1.0,12,50
88,180,1.7882553339004517,0.04742002859711647,1.5990474073270184,1.0,13,50
88,181,1.7882553339004517,0.04742002859711647,1.6082598580109135,1.0,14,50
88,182,1.7882553339004517,0.04742002859711647,1.6140951188888017,1.0,15,50
88,183,1.7882553339004517,0.04742002859711647,1.6161688882542482,1.0,16,50
88,184,1.7882553339004517,0.04742002859711647,1.615895155122273,1.0,17,50
88,185,1.7882553339004517,0.04742002859711647,1.6234940150503765,1.0,18,50
88,186,1.7882553339004517,0.04742002859711647,1.6235749825960923,1.0,19,50
88,187,1.7882553339004517,0.04742002859711647,1.6274705490731114,1.0,0,50
88,188,1.7882553339004517,0.04742002859711647,1.6408227527101342,1.0,1,50
88,189,1.7882553339004517,0.04742002859711647,1.6196769567376343,1.0,2,50
88,190,1.7882553339004517,0.04742002859711647,1.6073316092954544,1.0,3,50
88,191,1.7882553339004517,0.04742002859711647,1.5978803107717894,1.0,4,50
88,192,1.7882553339004517,0.04742002859711647,1.5922997951334597,1.0,5,50
88,193,1.7882553339004517,0.04742002859711647,1.5617653064730304,1.0,6,50
88,194,1.7882553339004517,0.04742002859711647,1.5607638645204278,1.0,7,50
88,195,1.7882553339004517,0.04742002859711647,1.57897990894837,1.0,8,50
88,196,1.7882553339004517,0.04742002859711647,1.608840124741721,1.0,9,50
88,197,1.7882553339004517,0.04742002859711647,1.596131557203393,1.0,10,50
88,198,1.7882553339004517,0.04742002859711647,1.5866876634232474,1.0,11,50
88,199,1.7882553339004517,0.04742002859711647,1.6016071274219228,1.0,12,50
88,200,1.7882553339004517,0.04742002859711647,1.6090277943354823,1.0,13,50
88,201,1.7882553339004517,0.04742002859711647,1.6013853841062204,1.0,14,50
88,202,1.7882553339004517,0.04742002859711647,1.6170124960076415,1.0,15,50
88,203,1.7882553339004517,0.04742002859711647,1.618558080965952,1.0,16,50
88,204,1.7882553339004517,0.04742002859711647,1.6217446004961449,1.0,17,50
88,205,1.7882553339004517,0.04742002859711647,1.604820211436021,1.0,18,50
88,206,1.7882553339004517,0.04742002859711647,1.5966065861797922,1.0,19,50
88,207,1.7882553339004517,0.04742002859711647,1.6266958013835153,1.0,0,50
88,208,1.7882553339004517,0.04742002859711647,1.6025001280875033,1.0,1,50
88,209,1.7882553339004517,0.04742002859711647,1.5922303386747922,1.0,2,50
88,210,1.7882553339004517,0.04742002859711647,1.5829271461290504,1.0,3,50
88,211,1.7882553339004517,0.04742002859711647,1.5824055017978622,1.0,4,50
88,212,1.7882553339004517,0.04742002859711647,1.560810306240698,1.0,5,50
88,213,1.7882553339004517,0.04742002859711647,1.5774051758200587,1.0,6,50
88,214,1.7882553339004517,0.04742002859711647,1.5886847717032822,1.0,7,50
88,215,1.7882553339004517,0.04742002859711647,1.5639495887449193,1.0,8,50
88,216,1.7882553339004517,0.04742002859711647,1.562623788950275,1.0,9,50
88,217,1.7882553339004517,0.04742002859711647,1.5567617598233117,1.0,10,50
88,218,1.7882553339004517,0.04742002859711647,1.5407863859501474,1.0,11,50
88,219,1.7882553339004517,0.04742002859711647,1.5537899940374311,1.0,12,50
88,220,1.7882553339004517,0.04742002859711647,1.559829151942177,1.0,13,50
88,221,1.7882553339004517,0.04742002859711647,1.570574493227675,1.0,14,50
88,222,1.7882553339004517,0.04742002859711647,1.561385568477692,1.0,15,50
88,223,1.7882553339004517,0.04742002859711647,1.5412376151136014,1.0,16,50
88,224,1.7882553339004517,0.04742002859711647,1.5154388040675966,1.0,17,50
88,225,1.7882553339004517,0.04742002859711647,1.4734710586141282,1.0,18,50
88,226,1.7882553339004517,0.04742002859711647,1.476942544418354,1.0,19,50
88,227,1.7882553339004517,0.04742002859711647,1.522893590839073,1.0,0,50
88,228,1.7882553339004517,0.04742002859711647,1.513869736797409,1.0,1,50
88,229,1.7882553339004517,0.04742002859711647,1.5122001020903633,1.0,2,50
88,230,1.7882553339004517,0.04742002859711647,1.499540638879187,1.0,3,50
88,231,1.7882553339004517,0.04742002859711647,1.4900959097503292,1.0,4,50
88,232,1.7882553339004517,0.04742002859711647,1.5010282344770192,1.0,5,50
88,233,1.7882553339004517,0.04742002859711647,1.5224617763264394,1.0,6,50
88,234,1.7882553339004517,0.04742002859711647,1.5343336720102503,1.0,7,50
88,235,1.7882553339004517,0.04742002859711647,1.5417217873679638,1.0,8,50
88,236,1.7882553339004517,0.04742002859711647,1.5455450473245291,1.0,9,50
88,237,1.7882553339004517,0.04742002859711647,1.5174831101280222,1.0,10,50
88,238,1.7882553339004517,0.04742002859711647,1.4963172855036946,1.0,11,50
88,239,1.7882553339004517,0.04742002859711647,1.5016179095731146,1.0,12,50
88,240,1.7882553339004517,0.04742002859711647,1.4919307944144915,1.0,13,50
88,241,1.7882553339004517,0.04742002859711647,1.4791684133564973,1.0,14,50
88,242,1.7882553339004517,0.04742002859711647,1.5033744749037055,1.0,15,50
88,243,1.7882553339004517,0.04742002859711647,1.49264358426834,1.0,16,50
88,244,1.7882553339004517,0.04742002859711647,1.4602023721949822,1.0,17,50
88,245,1.7882553339004517,0.04742002859711647,1.4280388841386835,1.0,18,50
88,246,1.7882553339004517,0.04742002859711647,1.41883372529855,1.0,19,50
88,247,1.7882553339004517,0.04742002859711647,1.4659036952728177,1.0,0,50
88,248,1.7882553339004517,0.04742002859711647,1.4417022403764177,1.0,1,50
88,249,1.7882553339004517,0.04742002859711647,1.4677354266566929,1.0,2,50
88,250,1.7882553339004517,0.04742002859711647,1.4685695237932495,1.0,3,50
314,1,1.794455885887146,0.07945208251476288,1.736347910378991,1.0,1,23
314,2,1.794455885887146,0.07945208251476288,1.7437080727008523,1.0,2,46
314,3,1.794455885887146,0.07945208251476288,1.7301316381340597,1.0,3,50
314,4,1.794455885887146,0.07945208251476288,1.7416670693869154,1.0,4,50
314,5,1.794455885887146,0.07945208251476288,1.7090975308417982,1.0,5,50
314,6,1.794455885887146,0.07945208251476288,1.721020686014878,1.0,6,50
314,7,1.794455885887146,0.07945208251476288,1.7251866347298077,1.0,7,50
314,8,1.794455885887146,0.07945208251476288,1.726582919749695,1.0,8,50
314,9,1.794455885887146,0.07945208251476288,1.7143967459602487,1.0,9,50
314,10,1.794455885887146,0.07945208251476288,1.6983548530488868,1.0,10,50
314,11,1.794455885887146,0.07945208251476288,1.7092889513919363,1.0,11,50
314,12,1.794455885887146,0.07945208251476288,1.7378739960834244,1.0,12,50
314,13,1.794455885887146,0.07945208251476288,1.7461662090948054,1.0,13,50
314,14,1.794455885887146,0.07945208251476288,1.7562894691558826,1.0,14,50
314,15,1.794455885887146,0.07945208251476288,1.7328437095432736,1.0,15,50
314,16,1.794455885887146,0.07945208251476288,1.7367352145751231,1.0,16,50
314,17,1.794455885887146,0.07945208251476288,1.745266185978604,1.0,17,50
314,18,1.794455885887146,0.07945208251476288,1.7351933930673755,1.0,18,50
314,19,1.794455885887146,0.07945208251476288,1.7401263693181204,1.0,19,50
314,20,1.794455885887146,0.07945208251476288,1.7470374327934977,1.0,0,50
314,21,1.794455885887146,0.07945208251476288,1.7255840103908957,1.0,1,50
314,22,1.794455885887146,0.07945208251476288,1.7227905699506607,1.0,2,50
314,23,1.794455885887146,0.07945208251476288,1.7028751047680541,1.0,3,50
314,24,1.794455885887146,0.07945208251476288,1.703914347127756,1.0,4,50
314,25,1.794455885887146,0.07945208251476288,1.7111540041310578,1.0,5,50
314,26,1.794455885887146,0.07945208251476288,1.720266108453948,1.0,6,50
314,27,1.794455885887146,0.07945208251476288,1.725678446717522,1.0,7,50
314,28,1.794455885887146,0.07945208251476288,1.7273310477676471,1.0,8,50
314,29,1.794455885887146,0.07945208251476288,1.7143682338318718,1.0,9,50
314,30,1.794455885887146,0.07945208251476288,1.7185434194702933,1.0,10,50
314,31,1.794455885887146,0.07945208251476288,1.7317910018195575,1.0,11,50
314,32,1.794455885887146,0.07945208251476288,1.7187985630301543,1.0,12,50
314,33,1.794455885887146,0.07945208251476288,1.7200248351694643,1.0,13,50
314,34,1.794455885887146,0.07945208251476288,1.731451524665178,1.0,14,50
314,35,1.794455885887146,0.07945208251476288,1.7035847199660907,1.0,15,50
314,36,1.794455885887146,0.07945208251476288,1.717816979344153,1.0,16,50
314,37,1.794455885887146,0.07945208251476288,1.72383290269366,1.0,17,50
314,38,1.794455885887146,0.07945208251476288,1.720627740526892,1.0,18,50
314,39,1.794455885887146,0.07945208251476288,1.696456784432674,1.0,19,50
314,40,1.794455885887146,0.07945208251476288,1.7288027422258432,1.0,0,50
314,41,1.794455885887146,0.07945208251476288,1.7070278423049543,1.0,1,50
314,42,1.794455885887146,0.07945208251476288,1.7060886535749709,1.0,2,50
314,43,1.794455885887146,0.07945208251476288,1.7069367386484247,1.0,3,50
314,44,1.794455885887146,0.07945208251476288,1.7158451169109985,1.0,4,50
314,45,1.794455885887146,0.07945208251476288,1.721118798816623,1.0,5,50
314,46,1.794455885887146,0.07945208251476288,1.7037890915035574,1.0,6,50
314,47,1.794455885887146,0.07945208251476288,1.712082721953378,1.0,7,50
314,48,1.794455885887146,0.07945208251476288,1.7073424031591118,1.0,8,50
314,49,1.794455885887146,0.07945208251476288,1.6902620080323651,1.0,9,50
314,50,1.794455885887146,0.07945208251476288,1.7006481952565453,1.0,10,50
314,51,1.794455885887146,0.07945208251476288,1.7355059248535094,1.0,11,50
314,52,1.794455885887146,0.07945208251476288,1.751870809067007,1.0,12,50
314,53,1.794455885887146,0.07945208251476288,1.7707229963752624,1.0,13,50
314,54,1.794455885887146,0.07945208251476288,1.739653465062465,1.0,14,50
314,55,1.794455885887146,0.07945208251476288,1.7486128846358078,1.0,15,50
314,56,1.794455885887146,0.07945208251476288,1.7621244512028427,1.0,16,50
314,57,1.794455885887146,0.07945208251476288,1.7187808061501053,1.0,17,50
314,58,1.794455885887146,0.07945208251476288,1.7155775712012145,1.0,18,50
314,59,1.794455885887146,0.07945208251476288,1.7357201917192513,1.0,19,50
314,60,1.794455885887146,0.07945208251476288,1.7332585977279031,1.0,0,50
314,61,1.794455885887146,0.07945208251476288,1.7073385533285552,1.0,1,50
314,62,1.794455885887146,0.07945208251476288,1.699738879164515,1.0,2,50
314,63,1.794455885887146,0.07945208251476288,1.6998413879093492,1.0,3,50
314,64,1.794455885887146,0.07945208251476288,1.7126443419613346,1.0,4,50
314,65,1.794455885887146,0.07945208251476288,1.717774084572186,1.0,5,50
314,66,1.794455885887146,0.07945208251476288,1.715814389162017,1.0,6,50
314,67,1.794455885887146,0.07945208251476288,1.694728090379697,1.0,7,50
314,68,1.794455885887146,0.07945208251476288,1.712135352791208,1.0,8,50
314,69,1.794455885887146,0.07945208251476288,1.7408620553585092,1.0,9,50
314,70,1.794455885887146,0.07945208251476288,1.7095869483361068,1.0,10,50
314,71,1.794455885887146,0.07945208251476288,1.71401727315343,1.0,11,50
314,72,1.794455885887146,0.07945208251476288,1.7072278414036015,1.0,12,50
314,73,1.794455885887146,0.07945208251476288,1.6926438852192205,1.0,13,50
314,74,1.794455885887146,0.07945208251476288,1.6923738381736935,1.0,14,50
314,75,1.794455885887146,0.07945208251476288,1.694740081694484,1.0,15,50
314,76,1.794455885887146,0.07945208251476288,1.7092045938278364,1.0,16,50
314,77,1.794455885887146,0.07945208251476288,1.7135953865985027,1.0,17,50
314,78,1.794455885887146,0.07945208251476288,1.743211800184347,1.0,18,50
314,79,1.794455885887146,0.07945208251476288,1.746984960180459,1.0,19,50
314,80,1.794455885887146,0.07945208251476288,1.751878760171333,1.0,0,50
314,81,1.794455885887146,0.07945208251476288,1.743151449577831,1.0,1,50
314,82,1.794455885887146,0.07945208251476288,1.6902098772490113,1.0,2,50
314,83,1.794455885887146,0.07945208251476288,1.679996482812304,1.0,3,50
314,84,1.794455885887146,0.07945208251476288,1.7029987517824923,1.0,4,50
314,85,1.794455885887146,0.07945208251476288,1.7110485631236807,1.0,5,50
314,86,1.794455885887146,0.07945208251476288,1.707754278399429,1.0,6,50
314,87,1.794455885887146,0.07945208251476288,1.7229466926873367,1.0,7,50
314,88,1.794455885887146,0.07945208251476288,1.7084335664642187,1.0,8,50
314,89,1.794455885887146,0.07945208251476288,1.7025004465103886,1.0,9,50
314,90,1.794455885887146,0.07945208251476288,1.7093085987992633,1.0,10,50
314,91,1.794455885887146,0.07945208251476288,1.7010806180055371,1.0,11,50
314,92,1.794455885887146,0.07945208251476288,1.704393898001955,1.0,12,50
314,93,1.794455885887146,0.07945208251476288,1.7014312948604808,1.0,13,50
314,94,1.794455885887146,0.07945208251476288,1.6878507339158986,1.0,14,50
314,95,1.794455885887146,0.07945208251476288,1.710946539159948,1.0,15,50
314,96,1.794455885887146,0.07945208251476288,1.7154519036725346,1.0,16,50
314,97,1.794455885887146,0.07945208251476288,1.7239936523160293,1.0,17,50
314,98,1.794455885887146,0.07945208251476288,1.724901755094873,1.0,18,50
314,99,1.794455885887146,0.07945208251476288,1.71300513435777,1.0,19,50
314,100,1.794455885887146,0.07945208251476288,1.7288325159398152,1.0,0,50
314,101,1.794455885887146,0.07945208251476288,1.7176837946498298,1.0,1,50
314,102,1.794455885887146,0.07945208251476288,1.7186242796191193,1.0,2,50
314,103,1.794455885887146,0.07945208251476288,1.70792787306012,1.0,3,50
314,104,1.794455885887146,0.07945208251476288,1.6846153278984735,1.0,4,50
314,105,1.794455885887146,0.07945208251476288,1.6965360204863684,1.0,5,50
314,106,1.794455885887146,0.07945208251476288,1.7085145616388242,1.0,6,50
314,107,1.794455885887146,0.07945208251476288,1.710420918996516,1.0,7,50
314,108,1.794455885887146,0.07945208251476288,1.7251285297436985,1.0,8,50
314,109,1.794455885887146,0.07945208251476288,1.6917639558985944,1.0,9,50
314,110,1.794455885887146,0.07945208251476288,1.7001148043287502,1.0,10,50
314,111,1.794455885887146,0.07945208251476288,1.6994212725591344,1.0,11,50
314,112,1.794455885887146,0.07945208251476288,1.679188599587854,1.0,12,50
314,113,1.794455885887146,0.07945208251476288,1.7036076650502767,1.0,13,50
314,114,1.794455885887146,0.07945208251476288,1.7085969989743033,1.0,14,50
314,115,1.794455885887146,0.07945208251476288,1.6872332136192354,1.0,15,50
314,116,1.794455885887146,0.07945208251476288,1.6902426102933872,1.0,16,50
314,117,1.794455885887146,0.07945208251476288,1.7020398616549517,1.0,17,50
314,118,1.794455885887146,0.07945208251476288,1.688838624330464,1.0,18,50
314,119,1.794455885887146,0.07945208251476288,1.6855860583838678,1.0,19,50
314,120,1.794455885887146,0.07945208251476288,1.6679087300680513,1.0,0,50
314,121,1.794455885887146,0.07945208251476288,1.6773448729536111,1.0,1,50
314,122,1.794455885887146,0.07945208251476288,1.6785513444092621,1.0,2,50
314,123,1.794455885887146,0.07945208251476288,1.6803303556380818,1.0,3,50
314,124,1.794455885887146,0.07945208251476288,1.6979834084582763,1.0,4,50
314,125,1.794455885887146,0.07945208251476288,1.7080823757378194,1.0,5,50
314,126,1.794455885887146,0.07945208251476288,1.680249059888813,1.0,6,50
314,127,1.794455885887146,0.07945208251476288,1.6789797014747379,1.0,7,50
314,128,1.794455885887146,0.07945208251476288,1.6642777507798963,1.0,8,50
314,129,1.794455885887146,0.07945208251476288,1.6598534629337538,1.0,9,50
314,130,1.794455885887146,0.07945208251476288,1.6320095235665122,1.0,10,50
314,131,1.794455885887146,0.07945208251476288,1.6665833052590089,1.0,11,50
314,132,1.794455885887146,0.07945208251476288,1.662907870133165,1.0,12,50
314,133,1.794455885887146,0.07945208251476288,1.677396068098241,1.0,13,50
314,134,1.794455885887146,0.07945208251476288,1.6703748451600295,1.0,14,50
314,135,1.794455885887146,0.07945208251476288,1.6417099367394472,1.0,15,50
314,136,1.794455885887146,0.07945208251476288,1.6266475784376886,1.0,16,50
314,137,1.794455885887146,0.07945208251476288,1.6346681622552595,1.0,17,50
314,138,1.794455885887146,0.07945208251476288,1.6344982581642438,1.0,18,50
314,139,1.794455885887146,0.07945208251476288,1.6405451251864118,1.0,19,50
314,140,1.794455885887146,0.07945208251476288,1.6610186911709133,1.0,0,50
314,141,1.794455885887146,0.07945208251476288,1.6760729289683114,1.0,1,50
314,142,1.794455885887146,0.07945208251476288,1.6802889728232575,1.0,2,50
314,143,1.794455885887146,0.07945208251476288,1.6590840698094982,1.0,3,50
314,144,1.794455885887146,0.07945208251476288,1.6746165157650035,1.0,4,50
314,145,1.794455885887146,0.07945208251476288,1.6820332289576785,1.0,5,50
314,146,1.794455885887146,0.07945208251476288,1.6690768067760486,1.0,6,50
314,147,1.794455885887146,0.07945208251476288,1.7007490271785433,1.0,7,50
314,148,1.794455885887146,0.07945208251476288,1.6820797519751942,1.0,8,50
314,149,1.794455885887146,0.07945208251476288,1.6782954336288,1.0,9,50
314,150,1.794455885887146,0.07945208251476288,1.6821291732556027,1.0,10,50
314,151,1.794455885887146,0.07945208251476288,1.6957338708692204,1.0,11,50
314,152,1.794455885887146,0.07945208251476288,1.7186120271584115,1.0,12,50
314,153,1.794455885887146,0.07945208251476288,1.7033370986713354,1.0,13,50
314,154,1.794455885887146,0.07945208251476288,1.6987512965215592,1.0,14,50
314,155,1.794455885887146,0.07945208251476288,1.6937892598767021,1.0,15,50
314,156,1.794455885887146,0.07945208251476288,1.690656832100836,1.0,16,50
314,157,1.794455885887146,0.07945208251476288,1.6663122823343481,1.0,17,50
314,158,1.794455885887146,0.07945208251476288,1.7058146586231286,1.0,18,50
314,159,1.794455885887146,0.07945208251476288,1.715663537850397,1.0,19,50
314,160,1.794455885887146,0.07945208251476288,1.702925643493647,1.0,0,50
314,161,1.794455885887146,0.07945208251476288,1.6558726414754947,1.0,1,50
314,162,1.794455885887146,0.07945208251476288,1.6416082504922462,1.0,2,50
314,163,1.794455885887146,0.07945208251476288,1.657439450160637,1.0,3,50
314,164,1.794455885887146,0.07945208251476288,1.6784097763136288,1.0,4,50
314,165,1.794455885887146,0.07945208251476288,1.6857259226082353,1.0,5,50
314,166,1.794455885887146,0.07945208251476288,1.6637964579810327,1.0,6,50
314,167,1.794455885887146,0.07945208251476288,1.653804061305592,1.0,7,50
314,168,1.794455885887146,0.07945208251476288,1.6337769805924038,1.0,8,50
314,169,1.794455885887146,0.07945208251476288,1.6207721824906307,1.0,9,50
314,170,1.794455885887146,0.07945208251476288,1.6104407558090164,1.0,10,50
314,171,1.794455885887146,0.07945208251476288,1.5923944705386248,1.0,11,50
314,172,1.794455885887146,0.07945208251476288,1.6142268130790267,1.0,12,50
314,173,1.794455885887146,0.07945208251476288,1.62573229975581,1.0,13,50
314,174,1.794455885887146,0.07945208251476288,1.6335308767809518,1.0,14,50
314,175,1.794455885887146,0.07945208251476288,1.643879932534387,1.0,15,50
314,176,1.794455885887146,0.07945208251476288,1.6365083273994356,1.0,16,50
314,177,1.794455885887146,0.07945208251476288,1.6380814226246643,1.0,17,50
314,178,1.794455885887146,0.07945208251476288,1.636878016924201,1.0,18,50
314,179,1.794455885887146,0.07945208251476288,1.6096735241329372,1.0,19,50
314,180,1.794455885887146,0.07945208251476288,1.6661948209607034,1.0,0,50
314,181,1.794455885887146,0.07945208251476288,1.667871937154517,1.0,1,50
314,182,1.794455885887146,0.07945208251476288,1.6621795045087362,1.0,2,50
314,183,1.794455885887146,0.07945208251476288,1.6492340021137704,1.0,3,50
314,184,1.794455885887146,0.07945208251476288,1.6339226818863775,1.0,4,50
314,185,1.794455885887146,0.07945208251476288,1.6501455964156524,1.0,5,50
314,186,1.794455885887146,0.07945208251476288,1.6470372588726738,1.0,6,50
314,187,1.794455885887146,0.07945208251476288,1.6432308533046243,1.0,7,50
314,188,1.794455885887146,0.07945208251476288,1.6500706353676406,1.0,8,50
314,189,1.794455885887146,0.07945208251476288,1.6613928798291164,1.0,9,50
314,190,1.794455885887146,0.07945208251476288,1.6230685499307145,1.0,10,50
314,191,1.794455885887146,0.07945208251476288,1.6194975930128177,1.0,11,50
314,192,1.794455885887146,0.07945208251476288,1.6532362985043514,1.0,12,50
314,193,1.794455885887146,0.07945208251476288,1.660114164305934,1.0,13,50
314,194,1.794455885887146,0.07945208251476288,1.6422453930487242,1.0,14,50
314,195,1.794455885887146,0.07945208251476288,1.6196726179837628,1.0,15,50
314,196,1.794455885887146,0.07945208251476288,1.614385354812512,1.0,16,50
314,197,1.794455885887146,0.07945208251476288,1.6212590399648197,1.0,17,50
314,198,1.794455885887146,0.07945208251476288,1.5986574370271773,1.0,18,50
314,199,1.794455885887146,0.07945208251476288,1.5791097325244303,1.0,19,50
314,200,1.794455885887146,0.07945208251476288,1.6368613138639432,1.0,0,50
314,201,1.794455885887146,0.07945208251476288,1.6263152094200022,1.0,1,50
314,202,1.794455885887146,0.07945208251476288,1.6095116143932142,1.0,2,50
314,203,1.794455885887146,0.07945208251476288,1.6016975515544296,1.0,3,50
314,204,1.794455885887146,0.07945208251476288,1.614770446343012,1.0,4,50
314,205,1.794455885887146,0.07945208251476288,1.5891642246196624,1.0,5,50
314,206,1.794455885887146,0.07945208251476288,1.587360347147352,1.0,6,50
314,207,1.794455885887146,0.07945208251476288,1.584722334604511,1.0,7,50
314,208,1.794455885887146,0.07945208251476288,1.5804858715793488,1.0,8,50
314,209,1.794455885887146,0.07945208251476288,1.568090839711102,1.0,9,50
314,210,1.794455885887146,0.07945208251476288,1.552696024538721,1.0,10,50
314,211,1.794455885887146,0.07945208251476288,1.548810419235516,1.0,11,50
314,212,1.794455885887146,0.07945208251476288,1.5600517214714757,1.0,12,50
314,213,1.794455885887146,0.07945208251476288,1.5695046503325067,1.0,13,50
314,214,1.794455885887146,0.07945208251476288,1.5700913688766667,1.0,14,50
314,215,1.794455885887146,0.07945208251476288,1.552884218121234,1.0,15,50
314,216,1.794455885887146,0.07945208251476288,1.5489986656270227,1.0,16,50
314,217,1.794455885887146,0.07945208251476288,1.5295459567988916,1.0,17,50
314,218,1.794455885887146,0.07945208251476288,1.5501645531410206,1.0,18,50
314,219,1.794455885887146,0.07945208251476288,1.539084351798632,1.0,19,50
314,220,1.794455885887146,0.07945208251476288,1.575146718352032,1.0,0,50
314,221,1.794455885887146,0.07945208251476288,1.561922617865063,1.0,1,50
314,222,1.794455885887146,0.07945208251476288,1.569778017305953,1.0,2,50
314,223,1.794455885887146,0.07945208251476288,1.5820028745606054,1.0,3,50
314,224,1.794455885887146,0.07945208251476288,1.5777221133909263,1.0,4,50
314,225,1.794455885887146,0.07945208251476288,1.5431997775956228,1.0,5,50
314,226,1.794455885887146,0.07945208251476288,1.5611142657080355,1.0,6,50
314,227,1.794455885887146,0.07945208251476288,1.5338685487486932,1.0,7,50
314,228,1.794455885887146,0.07945208251476288,1.5062752007284823,1.0,8,50
314,229,1.794455885887146,0.07945208251476288,1.4933562706639232,1.0,9,50
314,230,1.794455885887146,0.07945208251476288,1.4835471062199665,1.0,10,50
314,231,1.794455885887146,0.07945208251476288,1.4931630179148647,1.0,11,50
314,232,1.794455885887146,0.07945208251476288,1.5012064822351656,1.0,12,50
314,233,1.794455885887146,0.07945208251476288,1.4757755131989079,1.0,13,50
314,234,1.794455885887146,0.07945208251476288,1.48502470342447,1.0,14,50
314,235,1.794455885887146,0.07945208251476288,1.5037446876422653,1.0,15,50
314,236,1.794455885887146,0.07945208251476288,1.5100442608287643,1.0,16,50
314,237,1.794455885887146,0.07945208251476288,1.520287915031547,1.0,17,50
314,238,1.794455885887146,0.07945208251476288,1.515067248859681,1.0,18,50
314,239,1.794455885887146,0.07945208251476288,1.493381721768937,1.0,19,50
314,240,1.794455885887146,0.07945208251476288,1.5423369053290104,1.0,0,50
314,241,1.794455885887146,0.07945208251476288,1.5214662379584196,1.0,1,50
314,242,1.794455885887146,0.07945208251476288,1.5348019978973595,1.0,2,50
314,243,1.794455885887146,0.07945208251476288,1.5377320816158935,1.0,3,50
314,244,1.794455885887146,0.07945208251476288,1.531793043494684,1.0,4,50
314,245,1.794455885887146,0.07945208251476288,1.5130941605669284,1.0,5,50
314,246,1.794455885887146,0.07945208251476288,1.4950137409219528,1.0,6,50
314,247,1.794455885887146,0.07945208251476288,1.5513144864167585,1.0,7,50
314,248,1.794455885887146,0.07945208251476288,1.5398043486322721,1.0,8,50
314,249,1.794455885887146,0.07945208251476288,1.5008098245074828,1.0,9,50
314,250,1.794455885887146,0.07945208251476288,1.4826158495793909,1.0,10,50
1618,1,1.9390368461608887,0.048913583159446716,1.755330173318954,1.0,1,23
1618,2,1.8666958808898926,0.06495518237352371,1.7264585244319757,1.0,0,47
1618,3,1.8666958808898926,0.06495518237352371,1.7264439011911636,1.0,1,50
1618,4,1.803310751914978,0.05196965113282204,1.7484381342402622,1.0,0,50
1618,5,1.803310751914978,0.05196965113282204,1.7164364895287192,1.0,1,50
1618,6,1.803310751914978,0.05196965113282204,1.7376478461850549,1.0,2,50
1618,7,1.803310751914978,0.05196965113282204,1.736423202214035,1.0,3,50
1618,8,1.803310751914978,0.05196965113282204,1.7260698604258897,1.0,4,50
1618,9,1.803310751914978,0.05196965113282204,1.7553026921625494,1.0,5,50
1618,10,1.803310751914978,0.05196965113282204,1.7322286293561988,1.0,6,50
1618,11,1.803310751914978,0.05196965113282204,1.7368693921462974,1.0,7,50
1618,12,1.803310751914978,0.05196965113282204,1.7397399593859098,1.0,8,50
1618,13,1.803310751914978,0.05196965113282204,1.7507966955518295,1.0,9,50
1618,14,1.800966501235962,0.07007405906915665,1.733382960070298,1.0,0,50
1618,15,1.800966501235962,0.07007405906915665,1.7218039886196517,1.0,1,50
1618,16,1.800966501235962,0.07007405906915665,1.7176953515916924,1.0,2,50
1618,17,1.800966501235962,0.07007405906915665,1.7171429947558585,1.0,3,50
1618,18,1.800966501235962,0.07007405906915665,1.7128702577492532,1.0,4,50
1618,19,1.800966501235962,0.07007405906915665,1.724252293033575,1.0,5,50
1618,20,1.800966501235962,0.07007405906915665,1.7130410941258092,1.0,6,50
1618,21,1.800966501235962,0.07007405906915665,1.706723016534012,1.0,7,50
1618,22,1.800966501235962,0.07007405906915665,1.6975043599831223,1.0,8,50
1618,23,1.800966501235962,0.07007405906915665,1.7126446625983003,1.0,9,50
1618,24,1.800966501235962,0.07007405906915665,1.7232377362698459,1.0,10,50
1618,25,1.800966501235962,0.07007405906915665,1.6927148230159446,1.0,11,50
1618,26,1.800966501235962,0.07007405906915665,1.6998665511276743,1.0,12,50
1618,27,1.800966501235962,0.07007405906915665,1.6871046797810878,1.0,13,50
1618,28,1.800966501235962,0.07007405906915665,1.684485758332368,1.0,14,50
1618,29,1.800966501235962,0.07007405906915665,1.7037767999806754,1.0,15,50
1618,30,1.800966501235962,0.07007405906915665,1.7053209699191734,1.0,16,50
1618,31,1.800966501235962,0.07007405906915665,1.7193724402355302,1.0,17,50
1618,32,1.800966501235962,0.07007405906915665,1.700334965201865,1.0,18,50
1618,33,1.800966501235962,0.07007405906915665,1.708767770527079,1.0,19,50
1618,34,1.800966501235962,0.07007405906915665,1.72704923620346,1.0,0,50
1618,35,1.800966501235962,0.07007405906915665,1.712676243941685,1.0,1,50
1618,36,1.800966501235962,0.07007405906915665,1.694314347103728,1.0,2,50
1618,37,1.800966501235962,0.07007405906915665,1.7050265639139928,1.0,3,50
1618,38,1.800966501235962,0.07007405906915665,1.6907505166482384,1.0,4,50
1618,39,1.800966501235962,0.07007405906915665,1.692794999530551,1.0,5,50
1618,40,1.800966501235962,0.07007405906915665,1.6848770769519612,1.0,6,50
1618,41,1.800966501235962,0.07007405906915665,1.688029315041623,1.0,7,50
1618,42,1.800966501235962,0.07007405906915665,1.7218396009964998,1.0,8,50
1618,43,1.800966501235962,0.07007405906915665,1.7053907850052936,1.0,9,50
1618,44,1.800966501235962,0.07007405906915665,1.6986032135915587,1.0,10,50
1618,45,1.800966501235962,0.07007405906915665,1.7243251215097668,1.0,11,50
1618,46,1.800966501235962,0.07007405906915665,1.692476606403816,1.0,12,50
1618,47,1.800966501235962,0.07007405906915665,1.6911569050923654,1.0,13,50
1618,48,1.800966501235962,0.07007405906915665,1.7223030164121462,1.0,14,50
1618,49,1.800966501235962,0.07007405906915665,1.7256612166704348,1.0,15,50
1618,50,1.800966501235962,0.07007405906915665,1.7102013677160266,1.0,16,50
1618,51,1.800966501235962,0.07007405906915665,1.7036580580117775,1.0,17,50
1618,52,1.800966501235962,0.07007405906915665,1.7053614775735924,1.0,18,50
1618,53,1.800966501235962,0.07007405906915665,1.6916053159733884,1.0,19,50
1618,54,1.800966501235962,0.07007405906915665,1.7242420582748728,1.0,0,50
1618,55,1.800966501235962,0.07007405906915665,1.7145136693583802,1.0,1,50
1618,56,1.800966501235962,0.07007405906915665,1.7186602884822484,1.0,2,50
1618,57,1.800966501235962,0.07007405906915665,1.7485937742775148,1.0,3,50
1618,58,1.800966501235962,0.07007405906915665,1.7475591895393254,1.0,4,50
1618,59,1.800966501235962,0.07007405906915665,1.7107433478651268,1.0,5,50
1618,60,1.800966501235962,0.07007405906915665,1.7136086046943675,1.0,6,50
1618,61,1.800966501235962,0.07007405906915665,1.714583895808234,1.0,7,50
1618,62,1.800966501235962,0.07007405906915665,1.6987820133567502,1.0,8,50
1618,63,1.800966501235962,0.07007405906915665,1.70149471591317,1.0,9,50
1618,64,1.800966501235962,0.07007405906915665,1.7123808182439535,1.0,10,50
1618,65,1.800966501235962,0.07007405906915665,1.698770424841677,1.0,11,50
1618,66,1.800966501235962,0.07007405906915665,1.6925883348716195,1.0,12,50
1618,67,1.800966501235962,0.07007405906915665,1.681957696611985,1.0,13,50
1618,68,1.800966501235962,0.07007405906915665,1.6773234579952132,1.0,14,50
1618,69,1.800966501235962,0.07007405906915665,1.7085564116077883,1.0,15,50
1618,70,1.800966501235962,0.07007405906915665,1.7119940887266107,1.0,16,50
1618,71,1.800966501235962,0.07007405906915665,1.706585846196589,1.0,17,50
1618,72,1.800966501235962,0.07007405906915665,1.6994479901465394,1.0,18,50
1618,73,1.800966501235962,0.07007405906915665,1.6814548205828526,1.0,19,50
1618,74,1.800966501235962,0.07007405906915665,1.7025454692616109,1.0,0,50
1618,75,1.800966501235962,0.07007405906915665,1.6814583857490903,1.0,1,50
1618,76,1.800966501235962,0.07007405906915665,1.6750360169827623,1.0,2,50
1618,77,1.800966501235962,0.07007405906915665,1.655771588697212,1.0,3,50
1618,78,1.800966501235962,0.07007405906915665,1.681372648699996,1.0,4,50
1618,79,1.800966501235962,0.07007405906915665,1.6724962722030556,1.0,5,50
1618,80,1.800966501235962,0.07007405906915665,1.6508456494101045,1.0,6,50
1618,81,1.800966501235962,0.07007405906915665,1.6698960541363757,1.0,7,50
1618,82,1.800966501235962,0.07007405906915665,1.6774691613935362,1.0,8,50
1618,83,1.800966501235962,0.07007405906915665,1.6965731009588603,1.0,9,50
1618,84,1.800966501235962,0.07007405906915665,1.7005716169285834,1.0,10,50
1618,85,1.800966501235962,0.07007405906915665,1.7096183618174852,1.0,11,50
1618,86,1.800966501235962,0.07007405906915665,1.7532260102627437,1.0,12,50
1618,87,1.800966501235962,0.07007405906915665,1.7389245058507428,1.0,13,50
1618,88,1.800966501235962,0.07007405906915665,1.7251776572335527,1.0,14,50
1618,89,1.800966501235962,0.07007405906915665,1.7089485133566924,1.0,15,50
1618,90,1.800966501235962,0.07007405906915665,1.7040927106059474,1.0,16,50
1618,91,1.800966501235962,0.07007405906915665,1.7062769494883931,1.0,17,50
1618,92,1.800966501235962,0.07007405906915665,1.6946649109447587,1.0,18,50
1618,93,1.800966501235962,0.07007405906915665,1.6759830724996767,1.0,19,50
1618,94,1.800966501235962,0.07007405906915665,1.6810439450992576,1.0,0,50
1618,95,1.800966501235962,0.07007405906915665,1.6787723556215197,1.0,1,50
1618,96,1.800966501235962,0.07007405906915665,1.6623220215468208,1.0,2,50
1618,97,1.800966501235962,0.07007405906915665,1.6931344968955795,1.0,3,50
1618,98,1.800966501235962,0.07007405906915665,1.7079414046764645,1.0,4,50
1618,99,1.800966501235962,0.07007405906915665,1.7150315774194995,1.0,5,50
1618,100,1.800966501235962,0.07007405906915665,1.7262463806711144,1.0,6,50
1618,101,1.800966501235962,0.07007405906915665,1.7299207899478364,1.0,7,50
1618,102,1.800966501235962,0.07007405906915665,1.6991239135450342,1.0,8,50
1618,103,1.800966501235962,0.07007405906915665,1.6991079931939892,1.0,9,50
1618,104,1.800966501235962,0.07007405906915665,1.6891398871659606,1.0,10,50
1618,105,1.800966501235962,0.07007405906915665,1.693253668217791,1.0,11,50
1618,106,1.800966501235962,0.07007405906915665,1.685994397940746,1.0,12,50
1618,107,1.800966501235962,0.07007405906915665,1.7019930908525067,1.0,13,50
1618,108,1.800966501235962,0.07007405906915665,1.7031915810643863,1.0,14,50
1618,109,1.800966501235962,0.07007405906915665,1.687961644808784,1.0,15,50
1618,110,1.800966501235962,0.07007405906915665,1.6830122824665972,1.0,16,50
1618,111,1.800966501235962,0.07007405906915665,1.7038656452587597,1.0,17,50
1618,112,1.800966501235962,0.07007405906915665,1.6948792766006375,1.0,18,50
1618,113,1.800966501235962,0.07007405906915665,1.6944513419259635,1.0,19,50
1618,114,1.800966501235962,0.07007405906915665,1.7212738740693134,1.0,0,50
1618,115,1.800966501235962,0.07007405906915665,1.7050314505067747,1.0,1,50
1618,116,1.800966501235962,0.07007405906915665,1.6901374480768796,1.0,2,50
1618,117,1.800966501235962,0.07007405906915665,1.6827919298404255,1.0,3,50
1618,118,1.800966501235962,0.07007405906915665,1.7023722828343406,1.0,4,50
1618,119,1.800966501235962,0.07007405906915665,1.7238808282529892,1.0,5,50
1618,120,1.800966501235962,0.07007405906915665,1.7404732890060008,1.0,6,50
1618,121,1.800966501235962,0.07007405906915665,1.7296452739464019,1.0,7,50
1618,122,1.800966501235962,0.07007405906915665,1.7181493493222348,1.0,8,50
1618,123,1.800966501235962,0.07007405906915665,1.7188477078398006,1.0,9,50
1618,124,1.800966501235962,0.07007405906915665,1.712075409869145,1.0,10,50
1618,125,1.800966501235962,0.07007405906915665,1.7048497040931954,1.0,11,50
1618,126,1.800966501235962,0.07007405906915665,1.7039011973947542,1.0,12,50
1618,127,1.800966501235962,0.07007405906915665,1.6920491166841967,1.0,13,50
1618,128,1.800966501235962,0.07007405906915665,1.689808766407952,1.0,14,50
1618,129,1.800966501235962,0.07007405906915665,1.6835826329512893,1.0,15,50
1618,130,1.800966501235962,0.07007405906915665,1.6794758751953027,1.0,16,50
1618,131,1.800966501235962,0.07007405906915665,1.686710603710883,1.0,17,50
1618,132,1.800966501235962,0.07007405906915665,1.6901966138361668,1.0,18,50
1618,133,1.800966501235962,0.07007405906915665,1.7155027940894796,1.0,19,50
1618,134,1.800966501235962,0.07007405906915665,1.7061512658555589,1.0,0,50
1618,135,1.800966501235962,0.07007405906915665,1.6912177369899557,1.0,1,50
1618,136,1.800966501235962,0.07007405906915665,1.6502046461159,1.0,2,50
1618,137,1.800966501235962,0.07007405906915665,1.6207756214220026,1.0,3,50
1618,138,1.800966501235962,0.07007405906915665,1.618421015484628,1.0,4,50
1618,139,1.800966501235962,0.07007405906915665,1.6210309633097257,1.0,5,50
1618,140,1.800966501235962,0.07007405906915665,1.6258180292931,1.0,6,50
1618,141,1.800966501235962,0.07007405906915665,1.6265467704011196,1.0,7,50
1618,142,1.800966501235962,0.07007405906915665,1.6441395876839673,1.0,8,50
1618,143,1.800966501235962,0.07007405906915665,1.650324871724777,1.0,9,50
1618,144,1.800966501235962,0.07007405906915665,1.6495641331502868,1.0,10,50
1618,145,1.800966501235962,0.07007405906915665,1.6507726307821364,1.0,11,50
1618,146,1.800966501235962,0.07007405906915665,1.6737208335335088,1.0,12,50
1618,147,1.800966501235962,0.07007405906915665,1.6600787879847814,1.0,13,50
1618,148,1.800966501235962,0.07007405906915665,1.6671543472173698,1.0,14,50
1618,149,1.800966501235962,0.07007405906915665,1.6795832818531902,1.0,15,50
1618,150,1.800966501235962,0.07007405906915665,1.687438074058027,1.0,16,50
1618,151,1.800966501235962,0.07007405906915665,1.692775945587597,1.0,17,50
1618,152,1.800966501235962,0.07007405906915665,1.6832210943051504,1.0,18,50
1618,153,1.800966501235962,0.07007405906915665,1.6763783316464382,1.0,19,50
1618,154,1.800966501235962,0.07007405906915665,1.7164182611174954,1.0,0,50
1618,155,1.800966501235962,0.07007405906915665,1.704851658302943,1.0,1,50
1618,156,1.800966501235962,0.07007405906915665,1.6962229761450407,1.0,2,50
1618,157,1.800966501235962,0.07007405906915665,1.6904913756894349,1.0,3,50
1618,158,1.800966501235962,0.07007405906915665,1.6742547845796325,1.0,4,50
1618,159,1.800966501235962,0.07007405906915665,1.6760775143614872,1.0,5,50
1618,160,1.800966501235962,0.07007405906915665,1.6724652357883976,1.0,6,50
1618,161,1.800966501235962,0.07007405906915665,1.6743677838236133,1.0,7,50
1618,162,1.800966501235962,0.07007405906915665,1.6840662909574546,1.0,8,50
1618,163,1.800966501235962,0.07007405906915665,1.6671861363328546,1.0,9,50
1618,164,1.800966501235962,0.07007405906915665,1.6146041800573023,1.0,10,50
1618,165,1.800966501235962,0.07007405906915665,1.6247043992579786,1.0,11,50
1618,166,1.800966501235962,0.07007405906915665,1.643281784146817,1.0,12,50
1618,167,1.800966501235962,0.07007405906915665,1.6646187435991004,1.0,13,50
1618,168,1.800966501235962,0.07007405906915665,1.6593744901779186,1.0,14,50
1618,169,1.800966501235962,0.07007405906915665,1.6447362657145443,1.0,15,50
1618,170,1.800966501235962,0.07007405906915665,1.6503291871110775,1.0,16,50
1618,171,1.800966501235962,0.07007405906915665,1.6772488776197947,1.0,17,50
1618,172,1.800966501235962,0.07007405906915665,1.6835385355586907,1.0,18,50
1618,173,1.800966501235962,0.07007405906915665,1.6638812276997992,1.0,19,50
1618,174,1.800966501235962,0.07007405906915665,1.6921484398203022,1.0,0,50
1618,175,1.800966501235962,0.07007405906915665,1.6806336379380744,1.0,1,50
1618,176,1.800966501235962,0.07007405906915665,1.6634933584044944,1.0,2,50
1618,177,1.800966501235962,0.07007405906915665,1.6642931683052535,1.0,3,50
1618,178,1.800966501235962,0.07007405906915665,1.6540509999849746,1.0,4,50
1618,179,1.800966501235962,0.07007405906915665,1.644414854677882,1.0,5,50
1618,180,1.800966501235962,0.07007405906915665,1.644023438071284,1.0,6,50
1618,181,1.800966501235962,0.07007405906915665,1.6175989069318204,1.0,7,50
1618,182,1.800966501235962,0.07007405906915665,1.6423242385503423,1.0,8,50
1618,183,1.800966501235962,0.07007405906915665,1.6220735117534117,1.0,9,50
1618,184,1.800966501235962,0.07007405906915665,1.645510285871946,1.0,10,50
1618,185,1.800966501235962,0.07007405906915665,1.607702220132246,1.0,11,50
1618,186,1.800966501235962,0.07007405906915665,1.601928486395584,1.0,12,50
1618,187,1.800966501235962,0.07007405906915665,1.6264949803504616,1.0,13,50
1618,188,1.800966501235962,0.07007405906915665,1.6258748419065787,1.0,14,50
1618,189,1.800966501235962,0.07007405906915665,1.6398087941171016,1.0,15,50
1618,190,1.800966501235962,0.07007405906915665,1.6564118839011943,1.0,16,50
1618,191,1.800966501235962,0.07007405906915665,1.6435318200206448,1.0,17,50
1618,192,1.800966501235962,0.07007405906915665,1.654949813420757,1.0,18,50
1618,193,1.800966501235962,0.07007405906915665,1.658950106007928,1.0,19,50
1618,194,1.800966501235962,0.07007405906915665,1.6993188874270213,1.0,0,50
1618,195,1.800966501235962,0.07007405906915665,1.6699353541633493,1.0,1,50
1618,196,1.800966501235962,0.07007405906915665,1.651345229811809,1.0,2,50
1618,197,1.800966501235962,0.07007405906915665,1.6285439925046417,1.0,3,50
1618,198,1.800966501235962,0.07007405906915665,1.6241611752726726,1.0,4,50
1618,199,1.800966501235962,0.07007405906915665,1.6342435354370148,1.0,5,50
1618,200,1.800966501235962,0.07007405906915665,1.608865413892081,1.0,6,50
1618,201,1.800966501235962,0.07007405906915665,1.5949292526344663,1.0,7,50
1618,202,1.800966501235962,0.07007405906915665,1.604735009095964,1.0,8,50
1618,203,1.800966501235962,0.07007405906915665,1.5842584040146857,1.0,9,50
1618,204,1.800966501235962,0.07007405906915665,1.5819256831297361,1.0,10,50
1618,205,1.800966501235962,0.07007405906915665,1.6025031032979835,1.0,11,50
1618,206,1.800966501235962,0.07007405906915665,1.624316174783043,1.0,12,50
1618,207,1.800966501235962,0.07007405906915665,1.6102442142709021,1.0,13,50
1618,208,1.800966501235962,0.07007405906915665,1.6234977543842413,1.0,14,50
1618,209,1.800966501235962,0.07007405906915665,1.6048826782167094,1.0,15,50
1618,210,1.800966501235962,0.07007405906915665,1.6098487724070583,1.0,16,50
1618,211,1.800966501235962,0.07007405906915665,1.5954448603267835,1.0,17,50
1618,212,1.800966501235962,0.07007405906915665,1.5791835495918953,1.0,18,50
1618,213,1.800966501235962,0.07007405906915665,1.6042116562468876,1.0,19,50
1618,214,1.800966501235962,0.07007405906915665,1.6317077283359809,1.0,0,50
1618,215,1.800966501235962,0.07007405906915665,1.6149280678929656,1.0,1,50
1618,216,1.800966501235962,0.07007405906915665,1.6163664132751487,1.0,2,50
1618,217,1.800966501235962,0.07007405906915665,1.635532006850931,1.0,3,50
1618,218,1.800966501235962,0.07007405906915665,1.6409877997681528,1.0,4,50
1618,219,1.800966501235962,0.07007405906915665,1.6167622684926117,1.0,5,50
1618,220,1.800966501235962,0.07007405906915665,1.613791836305179,1.0,6,50
1618,221,1.800966501235962,0.07007405906915665,1.6181910150963996,1.0,7,50
1618,222,1.800966501235962,0.07007405906915665,1.6108563906468234,1.0,8,50
1618,223,1.800966501235962,0.07007405906915665,1.614403854264649,1.0,9,50
1618,224,1.800966501235962,0.07007405906915665,1.605275159863676,1.0,10,50
1618,225,1.800966501235962,0.07007405906915665,1.5879167528107385,1.0,11,50
1618,226,1.800966501235962,0.07007405906915665,1.5551892054482375,1.0,12,50
1618,227,1.800966501235962,0.07007405906915665,1.555149829109131,1.0,13,50
1618,228,1.800966501235962,0.07007405906915665,1.5648757316891242,1.0,14,50
1618,229,1.800966501235962,0.07007405906915665,1.5638683256579666,1.0,15,50
1618,230,1.800966501235962,0.07007405906915665,1.577374507007984,1.0,16,50
1618,231,1.800966501235962,0.07007405906915665,1.547630590775748,1.0,17,50
1618,232,1.800966501235962,0.07007405906915665,1.5411209694580221,1.0,18,50
1618,233,1.800966501235962,0.07007405906915665,1.5187704070976593,1.0,19,50
1618,234,1.800966501235962,0.07007405906915665,1.5698747599723677,1.0,0,50
1618,235,1.800966501235962,0.07007405906915665,1.558058580046853,1.0,1,50
1618,236,1.800966501235962,0.07007405906915665,1.5274170199174695,1.0,2,50
1618,237,1.800966501235962,0.07007405906915665,1.541752624104563,1.0,3,50
1618,238,1.800966501235962,0.07007405906915665,1.5336311513904368,1.0,4,50
1618,239,1.800966501235962,0.07007405906915665,1.5271230625728522,1.0,5,50
1618,240,1.800966501235962,0.07007405906915665,1.5258252117053066,1.0,6,50
1618,241,1.800966501235962,0.07007405906915665,1.5121778312107377,1.0,7,50
1618,242,1.800966501235962,0.07007405906915665,1.5226688597035725,1.0,8,50
1618,243,1.800966501235962,0.07007405906915665,1.5463850978086766,1.0,9,50
1618,244,1.800966501235962,0.07007405906915665,1.5591812978747586,1.0,10,50
1618,245,1.800966501235962,0.07007405906915665,1.564759573870017,1.0,11,50
1618,246,1.800966501235962,0.07007405906915665,1.5701637390120076,1.0,12,50
1618,247,1.800966501235962,0.07007405906915665,1.5414320976715634,1.0,13,50
1618,248,1.800966501235962,0.07007405906915665,1.5145920281505352,1.0,14,50
1618,249,1.800966501235962,0.07007405906915665,1.5156481558995727,1.0,15,50
1618,250,1.800966501235962,0.07007405906915665,1.5080481893887945,1.0,16,50
2718,1,1.845125675201416,0.04917951300740242,1.729824327874098,1.0,0,23
2718,2,1.845125675201416,0.04917951300740242,1.7459416259603515,1.0,1,46
2718,3,1.845125675201416,0.04917951300740242,1.7217620706494792,1.0,2,50
2718,4,1.845125675201416,0.04917951300740242,1.733268486110091,1.0,3,50
2718,5,1.845125675201416,0.04917951300740242,1.7477320877148923,1.0,4,50
2718,6,1.845125675201416,0.04917951300740242,1.725548972259606,1.0,5,50
2718,7,1.845125675201416,0.04917951300740242,1.7125050644432656,1.0,6,50
2718,8,1.845125675201416,0.04917951300740242,1.7083274372283348,1.0,7,50
2718,9,1.845125675201416,0.04917951300740242,1.7006624813407976,1.0,8,50
2718,10,1.845125675201416,0.04917951300740242,1.7196407658145383,1.0,9,50
2718,11,1.845125675201416,0.04917951300740242,1.7045827851096196,1.0,10,50
2718,12,1.845125675201416,0.04917951300740242,1.6982654113804627,1.0,11,50
2718,13,1.845125675201416,0.04917951300740242,1.6863224177783596,1.0,12,50
2718,14,1.845125675201416,0.04917951300740242,1.6936512914341197,1.0,13,50
2718,15,1.845125675201416,0.04917951300740242,1.6869903873562189,1.0,14,50
2718,16,1.845125675201416,0.04917951300740242,1.7063749421482022,1.0,15,50
2718,17,1.845125675201416,0.04917951300740242,1.7369445427288082,1.0,16,50
2718,18,1.8393487930297852,0.054744310677051544,1.6961343636707544,1.0,0,50
2718,19,1.8393487930297852,0.054744310677051544,1.7124064864463644,1.0,1,50
2718,20,1.8393487930297852,0.054744310677051544,1.7293479823761875,1.0,2,50
2718,21,1.8393487930297852,0.054744310677051544,1.7450064765912068,1.0,3,50
2718,22,1.8393487930297852,0.054744310677051544,1.7124055192572962,1.0,4,50
2718,23,1.8393487930297852,0.054744310677051544,1.7311907561751076,1.0,5,50
2718,24,1.8393487930297852,0.054744310677051544,1.7284987363898057,1.0,6,50
2718,25,1.8393487930297852,0.054744310677051544,1.6911909175009563,1.0,7,50
2718,26,1.8393487930297852,0.054744310677051544,1.702983519187073,1.0,8,50
2718,27,1.8393487930297852,0.054744310677051544,1.7388645081703378,1.0,9,50
2718,28,1.8393487930297852,0.054744310677051544,1.730935763005297,1.0,10,50
2718,29,1.8393487930297852,0.054744310677051544,1.7297463334993264,1.0,11,50
2718,30,1.8393487930297852,0.054744310677051544,1.7303188342706357,1.0,12,50
2718,31,1.8393487930297852,0.054744310677051544,1.7345033530265126,1.0,13,50
2718,32,1.8393487930297852,0.054744310677051544,1.7607662498779362,1.0,14,50
2718,33,1.8393487930297852,0.054744310677051544,1.7458957669303625,1.0,15,50
2718,34,1.8393487930297852,0.054744310677051544,1.741069082752686,1.0,16,50
2718,35,1.8393487930297852,0.054744310677051544,1.7285526359204533,1.0,17,50
2718,36,1.8393487930297852,0.054744310677051544,1.730416072043448,1.0,18,50
2718,37,1.8393487930297852,0.054744310677051544,1.742575922448263,1.0,19,50
2718,38,1.8393487930297852,0.054744310677051544,1.7495898224778426,1.0,0,50
2718,39,1.8393487930297852,0.054744310677051544,1.7144926368234858,1.0,1,50
2718,40,1.8393487930297852,0.054744310677051544,1.7015782116120635,1.0,2,50
2718,41,1.8393487930297852,0.054744310677051544,1.7004342457393855,1.0,3,50
2718,42,1.8393487930297852,0.054744310677051544,1.6734571143424386,1.0,4,50
2718,43,1.8393487930297852,0.054744310677051544,1.7098119357285033,1.0,5,50
2718,44,1.8393487930297852,0.054744310677051544,1.7025624747048698,1.0,6,50
2718,45,1.8393487930297852,0.054744310677051544,1.683223348929936,1.0,7,50
2718,46,1.8393487930297852,0.054744310677051544,1.6996190398046236,1.0,8,50
2718,47,1.8393487930297852,0.054744310677051544,1.7222154218974568,1.0,9,50
2718,48,1.8393487930297852,0.054744310677051544,1.720680038037609,1.0,10,50
2718,49,1.8393487930297852,0.054744310677051544,1.712095350433437,1.0,11,50
2718,50,1.8393487930297852,0.054744310677051544,1.691187955743805,1.0,12,50
2718,51,1.8393487930297852,0.054744310677051544,1.7019217789435594,1.0,13,50
2718,52,1.8393487930297852,0.054744310677051544,1.702387283590156,1.0,14,50
2718,53,1.8393487930297852,0.054744310677051544,1.7214070774976535,1.0,15,50
2718,54,1.8393487930297852,0.054744310677051544,1.6810331767455495,1.0,16,50
2718,55,1.8393487930297852,0.054744310677051544,1.6899901683917289,1.0,17,50
2718,56,1.8393487930297852,0.054744310677051544,1.692884313212697,1.0,18,50
2718,57,1.8393487930297852,0.054744310677051544,1.6952761429629575,1.0,19,50
2718,58,1.8393487930297852,0.054744310677051544,1.694066803348593,1.0,0,50
2718,59,1.8052133321762085,0.06167485564947128,1.698316395123457,1.0,0,50
2718,60,1.8052133321762085,0.06167485564947128,1.688417350870709,1.0,1,50
2718,61,1.8052133321762085,0.06167485564947128,1.6872896089146237,1.0,2,50
2718,62,1.8052133321762085,0.06167485564947128,1.6937530966415795,1.0,3,50
2718,63,1.8052133321762085,0.06167485564947128,1.7107705244711473,1.0,4,50
2718,64,1.8052133321762085,0.06167485564947128,1.6939974827594462,1.0,5,50
2718,65,1.8052133321762085,0.06167485564947128,1.696649453164047,1.0,6,50
2718,66,1.8052133321762085,0.06167485564947128,1.692042723282929,1.0,7,50
2718,67,1.8052133321762085,0.06167485564947128,1.6898542248196993,1.0,8,50
2718,68,1.8052133321762085,0.06167485564947128,1.7187093366332762,1.0,9,50
2718,69,1.8052133321762085,0.06167485564947128,1.7292955917886264,1.0,10,50
2718,70,1.8052133321762085,0.06167485564947128,1.726457329164744,1.0,11,50
2718,71,1.8052133321762085,0.06167485564947128,1.6921901322718889,1.0,12,50
2718,72,1.8052133321762085,0.06167485564947128,1.6709367070165162,1.0,13,50
2718,73,1.8052133321762085,0.06167485564947128,1.6708410908308295,1.0,14,50
2718,74,1.8052133321762085,0.06167485564947128,1.662992449397861,1.0,15,50
2718,75,1.8052133321762085,0.06167485564947128,1.6583993710990554,1.0,16,50
2718,76,1.8052133321762085,0.06167485564947128,1.6834516928547605,1.0,17,50
2718,77,1.8052133321762085,0.06167485564947128,1.6940080478281194,1.0,18,50
2718,78,1.8052133321762085,0.06167485564947128,1.6719915737898372,1.0,19,50
2718,79,1.8052133321762085,0.06167485564947128,1.69582982534666,1.0,0,50
2718,80,1.8052133321762085,0.06167485564947128,1.6786942692050648,1.0,1,50
2718,81,1.8052133321762085,0.06167485564947128,1.648909336124782,1.0,2,50
2718,82,1.8052133321762085,0.06167485564947128,1.655918321620841,1.0,3,50
2718,83,1.8052133321762085,0.06167485564947128,1.651873425968856,1.0,4,50
2718,84,1.8052133321762085,0.06167485564947128,1.6386591887423965,1.0,5,50
2718,85,1.8052133321762085,0.06167485564947128,1.653713434731909,1.0,6,50
2718,86,1.8052133321762085,0.06167485564947128,1.665602205201955,1.0,7,50
2718,87,1.8052133321762085,0.06167485564947128,1.684111570835659,1.0,8,50
2718,88,1.8052133321762085,0.06167485564947128,1.6666486716403381,1.0,9,50
2718,89,1.8052133321762085,0.06167485564947128,1.6900902763405115,1.0,10,50
2718,90,1.8052133321762085,0.06167485564947128,1.6770218021442735,1.0,11,50
2718,91,1.8052133321762085,0.06167485564947128,1.6749939880214924,1.0,12,50
2718,92,1.8052133321762085,0.06167485564947128,1.6722751088664811,1.0,13,50
2718,93,1.8052133321762085,0.06167485564947128,1.6965194459937842,1.0,14,50
2718,94,1.8052133321762085,0.06167485564947128,1.6865573352148275,1.0,15,50
2718,95,1.8052133321762085,0.06167485564947128,1.6740645568053676,1.0,16,50
2718,96,1.8052133321762085,0.06167485564947128,1.6696920449363069,1.0,17,50
2718,97,1.8052133321762085,0.06167485564947128,1.697036249237639,1.0,18,50
2718,98,1.8052133321762085,0.06167485564947128,1.6951686526009606,1.0,19,50
2718,99,1.8052133321762085,0.06167485564947128,1.7008036354584835,1.0,0,50
2718,100,1.8052133321762085,0.06167485564947128,1.6725201438186021,1.0,1,50
2718,101,1.8052133321762085,0.06167485564947128,1.6851619554787305,1.0,2,50
2718,102,1.8052133321762085,0.06167485564947128,1.6581547451503194,1.0,3,50
2718,103,1.8052133321762085,0.06167485564947128,1.6429115680381068,1.0,4,50
2718,104,1.8052133321762085,0.06167485564947128,1.660528526638405,1.0,5,50
2718,105,1.8052133321762085,0.06167485564947128,1.672717300044772,1.0,6,50
2718,106,1.8052133321762085,0.06167485564947128,1.6794010618841517,1.0,7,50
2718,107,1.8052133321762085,0.06167485564947128,1.6730261385256036,1.0,8,50
2718,108,1.8052133321762085,0.06167485564947128,1.6589456627928432,1.0,9,50
2718,109,1.8052133321762085,0.06167485564947128,1.677196748000609,1.0,10,50
2718,110,1.8052133321762085,0.06167485564947128,1.6912515782907689,1.0,11,50
2718,111,1.8052133321762085,0.06167485564947128,1.6816308333631023,1.0,12,50
2718,112,1.8052133321762085,0.06167485564947128,1.6571769924009037,1.0,13,50
2718,113,1.8052133321762085,0.06167485564947128,1.6524049724872398,1.0,14,50
2718,114,1.8052133321762085,0.06167485564947128,1.6326448425847264,1.0,15,50
2718,115,1.8052133321762085,0.06167485564947128,1.6476646343487473,1.0,16,50
2718,116,1.8052133321762085,0.06167485564947128,1.6316964994807306,1.0,17,50
2718,117,1.8052133321762085,0.06167485564947128,1.6301799510131216,1.0,18,50
2718,118,1.8052133321762085,0.06167485564947128,1.648134287369378,1.0,19,50
2718,119,1.8052133321762085,0.06167485564947128,1.665340688994407,1.0,0,50
2718,120,1.8052133321762085,0.06167485564947128,1.656388807718468,1.0,1,50
2718,121,1.8052133321762085,0.06167485564947128,1.6616258992194424,1.0,2,50
2718,122,1.8052133321762085,0.06167485564947128,1.6604119570732745,1.0,3,50
2718,123,1.8052133321762085,0.06167485564947128,1.679370317990481,1.0,4,50
2718,124,1.8052133321762085,0.06167485564947128,1.6688519800493418,1.0,5,50
2718,125,1.8052133321762085,0.06167485564947128,1.6589992262152402,1.0,6,50
2718,126,1.8052133321762085,0.06167485564947128,1.6804604137003156,1.0,7,50
2718,127,1.8052133321762085,0.06167485564947128,1.6772992828449123,1.0,8,50
2718,128,1.789769172668457,0.08289878070354462,1.6661116487584633,1.0,0,50
2718,129,1.789769172668457,0.08289878070354462,1.6909692748679295,1.0,1,50
2718,130,1.789769172668457,0.08289878070354462,1.6864670461362417,1.0,2,50
2718,131,1.789769172668457,0.08289878070354462,1.6633828042436285,1.0,3,50
2718,132,1.789769172668457,0.08289878070354462,1.675572419169326,1.0,4,50
2718,133,1.789769172668457,0.08289878070354462,1.6546492141429732,1.0,5,50
2718,134,1.789769172668457,0.08289878070354462,1.6671500785345226,1.0,6,50
2718,135,1.789769172668457,0.08289878070354462,1.6666409377396934,1.0,7,50
2718,136,1.789769172668457,0.08289878070354462,1.6548389586322332,1.0,8,50
2718,137,1.789769172668457,0.08289878070354462,1.6605276210053264,1.0,9,50
2718,138,1.789769172668457,0.08289878070354462,1.648436980958039,1.0,10,50
2718,139,1.789769172668457,0.08289878070354462,1.6389963122124178,1.0,11,50
2718,140,1.789769172668457,0.08289878070354462,1.6577215859210896,1.0,12,50
2718,141,1.789769172668457,0.08289878070354462,1.6539988560532282,1.0,13,50
2718,142,1.789769172668457,0.08289878070354462,1.6483778250298688,1.0,14,50
2718,143,1.789769172668457,0.08289878070354462,1.6370203778530035,1.0,15,50
2718,144,1.789769172668457,0.08289878070354462,1.6328410460913185,1.0,16,50
2718,145,1.789769172668457,0.08289878070354462,1.6176688337878242,1.0,17,50
2718,146,1.789769172668457,0.08289878070354462,1.612139532672291,1.0,18,50
2718,147,1.789769172668457,0.08289878070354462,1.6075180367681714,1.0,19,50
2718,148,1.789769172668457,0.08289878070354462,1.6542257564049796,1.0,0,50
2718,149,1.789769172668457,0.08289878070354462,1.6340157864362206,1.0,1,50
2718,150,1.789769172668457,0.08289878070354462,1.653410401212974,1.0,2,50
2718,151,1.789769172668457,0.08289878070354462,1.665004344320547,1.0,3,50
2718,152,1.789769172668457,0.08289878070354462,1.684676145299302,1.0,4,50
2718,153,1.789769172668457,0.08289878070354462,1.659764209837697,1.0,5,50
2718,154,1.789769172668457,0.08289878070354462,1.658815569288202,1.0,6,50
2718,155,1.789769172668457,0.08289878070354462,1.6572065963826819,1.0,7,50
2718,156,1.789769172668457,0.08289878070354462,1.6373007484089819,1.0,8,50
2718,157,1.789769172668457,0.08289878070354462,1.618176554444577,1.0,9,50
2718,158,1.789769172668457,0.08289878070354462,1.6349824574173388,1.0,10,50
2718,159,1.789769172668457,0.08289878070354462,1.6549237634492546,1.0,11,50
2718,160,1.789769172668457,0.08289878070354462,1.6388989447357734,1.0,12,50
2718,161,1.789769172668457,0.08289878070354462,1.6325111460662065,1.0,13,50
2718,162,1.789769172668457,0.08289878070354462,1.6527661887899439,1.0,14,50
2718,163,1.789769172668457,0.08289878070354462,1.6647187246968054,1.0,15,50
2718,164,1.789769172668457,0.08289878070354462,1.6404287149224426,1.0,16,50
2718,165,1.789769172668457,0.08289878070354462,1.6415835405500379,1.0,17,50
2718,166,1.789769172668457,0.08289878070354462,1.6071027746612292,1.0,18,50
2718,167,1.789769172668457,0.08289878070354462,1.640459686580486,1.0,19,50
2718,168,1.789769172668457,0.08289878070354462,1.6883700434935658,1.0,0,50
2718,169,1.789769172668457,0.08289878070354462,1.6906354824055443,1.0,1,50
2718,170,1.789769172668457,0.08289878070354462,1.6915326105926374,1.0,2,50
2718,171,1.789769172668457,0.08289878070354462,1.683853588241547,1.0,3,50
2718,172,1.789769172668457,0.08289878070354462,1.6667631836031755,1.0,4,50
2718,173,1.789769172668457,0.08289878070354462,1.643197786641192,1.0,5,50
2718,174,1.789769172668457,0.08289878070354462,1.6327806262162914,1.0,6,50
2718,175,1.789769172668457,0.08289878070354462,1.6016682976066348,1.0,7,50
2718,176,1.789769172668457,0.08289878070354462,1.604639604558171,1.0,8,50
2718,177,1.789769172668457,0.08289878070354462,1.6224726099694624,1.0,9,50
2718,178,1.789769172668457,0.08289878070354462,1.6088052231058085,1.0,10,50
2718,179,1.789769172668457,0.08289878070354462,1.6127986316752811,1.0,11,50
2718,180,1.789769172668457,0.08289878070354462,1.6161127249257288,1.0,12,50
2718,181,1.789769172668457,0.08289878070354462,1.609507563466113,1.0,13,50
2718,182,1.789769172668457,0.08289878070354462,1.6178637898400494,1.0,14,50
2718,183,1.789769172668457,0.08289878070354462,1.6137324734017613,1.0,15,50
2718,184,1.789769172668457,0.08289878070354462,1.622149663540039,1.0,16,50
2718,185,1.789769172668457,0.08289878070354462,1.6318106027233428,1.0,17,50
2718,186,1.789769172668457,0.08289878070354462,1.6146979016822627,1.0,18,50
2718,187,1.789769172668457,0.08289878070354462,1.6096931749716241,1.0,19,50
2718,188,1.789769172668457,0.08289878070354462,1.6580483873102998,1.0,0,50
2718,189,1.789769172668457,0.08289878070354462,1.6485477098737438,1.0,1,50
2718,190,1.789769172668457,0.08289878070354462,1.6541843020729166,1.0,2,50
2718,191,1.789769172668457,0.08289878070354462,1.641221565305085,1.0,3,50
2718,192,1.789769172668457,0.08289878070354462,1.5953841214672388,1.0,4,50
2718,193,1.789769172668457,0.08289878070354462,1.5764638077940727,1.0,5,50
2718,194,1.789769172668457,0.08289878070354462,1.572329515565703,1.0,6,50
2718,195,1.789769172668457,0.08289878070354462,1.5555831509655433,1.0,7,50
2718,196,1.789769172668457,0.08289878070354462,1.5833075933311702,1.0,8,50
2718,197,1.789769172668457,0.08289878070354462,1.5915601833813757,1.0,9,50
2718,198,1.789769172668457,0.08289878070354462,1.6048730432455167,1.0,10,50
2718,199,1.789769172668457,0.08289878070354462,1.6137973070619105,1.0,11,50
2718,200,1.789769172668457,0.08289878070354462,1.6044132429267988,1.0,12,50
2718,201,1.789769172668457,0.08289878070354462,1.6022855788709711,1.0,13,50
2718,202,1.789769172668457,0.08289878070354462,1.6143514801884113,1.0,14,50
2718,203,1.789769172668457,0.08289878070354462,1.6207418359324521,1.0,15,50
2718,204,1.789769172668457,0.08289878070354462,1.6058265144831723,1.0,16,50
2718,205,1.789769172668457,0.08289878070354462,1.6077316851427197,1.0,17,50
2718,206,1.789769172668457,0.08289878070354462,1.6267032339085365,1.0,18,50
2718,207,1.789769172668457,0.08289878070354462,1.635532416073464,1.0,19,50
2718,208,1.789769172668457,0.08289878070354462,1.6656219565723878,1.0,0,50
2718,209,1.789769172668457,0.08289878070354462,1.6522258039041953,1.0,1,50
2718,210,1.789769172668457,0.08289878070354462,1.6155780742170438,1.0,2,50
2718,211,1.789769172668457,0.08289878070354462,1.6098398732960724,1.0,3,50
2718,212,1.789769172668457,0.08289878070354462,1.5919884650007103,1.0,4,50
2718,213,1.789769172668457,0.08289878070354462,1.621047034874314,1.0,5,50
2718,214,1.789769172668457,0.08289878070354462,1.624668899758512,1.0,6,50
2718,215,1.789769172668457,0.08289878070354462,1.6311752980769731,1.0,7,50
2718,216,1.789769172668457,0.08289878070354462,1.612332454115863,1.0,8,50
2718,217,1.789769172668457,0.08289878070354462,1.5907510978376982,1.0,9,50
2718,218,1.789769172668457,0.08289878070354462,1.563523940977773,1.0,10,50
2718,219,1.789769172668457,0.08289878070354462,1.536569117450105,1.0,11,50
2718,220,1.789769172668457,0.08289878070354462,1.5258770925776917,1.0,12,50
2718,221,1.789769172668457,0.08289878070354462,1.5026037116039757,1.0,13,50
2718,222,1.789769172668457,0.08289878070354462,1.4972347889422275,1.0,14,50
2718,223,1.789769172668457,0.08289878070354462,1.4934779977523256,1.0,15,50
2718,224,1.789769172668457,0.08289878070354462,1.5075694321669753,1.0,16,50
2718,225,1.789769172668457,0.08289878070354462,1.483338325043393,1.0,17,50
2718,226,1.789769172668457,0.08289878070354462,1.4753691367384778,1.0,18,50
2718,227,1.789769172668457,0.08289878070354462,1.505962147207847,1.0,19,50
2718,228,1.789769172668457,0.08289878070354462,1.555930465919836,1.0,0,50
2718,229,1.789769172668457,0.08289878070354462,1.5001161174527256,1.0,1,50
2718,230,1.789769172668457,0.08289878070354462,1.520783591331892,1.0,2,50
2718,231,1.789769172668457,0.08289878070354462,1.530726960090536,1.0,3,50
2718,232,1.789769172668457,0.08289878070354462,1.5409207487732555,1.0,4,50
2718,233,1.789769172668457,0.08289878070354462,1.5624344200750688,1.0,5,50
2718,234,1.789769172668457,0.08289878070354462,1.5557974976399407,1.0,6,50
2718,235,1.789769172668457,0.08289878070354462,1.554820900004102,1.0,7,50
2718,236,1.789769172668457,0.08289878070354462,1.5906964376497081,1.0,8,50
2718,237,1.789769172668457,0.08289878070354462,1.6157572257770938,1.0,9,50
2718,238,1.789769172668457,0.08289878070354462,1.6212144555038868,1.0,10,50
2718,239,1.789769172668457,0.08289878070354462,1.6132529655211412,1.0,11,50
2718,240,1.789769172668457,0.08289878070354462,1.6099954286059353,1.0,12,50
2718,241,1.789769172668457,0.08289878070354462,1.6045691612705184,1.0,13,50
2718,242,1.789769172668457,0.08289878070354462,1.5965606455019192,1.0,14,50
2718,243,1.789769172668457,0.08289878070354462,1.6131774812742579,1.0,15,50
2718,244,1.789769172668457,0.08289878070354462,1.6003442352324435,1.0,16,50
2718,245,1.789769172668457,0.08289878070354462,1.599389329384221,1.0,17,50
2718,246,1.789769172668457,0.08289878070354462,1.586575334215776,1.0,18,50
2718,247,1.789769172668457,0.08289878070354462,1.5970539899868732,1.0,19,50
2718,248,1.789769172668457,0.08289878070354462,1.6050211045817944,1.0,0,50
2718,249,1.789769172668457,0.08289878070354462,1.6020718408953474,1.0,1,50
2718,250,1.789769172668457,0.08289878070354462,1.604710322037571,1.0,2,50
